Geneid	Length
Myo81F	6246
Pzl	6481
spok	1659
Parp	2982
Alg-2	534
Tim17b	519
CG41128	216
CG41099	3376
CG42402	2341
Gfat1	2191
CG40198	552
CG12581	1995
Dsk	423
beta-Man	2724
CG14636	1167
aux	3495
CG31516	744
DhpD	1344
CG14641	1254
abs	1857
Gel	2399
CG14642	1176
CG34305	237
TwdlF	1062
TwdlG	834
CG14644	879
TwdlV	753
Or82a	1155
CG1092	1182
CG9766	1020
cpx	626
CG9780	1776
Vps24	669
MP1	1227
Suv3	2289
Syt14	1944
CG9795	2215
CG9776	3788
Skp2	1677
CG14645	291
CG1103	690
hkb	891
CG1090	2087
Sfxn1-3	963
Cont	4170
tub	1386
CG14646	1227
CG34112	437
CG9855	1146
CG9853	1017
CG14647	1005
lost	1635
CG32944	1783
CG31528	1032
srl	3201
CG31525	948
eIF3a	3420
CG1074	1464
CG9804	702
CG14650	2910
CG31522	1176
CG31523	1062
CG14651	3237
Fip1	2103
CG34357	5219
CG34425	1596
Mur82C	1734
CG32945	498
5-HT2A	2792
CG9775	1373
slx1	891
MED31	625
Dlip2	678
rpk	1704
Karybeta3	3315
spartin	1659
CG43427	6990
CG33927	546
eIF3f1	840
Nep2	2322
tacc	4151
atms	1614
CG44098	2592
CG44088	372
CG14655	1575
CG17387	2901
ctrip	9420
Hus1-like	834
CG1129	1107
CG1126	1143
CG14657	1333
CG14658	399
CG14659	291
opa	1827
laf	2265
Gnf1	3024
Cdep	14667
Ubc6	453
CG14661	738
CG2016	762
CG1124	738
CG14662	1650
plh	579
corto	1650
CG43131	363
CG12007	1545
CG12589	288
dpr16	1495
CG12590	999
cno	8277
Prosbeta2R2	966
CG1116	1329
CG2604	1290
CG14664	252
Vps37B	642
Kat60	1815
Mms19	2877
rtp	594
CG12163	2367
CG33293	258
CG1113	1686
CG12173	768
Hph	1532
Tim17a2	672
mtd	4959
CG31538	1689
Tim17b1	537
CG11999	648
CG1161	816
Prosbeta7	804
Cerk	2061
CG31542	597
CG34277	933
RpII18	393
hd	1704
CG14667	1011
7B2	828
kkv	5022
CG14668	810
CG1172	747
Or83a	1359
CG2663	924
Orco	1458
CG14669	1035
CG12147	1431
PEK	3577
RpL35A	471
POLDIP2	1293
mRpL44	963
Snr1	1110
CG45100	114
HDAC3	1314
Hcs	3141
ksr	2898
CG31550	2506
NKCC	3245
Nmdar1	2991
Itp-r83A	8511
CG43845	198
CG2519	3912
mia	1767
Pcmt	690
Snm1	2289
Pi4KIIalpha	2482
CG14671	465
CG12746	1089
CG2931	906
Rheb	546
CRMP	2006
CG2926	6933
rev7	594
noi	1509
Vha26	678
kra	1266
CG1427	1434
asl	2982
Rga	1755
Atu	2175
Spec2	255
CG2911	549
RpL13A	656
CG31551	4179
CG31549	771
CG12171	771
CG31546	792
CG31548	768
CG12170	1314
MTA1-like	2821
Sec23	2343
elm	567
MED27	879
CG2182	2013
Wdr33	2421
Xe7	2432
Atg17	4071
Rab23	804
plx	4797
CG2104	1272
cas	2379
CG1239	900
CG2100	1431
CG1236	1041
Sym	3495
Madm	1911
CG2091	1122
Sec8	2955
CG2082	1379
jagn	591
kat-60L1	2141
Hat1	1215
Rpn5	1506
CG1218	1347
CG2046	705
CG10979	2877
CG11000	996
CG42675	1494
Hpr1	2103
CG46303	264
CG2023	681
dgrn	957
glob3	588
CG1208	1533
CG1213	1473
CG14676	732
disp	3654
CG34287	705
ECSIT	1227
CG2017	1929
CG34113	5067
CG11373	177
Obp83a	522
Obp83b	423
Rm62	2385
CG10280	1086
CG11459	1008
CG15580	2229
Or83c	1191
Gasp	826
Obp83cd	726
Obp83ef	735
Obp83g	438
Vha14-2	441
CG31559	1362
CG1077	2190
Osi1	924
NPFR	1468
Osi24	1599
Osi2	1170
Osi3	864
Osi4	1185
Osi5	606
Osi6	936
Osi7	864
Osi8	822
Osi9	699
Osi10	1728
Osi11	906
Osi12	885
CG15597	447
CG15594	969
Osi13	630
Osi14	804
Osi15	642
Osi16	834
CG46026	1998
CG31560	837
Osi17	2250
Osi18	918
Osi19	798
Osi20	840
CG17917	633
CG10298	561
CG17919	606
SmD2	357
CG18048	1323
Hr83	834
Pak	2520
CG42724	3628
CG10286	1875
CRAT	2003
CG42564	1500
CG1024	1629
CG42537	270
TfIIFalpha	1731
godzilla	1608
Dmtn	2056
gpp	6889
CG9727	3987
Zif	1164
Neurochondrin	2169
CG15186	3520
CG15185	1026
dpr11	1080
Pif2	354
CG1137	1137
CG2336	966
CG1138	870
CG31482	585
glob2	764
sowi	651
CG15177	675
sunz	660
CG31286	615
CG1315	1257
Taf1	6519
CG1307	558
twr	555
agt	582
lab	1887
Edg84A	564
Ccp84Ag	573
Ccp84Af	453
Ccp84Ae	624
Ccp84Ad	597
Ccp84Ac	651
Ccp84Ab	663
Ccp84Aa	615
pb	2346
zen2	756
CG34297	699
zen	1059
bcd	1482
Ama	1023
Dfd	1758
Scr	1251
ftz	1230
Antp	1139
Sodh-1	1080
CG1979	3141
dj	744
djl	858
CG1988	1734
CG1105	1266
CG1965	2725
Ufl1	2346
CG1943	354
Ref1	798
Dpck	708
Tailor	1689
alphaTub84B	1350
e(y)2b	285
Alh	7622
Mlp84B	1485
CG10098	1059
CG10068	948
CG31248	753
CG31493	752
Fer1	768
CG14610	441
CG2656	849
gfzf	3135
Sas-4	2703
MAGE	696
sas	5079
CG10055	1824
lap	2456
CG14609	1791
CG1288	561
CG14606	1398
CG14605	1296
thw	3411
CG14607	1203
CG1234	2466
CG10053	798
CG1227	960
CG10050	753
Obp84a	679
Gld	1875
Syt4	1422
rn	3993
RacGAP84C	1173
CG42544	360
CG10029	1230
CG44335	321
CG31496	807
nxf4	903
CG43290	366
CG17944	600
Mst84Dd	216
Mst84Dc	165
Mst84Db	222
Mst84Da	189
MstProx	2895
CG42650	564
Ir84a	1932
wa-cup	1740
CG14598	687
CG1142	843
alpha-Est10	1798
CG42656	156
alpha-Est9	1761
Mics1	1095
alpha-Est8	1722
Ubc84D	459
alpha-Est7	1716
alpha-Est6	1704
Rtnl2	765
alphaTub84D	1350
alpha-Est5	1629
alpha-Est4	1623
alpha-Est3	1653
alpha-Est2	1698
alpha-Est1	1695
CG45545	174
Nlg3	3477
Nlg1	4062
CG2616	1347
CG43254	396
pyd3	1158
CG10919	561
Sp7	1173
CG11286	573
CG18747	1254
CG18745	1299
CG18748	1227
CG18746	1314
CG10086	1407
CG2641	1287
CG18744	1230
CG3014	1464
CG18268	1074
CG2993	1664
sgll	738
CG31473	771
CG34384	5877
CG17816	2941
ArgRS-m	1782
mRpS9	1185
wtrw	3026
EMC1	2745
Taf7	1437
Prat	1638
CG2846	459
CG2678	1303
CG10445	2835
lds	3183
dsx	1805
CD98hc	1701
Os-C	459
Sfp84E	480
CG2781	987
PIG-H	663
Kmn2	285
CG2698	2740
CG2767	987
CG11052	447
CG3223	1245
CG10435	1485
Pbp95	2163
CG2747	6516
ImpE3	975
CG10903	828
CG11035	693
unc-45	2841
CG43060	285
CG43618	168
CG43061	159
mAChR-B	3057
CG7910	1590
CG7900	1608
puc	1428
CG7878	2109
CG9667	816
Gie	558
grn	2136
CheA84a	540
CG7800	1599
CG18249	1680
DNApol-iota	2211
Ada2b	1735
CG9636	912
CG18749	1473
CG33722	1434
CG15864	1470
mtg	1668
RpA-70	1809
Mcm2	2661
CG9630	1839
ato	936
CG11671	420
CG11672	720
CG31464	696
CG31463	1149
CG9626	5001
mRpL1	1062
nac	1011
Sgt1	534
tex	960
CG11693	997
CG11694	783
CG11698	786
CG7483	1197
Coq2	1176
Ctr1B	522
Poxm	1110
Or85a	1191
CG7443	417
COX7A	312
Arl2	552
CG9601	1569
COX7AL	318
DppIII	2358
CG7352	1398
Atg13	1569
stck	1058
CG9684	1926
CG7963	1012
CG45263	8097
Obp85a	540
Or85b	1170
Or85c	1167
CG11737	1365
CG31454	1365
CG31259	1365
CG11741	201
Or85d	1236
pch2	1263
mRpS18A	465
CG31460	423
Cenp-C	4233
5-HT2B	2841
Or85e	1401
Cyp313b1	1506
Mkk4	1272
SLIRP2	273
Dhod	1215
CG11753	480
CG42489	231
bel	2403
p	2478
CG8032	1749
CG8036	1878
mRpL19	918
CG9773	825
CG11755	462
CG8043	1044
CG33325	939
CG44227	159
hb	2274
Cks85A	288
CG8112	1699
TMEM216	408
CG11760	447
CG8136	1323
nom	1110
ouib	936
CG8159	1197
ranshi	1038
M1BP	1254
CG8202	2826
CG9801	2127
CG8223	1476
CG11768	1482
CG34135	606
CG8236	1320
CG13318	1215
CG34301	255
Pif1A	5124
Pif1B	3123
CG33191	1428
CG33189	531
Ir85a	1815
CCT7	1632
CG9839	1866
hng2	762
CG9837	621
CG9821	855
CG8369	282
IscU	462
CG8379	2121
pyd	10197
osk	1818
skap	1510
CG11964	1743
CG11966	1776
CAHbeta	770
RagA-B	933
CG11970	4974
E(var)3-9	1764
CG11975	1020
CG31100	2198
CG11977	822
CG11980	1077
Prosbeta3	615
CG11982	1140
CG11983	1263
Kcmf1	1797
Sf3b5	255
CG11986	1104
tgo	1926
neur	2287
hyx	1614
Nmdmc	927
Rel	2913
Mst85C	726
Kdm2	4035
beag	1671
Ada	1011
pum	4869
CG11997	1251
D1	1065
Vps15	4066
CG8420	1593
St2	948
CG16734	1329
CG16736	831
Ibf2	585
Ibf1	726
VhaM8.9	960
sage	804
TrpRS	1290
Vps16A	2499
CG8861	534
HP1e	522
CG12951	795
CG16749	795
Aduk	1578
pasi2	774
CG45050	807
CG43675	1116
CG18473	1050
CG8129	1407
FER	3978
Or85f	1176
CG34117	303
RpL34b	504
CG8132	849
CG9356	1344
CG8135	2082
CG42511	228
CG44261	294
betaTub85D	1338
Task7	1020
alpha-Man-IIa	3327
ps	2654
GstZ1	738
GstZ2	714
CG16779	5977
phu	1638
RhoL	642
CG8149	924
rump	1896
Ras85D	567
Rlb1	1389
mRpL47	813
JHDM2	2562
CG8176	3660
by	2160
mura	3519
RnpS1	1122
CG9386	1563
CG8199	1317
AP-1mu	1278
MBD-like	1020
CG9393	1020
Vps45	1722
CG16789	2495
CG16790	774
CG9396	453
CG9399	462
Kap-alpha3	1542
CG8273	2622
CG8301	1821
CG33654	504
P58IPK	1494
bocks	1197
CG8312	2598
CG9427	738
CG8319	1149
Calr	1218
SpdS	861
Scm	2631
Dh44	1068
Fst	858
CG9492	14256
CG43441	279
CG8358	2106
CG16817	552
nmdyn-D7	1161
CG9444	1671
eca	648
CG18542	747
Unc-115b	2529
p24-2	732
CG32939	747
Unc-115a	2713
trbd	2334
dmt	2571
hyd	8661
FoxP	1827
alphaTub85E	1347
CG12950	2817
Pnn	926
CG34409	1533
CG31415	471
CG12948	756
PpD3	1560
CG16908	3240
Rpt3R	1215
CG8412	2034
CG8417	1188
Snap24	636
CG8478	1728
MED6	747
CG8481	537
CG9471	612
Whamy	1890
topi	2442
RpS29	168
CG12947	1272
MtnA	120
CG8500	699
CG12945	1347
CG8507	1137
CG8516	2604
CG9467	2190
CG8526	1815
FBXO11	3546
CG8534	795
eloF	771
CG16904	786
CG9459	795
CG9458	792
CG42857	414
CG34302	510
Teh1	897
Glut4EF	2954
Art4	1590
Gr85a	1191
Spn85F	1920
CG5359	519
Mical	14388
CG31407	468
CG3909	993
CG11722	609
mtTFB2	1356
CG12811	609
ohgt	1755
Fancl	1143
Npc2e	504
Npc2d	519
Npc2c	495
CG33630	636
CG33631	585
CG33783	492
CG33784	549
nerfin-2	2325
CG5361	1437
Fmr1	2204
CG3940	912
gammaSnap2	849
ATPsynepsilonL	192
knk	2067
tws	1504
TAF1B	2616
CG42759	210
Invadolysin	2049
CG34303	417
CG6254	1902
Best1	2352
CG12814	1336
Syn	3123
Timp	630
CG12420	720
CG12817	513
CG34107	342
CG42795	9783
CG3999	2955
Sirt6	975
pont	1368
CG43143	8800
CG6293	1719
Bruce	14928
CG12818	864
sle	4297
CG12592	2022
CG18545	597
CG31406	747
jumu	2157
Rfx	3277
cwo	2094
mthl11	1596
CG6325	2676
Irp-1B	2697
Rrp46	699
CG6345	1749
CG46270	48
Cyp12e1	1566
hth	1605
CG6465	1203
CG14688	864
Skeletor	4551
pug	2966
CG14683	1068
CG31391	1440
CG31467	1440
CG14684	378
CG31278	725
CG31373	588
CG14689	1461
CG4073	879
tomboy20	441
TkR86C	1665
CG14691	1607
CG31272	1689
MED7	660
Cap-H2	3005
TfIIFbeta	831
CG45076	2048
fau	393
CG45078	489
Desi	783
CG42633	1122
mRpL37	1224
Rbp1	520
Art1	1128
Mcm5	2199
CG14687	414
CG14692	8553
CG14693	1878
CG4089	1548
Cad86C	5847
CG42394	231
CG4565	807
CG6567	705
CG4511	648
CG4570	825
CG14694	1338
CG6574	1332
SelR	818
Tsp86D	948
Fdh	1137
CG4596	1275
Sodh-2	1080
CG14695	867
Tpc1	996
CG14696	1371
Leash	1560
Adk3	648
CG6621	2616
Tengl4	1134
CG34114	3323
CG43449	234
CG6629	783
Ugt86Dd	1550
CG4706	2349
CheA86a	567
Ugt86Di	1557
Ugt86Dc	1563
Ugt86Da	1584
CG4757	1650
Ugt86Dg	1581
Ugt86De	1581
Ugt35b	1548
Ugt35a	1611
Ugt86Dj	1587
Ugt86Dh	1578
CG18577	342
cu	2265
SdhC	513
Tctp	516
ZnT86D	1098
RpS25	351
CG4820	1086
CG6689	1839
CG6693	897
RpL3	1415
scpr-C	786
CG17726	1311
GCC88	2085
CG17187	897
CG14701	258
Arfip	1065
CG17721	447
CG31441	1027
CG31388	1402
scpr-B	786
scpr-A	792
CG17734	528
CG5214	1404
pros	5592
KP78a	2115
KP78b	1812
mRpL40	588
mgr	582
Irbp	1893
Ranbp9	3054
CG6723	1761
CG45676	201
ninaG	1791
CG5270	6729
CG18643	475
RpL24-like	573
CG5276	1257
CG6744	1749
CG5281	1041
sals	2845
CG17230	1503
PGRP-LB	802
dpr5	1008
dpr4	969
CG14708	615
CG10898	1020
fabp	550
sea	951
Mrp4	3948
CG6790	2691
CG5342	2511
wkd	1089
CG6791	3744
Jupiter	1097
CG14710	1245
CG6808	1125
CG14711	1131
CG6813	882
CG18764	1227
CG14712	3798
Csk	3214
Elp1	3771
CG42327	4287
CG14715	414
CG18476	2808
Taf12	588
Ho	888
CG6830	2673
CG6834	2685
CG6908	1347
CG18765	1179
Fer3	585
CG14717	918
CG14718	1338
I-t	552
CG14720	573
CG12594	2058
CG14721	1035
Blm	4461
CG14722	1494
CG6923	3795
CG43062	522
Lk6	3433
l(3)neo38	1369
CG17360	4062
HisCl1	1370
Sbf	5979
ClC-a	4045
glo	1758
COX5A	447
CG6950	1350
CG6959	1275
sad	1560
CG6962	2301
CG31368	4458
mthl5	1491
CG6971	750
Cad87A	5925
CG34307	570
CG14731	1923
CG31211	2679
Hsp70Aa	1926
Hsp70Ab	1926
CG3281	1614
aurA	1233
CG12213	1743
GC1	963
Tango9	1143
GC2	957
CG10005	742
CG18547	1035
CG12224	684
CG3397	1026
mfas	2726
Tk	891
Ect3	1911
KLHL18	1746
GCC185	3405
DCAF12	1377
Spt3	1152
CG31358	1422
CG42505	609
CG42504	660
ssp5	2133
CG14736	1419
CG14739	618
CG14740	1434
ATP8B	5212
dpr17	1992
CG4702	942
dpr15	1986
Cpn	2592
eIF3d2	1653
CG43450	144
CG3809	1188
CG4830	1602
Cog1	2679
CG14742	222
CG4860	1245
CG10014	1263
CG17404	825
CG12256	849
CG3916	801
Pglym87	876
Cyp313a5	1461
Cyp313a2	1479
Cyp313a3	1476
CG3942	2217
svp	2543
CG44037	213
CG44038	150
CG17738	330
Sfp87B	261
CG4066	1764
CG10013	1395
CG44956	486
CG10038	975
CG10041	816
MBD-R2	3507
CG4115	660
Tim17a1	666
GstD10	630
GstD9	654
GstD1	627
GstD2	645
GstD3	597
GstD4	645
GstD5	648
GstD6	645
GstD7	672
GstD8	636
CG10035	858
GstD11	729
CG34402	2085
CG33098	752
CG10096	1506
CG10097	1503
Cyp9f3	1299
lig3	2418
Cyp9f2	1548
CG5167	1293
CG5196	1281
Dip-C	1473
pps	6054
Scgbeta	1056
CG17202	543
Pp1-87B	906
NANS	1116
CG5641	1188
CG5245	1503
Prosalpha2	702
Aos1	1011
CG5844	1134
Desat2	1083
CG17207	660
Desat1	1149
CG5538	1161
CG18549	1308
CG5509	417
trus	1455
CG5961	1326
CG12267	1566
CG5608	2061
Hsp70Ba	1923
Hsp70Bbb	1923
Hsp70Bb	1923
Hsp70Bc	1923
Octbeta3R	3768
Hug	573
Octbeta2R	1890
Vha55	1470
Snx3	501
Not10	1905
CG18530	1167
CG11598	1164
CG11600	1218
CG11608	1290
CG6753	1215
Dtg	1836
CG6225	2112
CG14395	3237
Gnmt	867
CG43630	144
mbo	2106
Cyp313a4	1482
kar	1868
Su(fu)	1404
CG31347	429
Arp1	1128
CG14391	405
NijC	822
Past1	1628
CG12279	330
mus308	6177
Men	2339
CG5724	1590
CG5999	1590
beat-Vc	840
CG31345	639
beat-Va	900
CG10126	687
d-cup	657
CG10909	1047
beat-Vb	984
grsm	2040
Spc25	666
Cyp304a1	1530
CG14384	495
CG7381	2136
CG7091	1527
Paip2	372
CG31342	2983
CG14383	996
yellow-f	1287
yellow-f2	1356
CG7488	1119
CG17327	417
CG44194	195
CG7518	7624
CG8031	885
CG11656	873
CtBP	1484
CG46280	1596
CG46281	702
l(3)87Df	330
ry	4005
CG11668	1194
snk	1305
CG11670	1212
CG45122	258
Hsc70-2	1899
CG31157	1161
CG7966	1458
pic	3420
sim	2101
CG43063	402
timeout	4152
CG34308	581
2mit	3465
CG8138	699
CG8508	801
CG14380	504
CG8141	717
CG8483	1176
CG8476	726
Ace	2018
CG11686	210
Ravus	1077
Su(var)3-7	3750
TBC1D5	1962
CG8630	1224
CG15888	957
CG15887	411
Osi22	996
wntD	927
CG8773	2982
CG8774	2826
CG32473	3839
CG43208	219
CG44142	249
CG45080	165
PK2-R2	1797
PK2-R1	1980
mthl12	1464
poly	753
Dic1	840
CheA87a	549
Lip3	1182
CG34309	303
CG9813	1701
CG8870	1068
mRpS21	261
Droj2	1209
CG9799	2766
CCHa2	408
CG14374	297
CG14377	315
GILT1	750
CG33977	282
yellow-e3	1227
yellow-e2	1305
yellow-e	1590
Ir87a	2388
Act87E	1128
yrt	2919
CG14372	3003
CG12538	582
CG42778	195
CG31337	312
CG14370	396
CG14369	336
CG9759	336
CG9757	381
CG9269	438
CG10841	2184
sqd	1139
rin	2070
Rbp4	1284
Hrb87F	1155
B52	1171
Task6	1224
CG9588	660
Lkb1	1701
omd	2982
flfl	2940
CG14367	930
f-cup	2552
ninaB	1860
Adgf-D	1506
Adgf-C	1518
CG31469	492
primo-1	465
primo-2	492
CG34383	9633
Ubc87F	504
CG9312	633
Cht5	1785
CG9297	2856
CG9288	642
CG42375	240
CG9286	891
Dip-B	1524
tal-1A	33
tal-3A	33
tal-AA	96
tal-2A	33
Mst87F	168
Nsf2	2256
CG31495	1023
CG14362	618
E5	1572
ems	1482
Art9	939
Art6	1023
CG31517	189
CG9926	693
Ipp	1125
CG9925	2676
Orc2	1854
rdx	2524
Cyp6d5	1524
CG3061	1110
CG9922	372
foxo	1884
Npc2b	477
CCHa1	546
CG9920	306
PK1-R	1290
CG12402	2013
Or88a	1203
CG14357	957
Kif19A	2250
Abi	1431
twf	1029
140up	783
RpII140	3528
CG14356	453
CG14355	3072
CG42500	228
CG9722	792
CG44215	114
CG31533	2532
CG31327	2583
CG3199	696
Dop1R1	1725
CG9649	1512
CG31326	1560
CG33109	888
Sp212	1548
CG9631	1317
CG9624	867
CG43291	411
CG9616	465
MetRS-m	1746
CG43179	456
CG14840	900
CG14841	822
CG14839	846
trx	11178
red	1098
CG3259	1764
su(Hw)	2823
RpII15	387
CG31321	1803
Crz	462
PR-Set7	2073
Afti	3105
ATPsynE	243
spn-B	1023
NK7.1	2163
HEATR2	2535
soti	441
cv-c	7183
natalisin	1659
HtrA2	1266
mRpL11	588
CG8461	732
Pde6	3372
CG34273	384
Cyp313a1	1476
CG14854	558
CG14850	474
CG14851	456
CG8087	426
CG14852	522
CG31313	373
CG8066	312
Cys	378
CG7987	3849
CG44094	270
stumps	3816
CG14853	1122
put	1560
His4r	309
CG7886	2454
Cad88C	5943
l(3)L1231	3600
CG3505	1080
Hexim	1080
Rad17	1605
BigH1	1059
Meltrin	4741
kibra	3864
CG7530	1128
eff	441
jvl	4029
smp-30	918
CG7362	2379
CG14855	1668
CG14856	1671
CG14857	1680
btsz	12697
CG3610	1464
CG3631	1263
Rrp6	2700
CG33331	1026
CG33332	1047
CycC	801
UQCR-C1	1410
CG7265	1407
CG14860	789
Nup93-2	2388
CG3817	828
VhaPPA1-2	636
RpS5b	705
VhaPPA1-1	636
Sdr	2604
CG14861	1092
RpL10Aa	648
dpr9	1806
CG6974	753
CG6966	1992
CG42788	4680
CG6912	1299
CG3984	1611
CG3987	1212
GlyS	2127
Gyc88E	3291
Mf	1204
CG6752	3996
CG42542	1551
Spn88Ea	1281
Spn88Eb	1278
Mau2	1896
CG6654	1917
CG4210	522
SIDL	3435
CG12241	2412
Rpb7	519
CG31344	1209
Caf1-55	1290
Art3	1548
mRpS10	528
CG34316	801
tefu	8301
Hsc70-4	1953
Amt	1686
CG42404	3399
eIF2gamma	1467
Su(var)3-9	1905
Set	807
ATPsynO	627
CG14864	1641
Zip88E	1098
Cp190	3288
CG4338	822
MRG15	1287
l(3)neo43	243
Tm1	4900
CG45218	252
Tm2	932
CG14866	1365
CG6276	1410
CG44040	180
ear	2835
CG6236	2040
ea	1176
mRpL9	744
FK506-bp1	1071
Sra-1	3873
CG6218	1044
SerRS-m	1251
Surf4	810
CG31301	1317
CG42727	633
CG42726	1323
Trs33	456
CG5038	2115
Atg4b	2004
CG5044	1158
ldlCp	2130
Trax	894
CG6171	770
CG34404	2178
CG14868	1554
CG6136	789
Ccm3	624
Rbp	5532
h-cup	768
CG6125	1951
Atx2	3293
CG6118	2901
Act88F	1128
AdamTS-A	5157
B9d1	723
Rh6	1086
Trissin	324
obe	6549
CG5213	753
CG44014	657
CG44013	657
CG31296	840
AOX1	3819
AOX2	3792
AOX3	3762
AOX4	3768
CG43335	843
CG43336	837
pxb	1908
CG31446	711
CG5399	654
CG5404	1881
CG31294	675
CG34274	750
CG4520	960
CG12784	303
CG5623	837
CG4525	1710
CG5614	1074
CG9590	1380
CG9589	759
c(3)G	2232
Acyp2	306
nsl1	4721
CG9593	1146
alpha-Man-IIb	3747
rec	2655
CG4576	2028
CG43318	516
CG43317	738
Arpc3A	531
ND-23	651
spn-E	4302
Pbp45	1089
cv-d	4410
CG4546	1371
Hmt-1	2598
CG31183	4251
CG9632	654
CG14877	762
glob1	501
EndoU	966
CG45105	4906
Fbxl7	2316
CG34276	273
CG5478	789
blp	423
Sap47	1675
CG31088	399
CG4287	999
CG5516	528
CG32856	321
Rbf2	2349
mor	3627
Hel89B	5769
srp	3965
GATAe	2238
pnr	1620
CG10264	810
CG10407	789
IKKbeta	2151
CG5013	741
msps	6246
CG10185	5196
Mhcl	8789
CG32855	1656
sxe2	1161
Akt1	1833
Sb	2361
CG5903	678
CG5916	990
Fer2	849
CG6006	1824
CG8925	2010
CG8927	1114
Bin1	450
sra	876
CG6126	1665
CG31287	666
mtSSB	438
tara	2760
bor	1812
asun	2067
Mst89B	1107
Mat89Ba	3579
gish	1978
Zip89B	1485
Sulf1	3342
CG44044	198
CG6901	1455
CG17929	1473
CG17930	1506
SF2	765
pad	2772
CG14879	537
Manf	519
CG10311	495
CG17931	180
CG42446	369
CG14880	1911
CG10317	645
ss	3192
CG31279	1371
CG17565	1257
CG14881	946
mRpS33	339
ema	3201
CG14894	789
CG14882	1362
Pak3	1749
CG10405	804
CG14883	990
CG42232	10323
CSN5	981
Gyc89Da	2001
Gyc89Db	2007
Dhfr	546
Sdhaf3	360
Der-2	783
Cad89D	6720
Gr89a	1086
Decay	924
CG42342	2571
CG14891	1485
CG14903	357
Scp2	552
CG14892	1326
CG10345	1656
NPF	306
CG12783	1395
CG10340	834
CG17562	1497
CG17560	1497
CG14893	1530
CG14905	1419
Fas1	2042
nonA-l	1890
Arl6IP1	591
CG10324	1629
CCT3	1632
CG14906	1077
CG14907	702
modSP	1884
Ubx	1167
CG31275	303
Glut3	1521
abd-A	1770
Abd-B	1638
VhaM9.7-d	264
Actn3	1659
AhcyL2	1516
CG18622	282
MESK4	840
CG3678	846
CG31274	840
CG17556	846
CG3534	1656
Sf3a1	2352
Irc	2091
CG8907	2196
Pxd	2070
AdSL	1443
CG5225	1782
CG31268	1367
CG4009	1947
CG18213	2637
CG5220	906
CG3995	966
Patr-1	2904
Dad	1704
Ns1	1743
mRpS11	600
Keap1	2328
kuk	1710
GckIII	1926
cal1	2937
cher	7534
CG34278	273
CG42779	183
CG45079	267
CG17477	801
CG31269	819
CG31265	798
CG17475	864
CG4053	795
CG31266	846
CG31267	825
CG5246	816
CG5255	819
CG5265	1929
TwdlW	924
m-cup	2106
Det	459
CG5285	840
CG5292	480
Mur89F	6477
CG31262	1756
beat-IIb	1226
CG44259	195
CG44257	144
CG31418	675
CG31419	714
beat-IIa	1293
Brf	1986
lute	2500
sds22	978
CREG	633
Sur-8	2082
CG34279	300
CG34280	246
CG42823	453
CG42824	438
CG42798	291
CG17283	1395
CG5860	1110
CG5863	1185
CG42821	336
CG42822	336
CG5866	669
CG33333	444
CG42834	366
CG42835	324
CG14332	372
cysu	2259
CG44090	297
CG14331	936
Eh	291
CG14330	267
Dscam3	6402
CG5823	849
P5cr-2	835
l(3)07882	2556
SF1	2401
Prx3	702
Hmx	2154
CG7587	426
Sgs5	489
CG7606	198
sll	1395
CG14329	903
Edg91	477
CG34281	318
CG14327	459
CG14324	393
CG14326	411
CG14323	630
AttD	543
CG14325	1380
CG43175	348
CG14322	4812
CG7523	780
Mps1	2016
alt	2622
CG7655	759
CG31251	918
CG31360	294
CG31249	750
osa	8157
Pxt	2427
Atg8b	360
Lgr1	2493
CG14321	363
TyrRII	1758
TyrR	1893
CG43102	8073
pasi1	507
CG7379	1299
CG17803	1761
CG17806	1263
CG17802	1317
CG17801	1143
Odj	1290
CG18012	1338
tinc	4539
Rim	8736
CG12347	327
CG43445	192
cpo	3236
DNaseII	1098
CG7785	768
CG7794	1365
htl	2187
CG14317	1344
sr	3813
CG14316	1290
CG14315	651
CG7218	2028
Cbp20	462
CG7215	390
Prx5	570
wrd	3646
cdm	2913
CG7208	1395
Arp5	1944
CG12321	741
MED17	1926
CG14313	405
Ssdp	1527
CG7985	2124
CG44158	279
CG14314	1314
CG7183	1704
CG7988	828
mTerf5	1680
Non3	960
CG7168	699
Mdh2	1008
repo	1836
CG7156	2043
14-3-3epsilon	786
CG12320	1137
CG18598	267
Ada2a	1686
Rpb4	417
moi	534
Tgs1	1398
CG18599	1425
Vps39	2628
eIF1A	444
CG7142	1002
CG14312	324
CG8064	2766
CG7131	1482
l(3)05822	1800
Dlc90F	333
CG18600	1152
CG7126	612
PKD	2760
CG31235	1218
CG15803	2640
hmw	1812
WRNexo	1062
Nup43	1074
gl	2038
CG7675	1008
CG14309	2898
cona	621
Vha100-4	2532
Vha100-2	2502
Vti1b	366
CG12333	1461
koko	777
CG7685	639
CG31122	1935
CG10864	1167
fru	5262
CG7691	849
CG43210	177
hemo	264
CG7694	441
fray	1656
qin	5571
CG14304	3408
CG14305	906
CG7695	435
CG14301	588
CG31224	5352
CstF64	1257
Cpsf73	2052
Gos28	696
CG31231	2037
CG31229	585
CG7702	1611
CG31230	177
CG7705	1777
CG7706	2178
CG46318	78
CG7708	1842
Muc91C	2850
CG14300	282
CG34282	282
ChAT	2163
VAChT	1734
CG34283	459
CG7714	675
CG7715	654
CG14302	213
Mekk1	4713
CG7718	1482
gwl	2538
Epg5	7365
CG7720	2043
CG18208	2220
CG31226	156
CG14298	333
CG14297	750
Rh2	1143
CG14294	417
CG34284	372
CG14292	504
EndoA	1107
CG14291	1572
Xrp1	2004
Mpc1	321
CG42613	3572
CG43732	108
euc	336
Smu1	1527
dnk	750
snRNP-U1-C	435
gukh	6377
CG6005	972
CG14286	600
CG14285	891
GatA	1524
NP15.6	450
P5cr	840
Prp18	1020
CG6013	639
CG6026	4665
cdi	3658
mRpL55	321
ATPsynD	534
CG6040	5352
Cyp12a5	1608
Cyp12a4	1608
Ppcs	1119
CG5835	711
CG11779	1380
nos	1203
Nsun5	1299
CG42359	396
sqz	1605
CG14282	879
CG5555	1681
CG31475	1254
cry	1626
vib	897
CG11703	1059
CG5250	933
CG3773	1104
unc79	9248
CG5217	645
CG14280	1665
CG44174	129
Dl	2499
CG43203	183
Ino80	4914
CG3581	759
CG31404	822
CG31245	711
CG3734	1419
CG18493	1440
CG3739	1455
CG31244	963
CG5316	2024
CG11626	1137
CG31221	762
CG3517	1146
Dys	15965
CG6255	1026
CG15025	1029
Cpr92A	735
CG7333	1623
CG7342	1620
CG17751	1599
CG17752	1614
CG16727	1635
CG6231	1755
subdued	3297
CG34138	585
Vha13	351
Nup58	1638
CG6195	1089
CG31220	1089
CG31219	1035
CG6184	3087
ort	1455
CG7432	2163
Naam	1071
CG34286	264
GluClalpha	1707
CG6300	1611
CG11659	1638
CG11391	1626
CG11407	1614
CG11453	1617
bnl	2332
CG31459	738
CG4662	1653
Ire1	3222
CG11447	750
CG4572	1446
CG4686	543
CG4562	4256
CG17186	1143
Arc42	1215
Ask1	4089
ninaE	1119
CG4733	2664
CG4538	2052
Surf6	972
RhoGAP92B	2220
Xport-B	339
Xport-A	348
CG4465	1731
CG4770	1470
CG4462	1719
CG4459	1896
Hs6st	1386
mira	2487
CG4783	258
CG31213	5427
MED25	2589
CG17190	771
CG4836	3708
PIG-L	1099
psidin	2844
CG4424	1035
CG4854	957
trem	1317
CG4936	1563
CG10889	1620
CG17193	204
CG33934	1668
Indy-2	1686
CG4390	990
mdlc	1071
Rh3	1149
CG31206	594
CG10887	2028
Gr92a	1158
CG5023	507
Nlg4	3843
CG17199	1383
cic	7869
CG4367	657
CG4362	699
CG42668	3537
CG4360	1676
Sirt2	1065
Ir92a	2034
MtnC	129
Gfrl	3924
CG4335	1092
eIF3g2	819
Dic2	912
MtnB	129
Or92a	1224
MFS9	1506
MtnE	123
MtnD	132
Stat92E	2467
DPCoAC	1095
att-ORFB	591
CG5180	1065
CG15922	201
CG5191	1656
CG10877	1323
TFAM	852
CG5412	837
EloB	354
Srp14	327
CG34008	636
CG16953	1719
Sep2	1257
Srp72	1950
PUS1	1326
bon	3621
CG15923	2952
CG5466	1782
H	3231
Pi3K92E	3264
Lrrk	7627
GluRIIE	2691
GluRIID	2706
Nep4	3121
Cpr92F	1143
CG4000	789
Oamb	3287
CG31205	822
Cdk2	942
CG17267	1088
CG42322	2323
CG31199	879
CG31200	852
Prosalpha4T1	747
Syp	2554
CG31195	2421
Takl1	1179
Fancd2	4434
CG17270	507
CG17271	1058
RpS20	360
CG17272	447
AdSS	1341
CG31223	984
Synd	1485
CG15695	2175
CG15696	537
RpS30	396
Ir93a	2604
CG3822	2559
TotA	387
TotC	387
TotB	414
TotZ	441
Ktl	684
Grik	2926
TotX	426
CG31191	1485
hdly	1373
Atpalpha	3540
Calx	2942
CG43446	801
CG10827	1566
CG5697	399
Rlip	1875
CG17278	240
Dhc93AB	13488
CG12278	687
CG31189	774
CG31207	774
CG7079	765
CG17279	702
Mvl	2081
Cortactin	1677
AnxB9	1074
r-l	1479
dmrt93B	975
HHEX	969
RhoGAP93B	3990
CG7044	2922
CG5745	1638
Sec15	2298
rtet	1431
Rab11	642
ppan	1380
Bdbt	858
slmb	1791
CG5793	660
Obp93a	588
Ice2	2052
CG7009	960
Usp8	2775
meigo	1014
SNF4Agamma	6860
cDIP	1662
CG5810	1284
Snmp1	1653
CG5862	927
Smyd5	1179
Oga	3057
CG3337	612
Nelf-A	3792
e	2637
CG5892	2214
ETHR	2362
Rab1	615
AP-2sigma	426
CG5919	768
CG3308	957
CG3301	750
SIFaR	2274
CG17298	285
CG16791	3324
mod(mdg4)	8757
pre-mod(mdg4)-B	285
pre-mod(mdg4)-H	333
pre-mod(mdg4)-G	282
pre-mod(mdg4)-L	219
pre-mod(mdg4)-I	414
pre-mod(mdg4)-J	210
pre-mod(mdg4)-K	321
pre-mod(mdg4)-P	408
pre-mod(mdg4)-Z	369
pre-mod(mdg4)-T	621
pre-mod(mdg4)-E	600
pre-mod(mdg4)-C	393
pre-mod(mdg4)-AB	309
pre-mod(mdg4)-W	306
pre-mod(mdg4)-AD	321
pre-mod(mdg4)-Y	291
pre-mod(mdg4)-AE	228
pre-mod(mdg4)-X	261
pre-mod(mdg4)-V	492
pre-mod(mdg4)-U	249
pre-mod(mdg4)-O	426
pre-mod(mdg4)-N	531
pre-mod(mdg4)-AA	255
tin	1248
bap	1146
CG6475	1578
CG7907	2259
CheB93a	600
CheB93b	609
lbl	1461
lbe	1437
Fancm	4467
C15	1017
CG7956	3615
slou	2094
CG15498	843
InR	6432
E2f1	2463
Archease	468
CG15497	780
DNApol-alpha180	4464
CG31176	1380
Sfp93F	159
CG42869	198
CG42870	282
CG34034	405
CG5849	2904
CG31343	2883
CG31233	2856
CG31198	2820
CG42335	2773
Burs	519
GABA-B-R2	3675
CG6800	906
RpI12	360
tsl	1059
CASK	3267
Gr93a	1257
Gr93b	1185
Gr93c	1191
Gr93d	1143
glec	684
lsn	762
CG6569	1308
Cby	397
CG31174	609
CG31431	1083
CG31178	651
CG6656	1185
CG34148	417
P5CDh2	1842
CG31465	2858
fit	363
CG17819	558
dnd	537
CG6678	1119
CG43844	294
CG6690	1686
CG17843	1656
Eip93F	3658
CG6332	1059
Idh3b	1110
Mitofilin	2238
mRpL35	534
CG6028	879
Cchl	843
ND-42	1221
CG13409	1641
CG6015	1728
CG45099	102
pit	2040
Fadd	717
how	1306
CG13408	771
CG5778	351
CG5791	294
CG13407	1332
Ir94a	1785
Ir94b	1776
Ir94c	1812
CG42390	4449
SKIP	3621
Gld2	4092
CG7084	1791
CG34377	1392
CG7080	1002
CG33721	543
CG13862	333
CG5391	531
CG5388	495
CG5386	762
rdhB	744
Sar1	579
PSR	1323
Muted	480
CG7071	906
CG5382	897
CG5380	879
PyK	1599
CG7069	2232
CG18596	3408
CG34149	915
CG43342	540
CG43343	3912
CG5379	909
CG7059	818
CG13857	1026
CG13856	567
CG13855	2118
CG13850	1692
lqfR	4712
Nop56	1488
mats	657
pinta	819
CG13847	2277
CG12499	6177
CG34288	177
CG34376	2699
Rpn7	1167
AP-2mu	1311
CG7054	537
Pebp1	528
CG5377	834
Nrx-1	5603
Pfdn5	504
CG5376	687
CCT1	1671
tHMG1	378
tHMG2	402
Octbeta1R	1551
CG5346	1209
CG33099	993
CG33093	966
CG5326	831
AdipoR	1452
bond	966
sit	885
CG33110	1011
CSN6	1023
Dph5	843
CG33107	873
CG6937	1068
btn	474
Efa6	4985
CG31156	2844
CG13843	1086
mRRF2	2220
CG31161	1377
mRpL45	1083
loco	5721
wake	6425
Gclm	855
CG17625	426
wfs1	2559
Nup133	3600
cd	2490
Cyp6d4	1545
CCAP	465
CG6972	888
CG13842	2316
CG4907	2757
wge	5010
Irp-1A	2706
CG4813	1194
CG45049	819
Takl2	843
Dcr-1	6747
CG6985	1503
vret	2073
HP1c	711
CG17141	969
CG31139	1191
rumi	1233
Usp12-46	1272
CG7029	5232
CG4725	2223
CG4723	2088
CG4721	2058
CG13841	360
CG43091	405
CG43092	652
CG43093	363
CG43094	270
CG43095	438
CG7031	1425
CG13840	1398
CG4704	1062
klg	1635
CG6660	816
Tpl94D	492
Gbp3	477
Nha2	2142
Or94a	1161
Or94b	1149
CG34375	1704
CG6688	1272
lmd	2610
CG13833	963
CG13838	273
CG13837	669
CG17121	1083
p53	1553
Gr94a	1212
CG17119	1191
sav	1824
Ublcp1	960
CG17111	2376
Cow	1896
CG17110	1206
CG6726	1203
CG17109	1200
CG6733	1203
CG6738	1203
Rassf	2418
CenB1A	2505
CG31365	1917
CG31457	1011
hh	1413
unk	2019
VhaAC39-2	1050
CG13829	633
Irk1	2135
CG46310	69
cnc	4587
fzo	2154
CG4467	3418
Rad60	1272
EloA	1929
wda	2229
CG13827	771
orb	2998
Cdc16	2154
CG6763	1062
CG17083	1650
bb8	1605
pnt	3023
DNApol-epsilon255	6708
ATPsynCF6	318
Sec13	1068
RpS3	738
CG4408	1437
CG42827	348
CG42828	267
CG4393	3975
CG31515	387
CG17380	357
Ir94d	1779
Ir94e	1833
CG4374	2316
CG43694	126
Ir94f	1674
Ir94g	1635
Ir94h	1677
CG34289	373
Irk2	1657
CG10177	1233
CG10175	2319
CG10170	1617
CG16732	1557
CG10168	1620
CG10164	1158
beat-IV	1343
CG10182	2097
CG33337	2124
CG16723	2085
CG10183	2055
CG10184	1149
CG31145	2941
GILT3	648
GILT2	621
eIF3d1	1680
CG16710	1116
CG18754	1023
SPE	1200
CG10254	4194
CG10252	687
prt	1806
CG31468	240
Gba1a	1683
CG31413	1683
Gba1b	1698
CG10301	918
CG10300	933
nau	996
CG10232	1527
CG10365	852
Rpn9	1146
Hmgcr	2760
RanBP3	1347
Rpt5	1284
Hrd3	2457
PTPMT1	600
SdhD	546
CG10217	1857
Lsd-1	1293
CG10214	633
CG10375	762
tst	3591
CG10208	828
Nup98-96	5897
mbc	6024
CG33111	1602
CG34355	2265
eIF4G2	6216
Pli	1272
TfIIA-S	318
tbrd-1	1539
sba	5111
CG31141	759
Ndc1	1734
CG13601	831
CG43999	498
CG43998	459
CG31142	465
Rpt2	1317
CG13599	885
RpS19b	465
CG5854	1113
Gdh	1686
CG12268	1593
GluProRS	5184
AP-1sigma	540
CG31140	5060
CG13603	699
CG5902	729
CG13604	2289
Rab7	621
CG33108	862
LSm3	309
KrT95D	3525
Ime4	1824
Miro	2019
spas	2274
Rox8	1410
CG5986	696
Atg6	1266
CG5991	1341
CG6000	462
Hsp68	1905
SMC1	3714
eIF4EHP	1054
Syx1A	889
CG10694	870
CG18428	437
CG13605	2007
Root	6144
CG13607	1638
GatB	1548
Tsc1	3300
Sec10	2130
Npc2f	510
Kal1	1575
Slimp	1392
p38c	1068
p38a	1098
CG6178	1632
Myo95E	3864
CG6182	918
mRpS24	495
Apc2	3201
CG5510	987
CG13606	445
CHORD	1062
CG5515	732
jnj	3366
CG6204	2709
twin	1701
CG17786	1752
cav	1047
Spps	2955
CG13609	1092
Spase22-23	537
Acp95EF	156
mask	12162
beta-PheRS	1767
jar	3883
Orct2	1701
Orct	1644
CG13611	1431
CG6356	1710
CG34290	846
CG6364	1025
CG5715	885
crb	6930
Nab2	3012
BRWD3	6696
CG5728	4290
Dis3	2946
CG6432	2022
Ms	300
CG5746	1440
CG6454	4731
Golgin84	1548
CG18528	1479
CG5762	600
CG33339	939
CG33340	687
CG17784	711
CG13613	657
CG42811	639
CG42812	651
CG33341	918
CG13614	1044
CG17782	1437
CG17781	1287
CG33342	657
CG17780	1035
CG5768	998
CG13615	993
CG13616	695
nAChRalpha1	1791
CG31128	498
nAChRalpha2	1728
nAChRbeta2	1641
CG13617	2211
Pp1alpha-96A	981
CG13622	840
CG13618	756
CG6607	1218
CG13623	417
ana1	5187
CG5789	4206
Esyt2	2731
REPTOR	2498
CG13625	1941
mld	5895
Syx18	1185
atl	1623
Wsck	2373
CG43222	192
puf	11848
ash2	1696
CG31125	1173
CG6695	2883
CG31126	450
Ppox	1425
slo	4264
CG46316	66
CG13627	2097
Rpb10	201
CG13630	1122
tok	4392
tld	3201
asp	5862
AstA	453
CG13631	249
CG42331	4845
CG5805	1017
Ets96B	1938
CG13634	1386
Ude	948
polybromo	4962
lili	1606
CG6980	750
CG34150	411
CG5808	1959
Saf-B	2795
niki	2523
RabX4	639
CG31357	1182
CG43273	411
sosie	558
CG33658	543
Esp	1962
CG7006	540
Nct	2108
HDAC11	1029
CG10899	837
ppk22	1684
CG13639	207
CG13640	396
CG7016	1086
CG13641	426
Elal	987
CycB3	1725
CG3744	3306
CG11089	1770
CG31381	1431
CG31121	2733
CG11069	1812
CG13643	2457
CG10845	1389
PIG-S	1608
sud1	1608
CG11168	2590
Mink	2262
Trf4-2	1221
CG11771	2190
Osbp	2352
ssh	3636
Nmnat	1201
mah	1581
tnc	8457
beta4GalT7	966
CG11781	339
Hr96	2169
Smg6	2844
CG6422	2137
CG31115	870
bai	618
5PtaseI	2369
CG11786	666
CG11790	913
CG11791	543
CG31109	594
CG31111	807
stac	3800
veli	738
PQBP1	693
Stt3B	2322
CG11839	762
CG11836	843
shams	1086
CG11920	894
fd96Ca	1116
fd96Cb	813
CG33096	858
CG33095	1614
CG45095	1038
CG34027	4557
CG13650	2256
CG31108	2751
CG31510	3450
vig2	1329
Mocs2	1101
CG42503	270
Clbn	2976
Bili	2484
danr	1257
lobo	2691
dan	2343
CG13653	705
Cad96Ca	2319
CG13654	2979
CG13663	531
CG31106	1539
CG31103	1518
CG11851	1869
Cad96Cb	2370
CG10420	1287
CG11852	750
to	747
CG11854	750
bam	1326
RpS27	252
Nup37	960
Nup358	8154
CG11857	795
CG10425	1008
CG11858	390
GlnRS	2334
RIOK2	1614
CG11891	1252
CG11889	1251
CG11878	1260
CG10513	1266
CG10514	1239
CG11892	1317
CG31300	1266
CG31104	1260
CG13658	1266
CG11893	1248
CG31098	1251
CG31102	1260
CG31097	1260
CG31288	1284
CG13659	1251
CG31370	1188
CG31436	1260
CG10550	1275
CG31099	1200
CG31087	1251
CG10559	1245
CG10553	1242
CG10560	1242
CG10562	1215
CHKov1	1230
CHKov2	1227
CG10669	2799
CG11902	4278
rha	3996
tobi	1971
Fur1	4712
ND-49L	1569
alrm	1413
CG31437	795
Muc96D	2643
Vps33B	1920
CG4553	1089
MED28	567
XNP	3933
CG5116	1578
CG42488	309
Dhap-at	2421
CG5112	1569
CG33494	258
CG5107	639
CG5111	1842
msi	2012
CG4582	1296
ymp	928
Npl4	1974
CG5079	444
CG5071	2040
Ssadh	1527
jigr1	1008
Tnks	4560
RASSF8	1821
Lgr3	2295
CG4730	1176
CG5039	333
CG4743	891
CG5028	1207
RpL27	405
CLS	966
LpR2	3463
LpR1	3371
CG17197	870
CG17198	897
CG17196	828
CG17195	849
CG4956	906
CG4960	522
CG31380	1215
CG31093	435
BG642167	318
CG5024	495
CG17770	492
Acam	444
CG14354	894
Mst57Dc	228
Sfp96F	99
Mst57Db	120
Mst57Da	225
alpha4GT2	1185
CG14545	432
CG5886	1545
CG5890	618
Tsp96F	852
SppL	1266
Lnk	2190
CG5913	1362
CG5948	810
MCO3	2031
CG31091	1272
CG31089	1263
CG42235	7526
CG14546	1164
CCAP-R	1482
CG14540	1839
boss	2688
fid	4173
Nf1	8539
CG43116	495
E(spl)mdelta-HLH	519
E(spl)mgamma-HLH	615
E(spl)mbeta-HLH	585
E(spl)malpha-BFM	414
Kaz-m1	468
E(spl)m2-BFM	654
E(spl)m3-HLH	672
E(spl)m4-BFM	456
E(spl)m5-HLH	534
E(spl)m6-BFM	210
E(spl)m7-HLH	558
E(spl)m8-HLH	537
gro	2190
Exo84	2016
Vps2	768
Dak1	759
Sld5	684
CG14543	585
PIG-P	474
CG42498	333
RpL34a	486
CG14544	951
CG14551	603
dysf	2762
CG31324	793
CG14556	1002
CG6142	1848
CG31323	507
CG31086	444
CG6073	1107
CG34130	891
CG34129	942
CG12290	2394
Ald	1269
CG6154	1302
CG33970	2331
CG6036	1113
ppk15	1449
CG5432	1092
CG6503	186
CG34291	183
tx	1152
Hex-t1	1395
Hex-t2	1458
CG5447	492
CG43117	225
Pdf	306
CG14237	363
CG14238	1569
CG5455	2064
plum	3894
scrib	10954
TwdlM	864
TwdlP	660
TwdlB	858
TwdlL	855
TwdlO	687
TwdlK	741
TwdlJ	822
TwdlN	927
TwdlH	723
TwdlR	975
TwdlS	684
TwdlD	768
beat-VII	1551
Tb	849
TwdlQ	735
amon	1962
CG6425	1119
CG5484	1206
CG6420	2727
CG14244	318
CG14246	279
CG14245	309
CG6403	459
CG14247	558
CG42789	147
Tl	3351
Lerp	2754
IntS12	984
ball	1797
His2Av	423
SPARC	912
Rb97D	1417
ms(3)K81	552
CG5500	501
ro	1050
T48	1257
Ets97D	1452
CG46339	3582
CG14252	1215
CG18472	1407
CG6330	1160
Tsp97E	756
Gr97a	1275
CG5521	5892
CG46313	57
CG14253	1261
CG31075	1560
CG31076	546
TwdlC	1080
RYa-R	1621
CG31077	2964
CG6296	2028
CG6295	1014
CG17192	1011
CG17191	1011
CG6283	1017
CG6277	1023
CG6271	1023
TwdlT	858
Nep5	2648
CG34292	585
spz	1116
CG43935	126
CG14257	1652
Cpr97Ea	1098
Cpr97Eb	705
CG14258	774
CG14259	867
eater	3222
CG17189	792
caix	933
gb	1551
CG5815	1743
CG6066	1389
CG5880	1143
CG5882	2598
CG6059	2652
CG6051	2967
Men-b	1912
grass	1131
CG5909	1143
ppk31	1263
CG34293	252
spn-D	810
Ser	4221
CG42813	636
CG42814	711
CG31064	3685
CG31068	2253
DNApol-alpha73	1827
CG17991	882
CG18766	924
CG5984	813
CG5987	2160
TfIIA-L	1098
pll	1503
woc	5133
CG14262	936
CG14260	747
l(3)mbt	4431
CG5934	405
CG5938	504
mrt	2325
CG3368	3360
bigmax	762
Hmu	1737
CG3348	294
CG3339	14526
CG3330	864
CG42534	4728
CG46335	69
side	3002
CG44290	207
CG43447	195
CG13978	2694
Cyp6a18	1521
Gr98a	1173
CG43139	333
CG5402	462
CG13972	1344
CG12885	2364
Gr98b	1209
Gr98c	1224
Gr98d	1236
Klp98A	3795
CG5646	909
wdb	1572
pins	1974
CG5639	4533
dsd	3969
Tusp	4299
CG5612	1284
CG5611	978
Mtl	585
tau	2790
RpS10a	489
Mlc1	506
unc80	10032
CG5590	1236
CG12883	471
Sce	1305
CG31055	1308
CG12880	990
CG43319	171
Acp98AB	75
CG43320	1194
ALiX	2508
btz	2481
CG12428	1854
CG12877	2973
Ets98B	1554
CG34353	1743
Or98a	1191
CG12426	489
mil	849
CG5003	2139
mRpS22	1179
CG33213	1023
CG12259	1077
BCAS2	834
RpL4	1203
mino	2589
CG31053	657
NSD	4281
BOD1	3458
mfrn	1137
Gp93	2361
CG4951	1339
CG5527	2151
CG42487	927
CG4884	567
CG31253	1137
CG31131	1137
CG4849	2925
betaTub97EF	1539
CG4815	795
trv	2518
CG34354	1650
CG43125	774
CG43124	735
CG34436	810
CG34437	798
Mst98Ca	1002
Mst98Cb	795
UQCR-14L	333
CG12516	900
larp	5037
Gfat2	2049
Moca-cyp	2910
Or98b	1148
beat-VI	996
CG1894	1263
Dhc98D	15240
CG31051	654
Ppn	8694
mIF2	2088
fkh	2076
Noa36	945
Hrb98DE	1143
CG9986	1605
CG10011	6357
CG9988	2004
CG14062	1038
CG31050	243
CG33346	1092
Sid	1110
CG9990	2438
htt	10749
AstA-R2	1143
CG10000	1674
CG9997	990
aqrs	1098
CG34295	864
intr	894
CheB98a	591
wdn	2607
CG1646	3399
CG1523	1863
CG1647	3666
WASp	1599
Apc	7251
spg	6579
Inx3	1185
CG33203	1500
CG14529	2043
CG14528	2046
CG14523	2013
CG14527	2100
CG14526	2121
Doa	11219
CG11828	1374
DIP-gamma	1239
wat	1551
CG14518	537
eIF4E6	519
CG1951	2505
Ssl2	1242
beta4GalNAcTB	969
Cpsf100	2268
Slu7	1722
Pkc98E	2217
CG11837	918
CG11841	957
CG11842	957
CG11843	948
Sirt7	2313
Cul5	2556
CG11873	9009
alpha-Man-Ib	2055
CG11876	1560
Atg14	1509
yem	3303
Ctl2	2388
dgt6	1962
Vha100-1	2714
CG14512	513
CG14516	2997
CG14511	966
CG11882	789
Pglym78	765
eIF2D	1689
Slbp	828
Rpn2	3087
CG11897	4122
CG11898	3960
CG14509	1784
CG14515	504
CG11899	1092
Mesh1	537
Cyt-c1L	1032
eEF1gamma	1293
Cisd2	399
Brd8	2616
CG14507	1119
Usp1	3234
CG11951	2521
CG31445	2781
SP1029	2796
stg	1437
CG45544	231
CG14506	1212
Cnx99A	1941
CG45546	279
Ptp99A	5085
CG2321	1929
CG2006	981
Spase12	294
CG2310	753
Diedel	345
CG2010	1629
Trc8	2427
ND-20L	636
Dr	1545
CG7567	633
CG11470	690
CG31041	594
alph	1220
CG7568	1446
Diedel2	375
CG1907	951
Dop1R2	2508
ppk21	1659
ppk20	1776
ppk30	1371
Obp99a	426
ppk19	1533
Bub3	978
Cap-D2	4140
CG7582	762
Gycalpha99B	2028
Obp99c	453
dmrt99B	1530
Obp99d	411
Dup99B	167
Obp99b	447
CG15506	891
CG34296	273
Pcd	576
Naa40	606
CG18731	357
Kul	4684
CG7601	978
CIA30	888
CG1969	777
Wdr24	2331
IntS11	1791
ATPsyngamma	891
yata	2619
kay	3318
fig	942
sro	1005
CG7837	2925
Drice	1017
CG7834	759
CG7789	918
ncd	2100
ca	5883
Vps16B	1341
CG7829	759
neo	2232
Atg16	1884
CG42592	426
Prtl99C	603
Cad99C	5118
dgt1	1956
CG7824	1056
CG15514	927
RpS8	624
Zip99C	1065
CG34133	3324
CG31038	2792
CG15517	474
CG15515	369
CG31036	3021
Capa	453
trp	3831
Jon99Ciii	795
Jon99Cii	795
Jon99Ci	816
CG15522	519
alpha-Man-Ic	1578
Cog7	2226
CG42557	459
CG42558	366
eIF2Balpha	918
Vps13B	11193
TkR99D	1692
CG7896	4176
Acph-1	1365
CG7903	1152
Sas-6	1416
CG15525	483
CG11504	1230
CG34298	417
Tace	2229
Nph	468
Nlp	456
CG7912	1806
CG7920	1431
Mgat2	1887
RpS28a	192
Axn	2236
ZIPIC	1371
ocn	444
janB	420
janA	405
Sry-alpha	1590
Sry-beta	1068
Sry-delta	1299
RpL32	441
CG7943	996
CG15528	681
CG7946	1425
spn-A	1008
CG15526	336
CG34317	333
CG7950	474
sima	4982
CG45072	903
CG45073	813
Ppi1	2994
CG31029	2715
Tpi	1044
AdoR	2322
CG15529	588
CG11498	1713
CG31030	1291
CG31028	3462
Mlc2	666
CG1983	762
CG15530	1482
Bet5	435
CG9747	1383
CG15531	1002
CG9743	1260
RpS7	582
Anp	171
CecA1	189
CecA2	189
CecB	189
CecC	189
CG43448	282
CG9737	1272
CG9733	1254
CG34299	585
CG9682	1389
CG18404	540
hdc	3294
CG34300	420
Fer1HCH	753
Fer2LCH	708
CG2217	1092
CG42740	153
CG15535	354
mRpS18C	420
CG15536	564
CG2218	1458
CG15533	2076
CG15534	1998
CG15537	1059
Osi23	765
aralar1	2202
CG2224	1260
CDase	2112
PH4alphaEFB	1650
spdo	1695
Jon99Fii	801
Jon99Fi	801
PH4alphaSG2	1581
PH4alphaMP	1605
PH4alphaNE1	1611
CG31371	1521
PH4alphaSG1	1620
CG15539	1527
CG34041	1757
PH4alphaNE2	1626
CG31524	1608
CG9698	1641
jdp	750
tmod	2107
CG34155	141
CG9702	2028
Rpt6R	1197
CG9717	1914
CG2246	1232
CG31019	1977
CG31021	1359
PH4alphaNE3	1443
CG31016	1608
CG44954	261
CG2267	1170
CG31013	1602
PH4alphaPV	1575
CG34432	639
CG34433	699
Spn100A	1947
CG12069	1068
Pka-C2	1062
CG31010	762
eIF4H2	1377
CG11313	1110
CG15543	870
Npc2g	477
Npc2h	471
zfh1	3669
wts	3315
dj-1beta	561
cindr	2863
CG15544	2553
tll	1356
Cpr100A	723
CG15545	1074
CG15546	1230
CG12071	1743
CG15547	1170
Sap-r	2859
Cyp4c3	1605
CG33483	747
Ptx1	1845
CG15549	411
CG15550	429
CG15548	2442
Ctr1C	810
5-HT7	1692
CG31008	342
CG31007	528
CG33773	537
CanA1	1866
CG33920	540
Alp4	1788
Chchd3	669
dco	1320
Sox100B	1587
CG11317	894
CG15553	1563
CG11318	2406
Prosalpha3T	753
CG15554	441
CG15556	2265
Gycbeta100B	2361
stops	1563
mesh	4556
bnk	909
CG1544	2757
chp	4023
Zwilch	1923
CG1542	921
CG15561	1071
ATPsynC	450
CG12054	2309
CG15563	348
CG15564	1533
qless	1308
mRpL32	585
CG1750	1026
spn-F	1128
CG3669	894
CG18672	858
CG18673	906
ppk24	1785
pHCl-2	1578
CG34347	4551
gskt	1503
CG1607	1583
CG31204	1473
CG31002	1563
Gcn2	4773
PNPase	2313
Gprk2	2142
lox	1080
CG11334	1092
CG11333	612
mey	2322
nyo	2415
gammaCOP	2746
pygo	2445
rod	6267
CG1635	1344
CG1638	1329
CG1774	1416
RpL6	786
CycG	1698
Med	2313
CG11539	600
CG1792	1116
pasha	1972
kek6	2529
CG1815	4992
CG11550	894
CG42693	405
ttk	3503
CstF50	1272
CG11563	621
eEF1alpha2	1386
CG1890	330
CG1896	738
awd	504
nero	906
CG1910	1479
salt	1866
CG2187	1869
Smvt	1773
CG2150	564
betaGlu	2058
sip3	1878
CG2126	984
faf	8526
CG2118	2094
Acf	4428
CG42233	2319
Ir100a	1809
CG1971	789
CG11576	1461
FeCH	1199
RhoGAP100F	5682
heph	2730
CG2003	1480
CG2053	894
krz	1410
mod	1626
Map205	3555
mthl8	1476
CG43149	186
Lsp1gamma	2316
CG13405	570
CG12483	264
Pdk1	2523
CG6845	2016
Dic61B	2292
p130CAS	2613
CG7049	1008
Vdup1	1026
CG13875	1458
Mkp	609
CG34140	918
Mtch	948
rno	9723
mri	1317
Gk1	1614
NitFhit	1380
CG13876	861
CG7028	2736
thoc7	864
Dis3l2	3132
Kaz1-ORFB	380
pyx	2868
CG13877	324
CG33229	501
CG42846	501
CG34454	399
CG34453	525
E(bx)	8319
mthl14	1599
DIP2	5319
wac	489
Tudor-SN	2778
mRpL17	528
CG34263	255
miple1	555
miple2	852
CG32845	1158
ttm2	1227
RhoGEF3	11230
fwd	5022
ddbt	358
CG32344	2481
Atac3	1749
Ptpmeg	2922
mthl9	1539
mthl10	2193
mth	1648
CG1231	1035
Cdc5	2442
Roc1b	366
CG1233	3387
CG13884	489
trh	3422
CG13891	474
klar	7200
CG34267	231
CG34268	249
CG34269	573
CG17180	906
Cypl	528
Hipk	4057
Ppm1	1056
Kah	1326
MED14	4665
CG13893	1221
Reg-2	780
CG43337	516
Gale	1050
CG3402	369
MED30	954
Rev1	2985
CG17129	1743
CG3386	864
ebd1	1743
CG3344	1338
CG32483	1317
RabX6	666
Vti1a	690
CG13894	1584
CG13895	1518
CkIIalpha-i3	1209
CG13896	630
hng3	1039
emc	597
CG13898	453
Sf3b3	3686
CG42553	1113
CG42554	639
CG13901	666
CG13887	732
CG13902	1203
Gr61a	1308
cep290	5934
CG13890	786
dpr20	1575
CG12502	2214
Usp10	4551
CG13907	2448
CG34056	1023
CG34057	1102
CG13905	714
nerfin-1	1407
Glut1	5660
CG12038	1221
trio	7802
CG9205	672
bab1	2931
bab2	3201
CG13912	486
Trh	1665
LysX	426
Aplip1	1470
mwh	3207
CG32335	966
CG9119	966
LysB	420
LysD	420
LysE	420
LysP	423
LysS	420
CG33965	951
CG33966	930
CG9194	2187
CG9192	933
Klp61F	3198
CG32318	492
Psf1	606
Sac1	1776
CG9129	753
CG9130	1551
CG9133	1027
tfc	1231
CG32333	4498
Rabex-5	2088
scf	987
Rac1	576
CG9149	1176
CG2277	1602
Ctr9	3450
CG9186	921
Sherpa	3189
Myo61F	3164
CG9184	726
ND-ACP	558
msd1	414
msd5	759
CG2211	990
l(3)02640	1956
CG2199	2199
Ptp61F	1768
312	723
ru	1023
CG32320	2301
CG9168	1800
FucTD	1341
CG9173	1299
SA-2	2919
rho	1065
Naa30B	633
stet	1455
robl62A	312
CG12084	2379
hfp	1911
Psa	3225
cue	1932
Iml1	4694
Ir62a	1818
CG12091	963
pns	4417
CG32313	563
Pcyt1	1578
Pcyt2	1143
CG12099	2124
Pex10	897
CG7879	2955
CG12003	1368
CG12004	1490
CG13917	6057
CG12104	765
CG33791	3846
CG18170	1485
CG12105	4527
CG13926	591
CG33230	1338
ABCB7	2229
GC	2016
CG13928	735
nSyb	857
metl	1039
Bgb	759
alphaCOP	3702
CG13919	393
CG17249	1416
Bro	639
CG13920	480
Vta1	948
CG7970	765
CG7971	5043
CG7974	882
RpL23A	831
RabX5	831
CG13930	2055
CG7991	2664
CG12011	1584
CG13931	516
drpr	3215
CG18171	2280
CG12035	900
Oseg4	3615
PIG-Wb	1512
Gk2	1728
CG13921	3475
Cht2	1452
CG8001	2244
Dhc62B	11892
CG13933	2013
CG12018	1293
CG2021	285
mRpL46	774
alpha-Spec	7371
dlt	3720
Cdc37	1167
CG12020	1098
Patj	2613
JTBR	456
CG42676	2260
GV1	918
Cpr62Ba	408
Cpr62Bb	582
Cpr62Bc	540
CNMa	579
CG12024	876
Rap1	552
HBS1	2010
CG12025	510
CG13924	1510
dre4	3366
CG13937	1293
Aprt	546
Tmhs	795
dsb	1904
Dbx	2223
CG5687	2049
Mfap1	1434
mu2	3840
Cnb	2067
mv	10605
SCOT	1566
CG1927	648
CG11815	849
CG1139	1353
CG42841	237
CG42357	1347
CG42356	1266
CG34259	1278
CG42355	483
sls	55457
zormin	11408
CG15822	3801
CG15879	1026
CG5704	1005
CG15820	924
CG13810	1470
CG5707	1134
CG8960	342
CG15878	1338
Oseg2	5262
CG9018	1173
ACXD	3489
CG32301	3333
CG32305	3492
CG1275	1036
CG2034	786
oxt	2628
CG13807	510
ecd	2052
CG13806	891
obst-I	657
CG32302	939
yellow-g	1179
yellow-g2	1146
MsR2	1941
MsR1	1668
CG13801	2070
CG1317	2964
CG8993	426
mRpL23	450
CG9004	2562
CG15877	831
Svil	17015
CG42787	246
CG32298	600
CG32299	402
CG16762	762
Cyp4d20	1530
CG1146	945
CG16758	1295
Spn	6462
CG32295	1074
msn	4572
RpL8	768
dos	2634
CG16984	921
CG12182	2082
CG16985	447
CG16986	429
Pxn	4586
CG42245	453
MEP-1	3456
CG14949	624
CG1143	888
CG1246	1311
ProRS-m	1382
CG42304	1695
Snup	1053
Fife	4007
CG33233	1529
CG33234	1425
Mrtf	5364
Acp62F	345
Non2	732
AhcyL1	1563
CG12093	1140
Atg2	5718
mRpS35	978
pgant6	1998
Tet	8766
spz5	1161
Shab	5287
CG9970	1452
CG32846	1068
CG34025	975
Or63a	1265
CPT2	2001
CG2113	549
FMRFaR	1647
CG32488	921
CG32487	960
aly	1704
CG2162	1986
Jafrac2	726
scramb2	789
Sk2	1983
CG32485	666
CG1271	1727
CG16753	531
CG32486	1236
CG11486	2414
Cht7	3039
CG45066	801
CG45067	2643
prominin-like	3040
CG11537	2291
CG1291	1272
Usp5	2481
BtbVII	4043
ND-30	795
CG15812	1554
rasp	1500
Asciz	1164
CG32280	390
CG32278	333
CG32281	1371
CG14963	783
CG14964	4329
Girdin	4143
CG42494	849
CG32284	306
CG14957	288
CG42525	1257
CG14958	435
CG14965	1671
Hsp83	2151
CG14966	420
CG32276	192
gry	3960
CG32271	744
CG33159	771
CG32277	783
CG33160	774
CG32269	996
CG32270	777
CG14967	6900
CG12034	1326
RpL28	432
eIF1	330
CG11505	4593
CG17746	1113
CG12078	759
CG43389	144
ckd	420
CG34265	336
CG14960	993
CG12017	1788
CG12009	2715
CG14968	597
ZnT63C	1635
Drsl2	210
Drsl3	213
Drsl4	213
Drsl5	207
PIG-C	936
CG12016	969
CG42456	243
Strip	2817
PHGPx	795
CG14961	2742
CG14969	945
Drsl1	207
Drsl6	216
kst	13074
Drs	210
YT521-B	2163
CG12010	2151
CG12012	366
Ids	1536
sty	1767
eIF5B	3432
armi	3564
CycJ	1158
CG14971	1407
CG32267	147
CG42324	3113
CG43074	546
ImpE2	1398
Eip63E	1669
CG10359	1455
CG10357	963
CG14974	378
dar1	2253
CG10862	1062
CG43098	480
CG43089	432
CG32264	4907
ppk27	1266
CG32266	231
ntc	942
IntS10	1893
CG32262	819
CG32263	618
PIG-B	1683
Scsalpha	984
Acp63F	243
enc	5856
Rdh	141
Awh	861
Fie	750
Gr63a	1467
CG14977	492
Ccz1	1455
Ubi-p63E	2289
Sc2	906
ida	2331
mge	486
Eip63F-1	632
CG10866	672
CG12766	960
CG10863	948
CG14982	2319
CG10853	465
CG14983	489
CG14984	345
CG12605	1912
CG43915	315
scrt	1959
CG14985	723
FoxL1	1095
Mul1	1014
CG11594	1644
Gr64a	1368
Gr64c	1257
Gr64b	1218
Gr64d	1251
Gr64e	1380
Gr64f	1407
CG11593	1452
Rcd5	1734
CG1136	1374
Dpy-30L2	294
CG18869	1749
dib	1467
wit	2739
CG32259	489
Faa	1251
Gad1	1530
CG14989	738
CG14990	966
CG14995	1649
Fit1	2124
Ack	3219
Chd64	579
ens	3723
RfC4	993
Rop	1791
Ras64B	576
Akh	237
CG32260	1756
CG1299	1533
nab	1932
mas	3141
Ero1L	1449
CG18675	873
Teh4	1572
Teh2	982
Teh3	1344
VhaM9.7-c	252
tipE	1356
CG43367	8346
CG15005	2250
Cpr64Aa	576
Cpr64Ab	360
Cpr64Ac	564
Cpr64Ad	741
ImpL2	807
CG14997	1371
pav	2661
ago	3978
CG1265	663
CG15011	2520
CG1309	1572
CG11586	582
VhaM9.7-a	255
CG1273	3504
CG33764	540
Ctl1	2073
CG11583	1068
srw	408
CG1316	1410
TfIIEbeta	876
Hexo1	1882
CG15012	456
Fdx2	456
dyl	1833
Claspin	4395
PMP34	942
CG15014	972
Cip4	2149
mRpS6	441
CG33514	933
CG11342	714
DopEcR	966
CG32240	435
slow	1536
Syx17	1038
CG15019	438
DOR	1282
CG15020	1812
nAChRbeta1	1691
CG15021	1260
CG12607	498
CG11345	726
CG15022	885
CG15023	507
CG15024	318
CG32241	1245
CG32249	726
CG32248	546
CG11349	1887
CG7465	963
CG11350	1368
CG13722	2124
CG13721	318
CG13720	1461
NT1	3127
Tie	3699
CG11353	2262
CG32243	1455
CG11357	1302
CG33777	516
CG42540	2056
Src64B	1659
CG32246	1695
HDAC1	1563
axo	6963
CG13716	351
CG32238	1461
CG32236	1155
CG34266	264
CG7514	903
CG18418	933
RhoGEF64C	5952
CG15876	414
CG13713	297
CG13712	351
CG12493	888
CG13711	381
CG7509	1845
CG18808	1155
Dhc64C	14179
LeuRS-m	2607
CG13708	3903
CG13707	489
CG32237	2733
CG32235	249
Dnah3	13173
CG13705	1296
CG13704	408
Rh50	1380
Con	2073
CG17030	540
CG32232	2925
ATPsynCF6L	441
CG4597	564
CG15212	189
CG15213	186
CG4603	1113
CG10674	324
CG4611	2109
Prpk	672
CHMP2B	636
CG10672	951
Gdap1	992
Fitm	1440
AlaRS-m	3036
Gen	2178
Srp54k	1524
shep	1824
CG4669	1833
lama	1974
Klp64D	2031
Cyt-c1	921
Uev1A	435
Membrin	648
Pfdn4	414
Ir64a	2577
DIP-delta	1407
CG4835	3672
blanks	972
CG34342	1716
Lkr	1626
CG13285	617
frm	3545
sinu	741
Sucb	1248
Sras	906
bc10	237
Msr-110	1971
l(3)psg2	5787
spo	1629
CG10592	1572
CG5150	1551
CG10591	936
TM9SF3	1776
mthl2	1554
Eaf6	675
Blimp-1	3648
lin-28	585
sif	10646
Sse	1902
CG46320	162
CG44521	276
DnaJ-1	1002
Usp47	4668
CG10576	1173
Txl	861
Ppat-Dpck	1554
scny	3491
vito	792
Myt1	1599
PGRP-LD	1012
Pmi	547
Cralbp	972
Bre1	3132
Tektin-C	1263
S6k	1470
CG42272	1752
kri	791
mad2	621
vn	1907
CG5568	1635
CG18586	1635
CG13287	1410
DNApol-epsilon58	1575
CG5592	1620
CG32409	1047
QC	1020
CG32413	942
CG10486	2180
CG13288	833
CG10483	2013
CG32407	723
CG33523	2052
Rcc1	1641
CG33993	1263
CG10479	1137
PVRAP	1422
alphaKap4	1326
CG10477	816
yip7	810
CG6462	957
Jon65Aiv	813
Jon65Aiii	822
Jon65Aii	777
Jon65Ai	786
tant	897
CG6592	1314
CG10472	870
CG42269	1986
CG6602	1308
CG13295	1455
CG6610	273
ssp6	2598
CG13293	1809
CG10469	801
CG10467	1092
loj	711
Ets65A	2263
l(3)mbn	1959
Lcp65Ag3	315
Cpr65Au	318
Lcp65Ag2	315
Lcp65Ag1	315
Lcp65Af	300
Lcp65Ae	297
Cpr65Av	333
Cpr65Aw	355
Lcp65Ad	324
Lcp65Ac	327
Lcp65Ab2	312
Cpr65Ax1	306
Lcp65Ab1	312
Cpr65Ax2	306
Lcp65Aa	306
Acp65Aa	315
CG13297	435
Cpr65Ay	327
Cpr65Az	717
CG13296	1395
CG10289	2988
CG7376	3810
CG10274	2589
D19B	2322
CG43293	309
D19A	2535
CG7386	1986
Sf3b6	363
Tnpo	2679
CG8219	2559
LanA	11136
CG33946	120
CG13299	336
BG642312	231
CG42714	303
CG10226	3960
Mdr65	3906
Best2	2427
CG10163	1134
ImpL3	996
CG43168	252
Or65a	1251
Or65b	1218
Or65c	1230
CG13300	1164
Sfp65A	423
CG42747	1212
CG10147	1344
CG8270	1926
Vps8	3687
sfl	3144
CG32396	1386
MCU	1602
jv	5736
ndl	7848
CG8368	2043
zpg	1101
CG8398	1611
GluRIA	2973
eIF4E4	687
CG32395	1113
SP1173	2223
CG8519	621
ple	1737
dikar	9802
velo	5512
CG8549	756
CG10103	1260
CG32392	2183
vvl	2226
Prat2	1641
CG45413	444
CG14820	1248
tow	1353
CG10077	2465
CG9948	654
CG10075	777
Surf1	900
sgl	1428
CG10064	2226
Mis12	543
CG9953	1524
CG10063	636
Galphai	1065
CG32388	237
CG43439	168
bin	2028
Mp	3324
CG17744	714
CG8641	1302
CG14823	838
CG32391	732
CG34030	819
Cpr65Ea	381
Cpr65Eb	537
Cpr65Ec	381
form3	5151
msl-3	1536
BBS1	1815
CG8629	252
CG15829	246
CG8628	252
Dbi	258
melt	2982
corn	3369
CG8620	561
Dscam2	7399
CG14826	657
CG14829	657
BHD	1380
RpL18	564
Neos	1113
mRpL50	567
mei-P22	993
Cdc27	2700
MED4	774
CG14830	969
unc-13-4A	4113
CG8607	825
RhoGEF4	1941
Rint1	2172
CG8602	1434
CG42307	285
mus312	3447
CG43780	486
CG43781	171
eco	3156
lark	1056
Cln7	1638
CG14834	1221
Srp19	480
qm	1014
CTCF	2454
pst	2121
Sec63	2259
Sh3beta	1569
akirin	603
SMSr	1800
smid	2832
CG8564	1590
CG8563	1320
CG32379	1032
CG8562	1272
CG18417	1281
CG8560	1254
CG42458	2133
Rac2	576
CG14835	456
sphinx1	759
sphinx2	759
CG33278	1194
ppk26	1791
CG42661	423
Tsp66A	714
CG42660	426
CG8543	657
CG8541	825
CG43292	426
mthl6	1440
Cyp316a1	1452
Cyp4d8	1389
CG8539	1155
CG7548	591
CG7546	4041
ltl	2451
lqf	2520
CG16998	774
CG32374	897
CG32376	873
CG14837	2280
frac	4854
CG14838	3396
CG7716	2184
Pura	5928
Urm1	303
CG7506	708
CG32373	1458
PGRP-SD	558
CG7492	1719
Ank2	41523
CG44195	2082
CG12262	1257
CG7457	4215
CG8492	4080
Snmp2	1668
CG13685	1008
CG7409	462
Hn	1371
Clk	3081
CG32371	882
CG32369	3198
Pdp1	3105
CG32365	1884
eIF4E5	696
pbl	4152
CG8281	1044
CG8111	1128
CG32368	264
syd	3758
Srp9	231
CG43880	486
exex	1575
RNaseX25	975
CG8042	1968
HP4	335
CG8209	993
CG8038	618
nmo	1294
bip1	1257
Ect4	6364
CG42590	840
CG42591	477
CG7565	3207
fan	654
CG7927	2117
Arp3	1254
msk	3147
ldbr	1602
CG7550	720
mRpL36	384
Uba2	2100
CdsA	1341
CG7504	5028
mus301	3153
CG13676	2649
CG42445	261
CG43886	213
CG13675	1065
RecQ4	4737
Nmt	1416
mthl7	1473
Uxs	1323
ERR	1488
Atg18a	1346
MED24	2979
CG7387	1347
UbcE2M	543
CG8005	1104
CG7366	1167
CG13679	357
tut	690
CG8006	1509
CG8012	246
CG13674	411
CG13678	384
eIF4E3	732
CG7213	1347
Dscam4	5836
cert	1869
CG7201	1035
Rab19	657
Arl5	537
CG13671	2094
CG7194	1038
Sbp2	939
Gr66a	1581
BI-1	753
CG7185	1956
CG43059	231
CG13670	798
CG34461	414
CG34462	936
Cpr66Cb	486
Pex2	843
DNApol-alpha50	1314
CG7083	1314
CG7182	1539
GAPcenA	3588
Culd	2955
Idh	1437
ImpE1	4886
Jon66Ci	780
Jon66Cii	786
CG7120	2103
mkg-p	1977
CG33057	636
CG13667	1746
Oseg1	3507
Exo70	2079
mtrm	651
CG32354	1986
Cbl	2637
Unr	3171
CG6983	540
Gug	6043
CG43163	7569
ZC3H3	1791
CG6745	2202
CG6765	2053
CG6683	591
GstO3	723
se	729
GstO2	1472
GstO1	762
foi	2118
ergic53	1536
rhea	8657
CG6638	1260
CG43078	10370
Nelf-E	840
RpL14	498
CG5989	1308
CG6282	1437
S-Lap1	1665
S-Lap2	1656
GAPsec	1209
Zasp66	1621
Cdc6	1986
Cpr66D	810
CG13305	969
Pex7	1017
Arr2	1203
h	1011
SrpRbeta	732
CG32022	534
CG6511	3633
CG43965	114
Cp18	516
Cp15	345
Cp19	519
Cp16	414
Prm	3558
CG13306	282
Fhos	8246
CG6576	801
CG5804	246
CG13310	1203
CG13311	459
CG34426	888
CG32023	480
CG34427	807
CG13312	1026
CG32024	627
CG13308	699
CG13309	687
dally	1878
CG32026	2157
CG43169	210
Mcm7	2160
TrpA1	3990
mfr	5033
Tsp66E	801
CG43783	3744
orb2	2138
GNBP3	1470
mRpL12	546
CG13313	1245
ValRS-m	2982
CG5653	1428
CG5021	669
CG5026	1860
pix	1833
Srp68	1812
CG5644	1377
CG13314	378
Galk	1470
CG5068	1227
CG5280	750
smg	3366
CG5087	3234
Doc3	1272
CG5194	906
Doc2	1407
Doc1	1173
CG5144	1164
Argk	1793
CG4911	1350
CG4942	1053
teq	8416
CG32032	858
CG13315	207
bol	710
Dhpr	705
Use1	750
nwk	3622
Rdl	2030
Slc45-1	1797
CG4476	1887
CG4483	1305
CG4477	945
GluRIB	3546
PGRP-LA	1195
PGRP-LC	2974
PGRP-LF	1107
UGP	1587
CG32040	939
CG32039	246
Pdxk	912
CG34456	501
Klp67A	2456
mRRF1	762
CG4452	1170
Fdx1	516
Hsp67Bc	597
CG4456	333
Hsp22	522
CG4461	600
Hsp26	624
Hsp67Ba	1335
Hsp23	558
Hsp27	639
CG4080	1851
eIF4E1	801
Cpr67B	780
CG4022	1593
CG3689	743
CG3967	1390
CG3982	1047
aay	810
Shc	1227
RpS17	393
MTF-1	3024
CG42526	735
Bet3	534
Nf-YA	1197
CG33926	615
CG3529	1629
CG3448	705
ghi	243
phol	2007
CG3552	1224
CG3437	1047
CG3434	1254
CG44838	3326
Uch-L5	972
Jarid2	7053
pall	942
CG32036	519
CG32037	756
path	1454
CG3408	993
RpS9	586
CG33703	543
CG33702	537
CG33700	525
Or67a	1221
Ir67a	1752
CG42673	3420
Tmc	6108
CG3222	1137
CG3088	756
CG3306	864
LanB2	4917
CG3335	2754
Or67b	1263
CG8336	1149
fry	10702
CG8329	777
CG18179	804
CG18180	792
CNMaR	1440
CG16717	900
alphaTub67C	1386
CG6767	1200
CG16719	813
Ubc4	597
CG6761	2667
CG16711	4491
SH3PX1	1695
vsg	789
CG18178	1122
CG14174	1041
nbs	2454
defl	3003
Naa60	910
ATPsynB	729
CG6749	1656
CG42268	4741
CG8177	3906
CG32052	1527
Zasp67	2300
Ilp1	462
Ilp2	411
Ilp3	360
Ilp4	402
CG43897	4653
Ilp5	324
I-2	930
Cdk8	1362
RasGAP1	3543
CG10809	1074
iPLA2-VIA	2671
CG8108	2757
CG34382	2415
Taf2	3663
CalpB	2775
CG6709	351
CG14164	558
CG6707	820
nudE	1399
bma	2562
CG6685	639
Dronc	1350
CG6674	699
CG42455	234
vnc	588
dpr6	1284
CG14160	1449
CG32053	1488
CG32054	1689
CG42825	1554
CG42826	1419
dpr10	1224
CG8072	741
CG6628	831
ect	1862
CG8065	900
CG32055	1602
scramb1	1550
Or67c	1212
can	2826
Or67d	1173
CG12362	1533
Ir67b	1722
Ir67c	1719
Gem3	3084
CG32061	642
S-Lap3	1605
Rbfox1	3262
S-Lap4	1572
CG6527	498
CG42521	369
CG43127	581
CG34238	618
CG14151	588
CG42536	552
CG42535	561
hay	2394
CG34001	447
E(z)	2295
CG8009	393
CG18628	189
CG32066	972
CG14154	755
CG14153	711
CG8003	1221
Adi1	558
simj	2835
CG11811	699
CG33493	353
ND-13B	372
NijA	735
CG43245	198
CG12523	750
CG42831	372
tna	3512
CG6418	2373
Blos4	507
CG6409	1080
galla-2	468
CG6404	1323
Cpr67Fa1	402
Cpr67Fa2	402
Cpr67Fb	366
Aps	531
CG14147	459
klu	2454
Fad2	1065
CG32079	1371
CG32081	1413
CG43693	1880
CG7888	1395
CG6321	1254
Blos2	477
CG32069	240
CG32075	1623
SuUR	2886
CG45101	204
CG6310	579
Mocs1	1748
Pfdn2	429
CG7839	3522
JIL-1	3621
Iyd	2271
CG33947	96
Irbp18	339
APP-BP1	1572
Elo68beta	807
Elo68alpha	786
CG32071	450
CG32073	327
CG12522	411
CG34012	474
CG7638	1488
Sod1	501
FoxK	2284
mRpL2	882
Ufd1-like	948
NaPi-III	2001
nol	390
CG32074	330
CG14143	342
IRSp53	3350
CG6216	705
Alg10	1347
wls	1782
CG7616	1671
CG14142	1486
GlcAT-P	1437
Plod	2163
CG7607	501
CG14141	486
Ube3a	2919
CG7600	2784
CG42671	3973
Ir68a	2112
scyl	840
CG6175	1707
CG7573	1431
CG6168	1026
CG6163	1284
CG11726	873
CG44362	321
CG7560	1047
CG6149	702
CG7557	1065
CG12289	1134
CG7551	966
CG6140	1410
Vha16-3	474
Vha16-2	474
chrb	897
CG33500	264
Sgs8	225
Sgs7	222
CG33272	264
Sgs3	921
CG7512	1620
CG11714	1149
Fuca	1482
Mob2	2922
CG7394	387
CG33267	282
CG33490	1590
CG33489	1491
CG33271	264
CG33270	264
CG43390	120
CG43391	120
CG33269	264
CG32086	1473
rt	2658
CG7377	282
CG33268	282
CG7368	1590
CG14137	309
Duba	2011
CG42832	195
Muc68Ca	9405
CG6084	1162
CG6083	966
PCID2	1185
CG18815	723
CG32091	1869
CG6071	2886
RIOK1	1755
CG7339	720
CG32085	1998
TfIIEalpha	1287
Sugb	1883
Pldn	501
CG14135	792
CG11652	1362
Dnai2	1759
CG11658	1053
mtTFB1	990
Ccdc56	261
crim	474
CG14132	354
Bmcp	909
sunn	2856
CG32087	1221
CG6024	1137
Gr68a	1167
Muc68D	4542
Tim13	276
Pi3K68D	5639
CG14131	2205
CG5964	2784
CG10907	1506
Klp68D	2352
CG10361	1251
CG42255	10839
CG14130	765
CG5946	1186
CG11597	951
RpL10Ab	661
CG32095	1287
CycA	1473
CG7264	1143
CG43064	1443
CG12521	198
CG44837	3966
CG5906	588
Sprn	1737
CCDC151	1842
CG5897	957
CG11588	810
SdhAL	1953
byn	2098
Rpt4R	1194
CG5883	1017
CG7252	1422
CG17826	2253
obst-G	837
CG7248	2388
CG11570	642
CG43294	372
prc	5139
Muc68E	5397
CG42397	534
CG14125	789
CG43896	6384
CG6938	3735
CG6931	870
viaf	720
Grip163	4053
Pop2	1206
CG6928	1850
rols	5938
CG43993	243
CG6793	1692
CG43638	366
Sema5c	3279
CG17154	366
vers	1173
ssp	1104
CG11560	921
yps	1065
Ir68b	1905
CG34241	246
Lsp2	2103
CG11534	1476
CG5645	2565
Atg12	333
ND-SGDH	558
RhoGAP68F	1428
eIF3l	1617
Nrx-IV	4049
CG32099	870
CG9760	912
Rh7	1449
CAH2	1005
CG6910	876
Est-6	1632
thoc6	1050
Est-P	1632
CG11529	861
Adk1	687
CG5626	1149
app	3161
CG32100	1461
Pbgs	981
CG4300	1483
INPP5E	2241
CG4328	1632
CG44355	168
Lmx1a	1920
CG10418	285
CrzR	1932
Ncc69	3621
CG32104	3645
Obp69a	444
Smyd4-2	1989
CG32103	1956
ArfGAP1	1404
toe	1920
eyg	2010
CG32102	264
CG10616	1524
CG10663	2244
CG33725	591
CG10660	1461
CG10657	1002
CG10638	1809
CG10681	636
CG10646	1149
vih	534
CG10654	1236
sti	5574
tral	1971
Gcn5	2439
ver	642
eIF2beta	936
nst	1647
Tsf2	2457
CG34242	174
Pmm2	762
CG4069	1527
sowah	2388
ara	2151
caup	2079
mirr	2046
SmD1	372
Ptp69D	4386
CG32112	1530
CG32109	693
Klc	1524
CG10984	1974
CG10973	918
CG32113	11757
Hip1	3372
CG32106	4239
CG10969	2091
CG17666	2616
Atg1	2565
CG42709	1374
Sap130	3882
CG32110	1233
Sf3a2	792
CG42588	8190
CG10960	1617
CG10948	2412
Wbp2	1254
Ent3	2004
CG32107	2949
CG10943	924
CG14120	4113
CG43894	1594
CG14118	1317
CG12520	1130
CG32117	645
CG32115	1425
CG10752	1617
Or69a	2154
CG10748	1047
CG10749	1041
CG11262	2106
CG11263	795
CG14117	499
CG11261	2010
MICAL-like	3030
CG11267	309
mRpL20	450
ste14	897
AdenoK	1052
RpS12	417
Zmynd10	1353
CG17672	747
SRm160	2862
RpS4	783
Syx13	852
CG11279	306
CG14115	657
CG34428	690
CG34429	747
CG17300	456
CG11251	1014
trn	2253
CG33262	624
snky	2145
caps	2433
CG32119	1452
Sfp70A4	165
CG42481	147
CG43147	132
SP	165
CG14113	246
CG17687	4632
Nplp2	357
CG14111	759
SNCF	438
CG14107	732
ImpL1	1098
CG14110	1044
CG10171	1002
Poc1	1299
sens	1623
CG10222	921
flr	1846
CG32121	1944
CG33263	681
CG14106	1011
CG14105	555
CG10713	1425
CG10154	948
CG10725	807
CG10140	891
CG14109	729
cmb	4975
CG10133	948
CG10738	3750
CG10116	867
CG10089	1754
stv	1908
Abp1	1593
Tgi	1666
Spt20	5621
Vps36	1197
Liprin-beta	2040
CG10710	2127
bru3	1394
CG43184	243
CG8757	756
CG8750	228
Tsp68C	1086
Hml	11529
CG8745	1482
dysc	3891
CG13737	234
Rgl	2946
CG8833	2856
DCTN1-p150	3795
CG32137	1860
Meics	1749
ssp2	2946
Nxf3	1677
CG13738	279
Hsc70-1	1923
CG17364	2420
CG17362	459
CG9040	483
26-29-p	1647
CG17361	630
CG17359	1017
Nprl3	1830
upSET	9438
Ptip	6882
endos	357
CG6650	1503
CG6661	1743
Hsc70Cb	2508
Neurl4	5340
CG6833	870
CG13484	453
Frl	3606
Pex1	3018
btl	3156
CG8100	1944
Fbp1	3087
Sox21a	1221
Sox21b	1761
D	1146
nan	2502
nuf	2388
saturn	714
CG7768	492
CG7924	963
CG34244	336
CG7906	1068
fz	1836
CG13482	306
CG13481	528
CG43120	858
CG3868	1047
stwl	3145
CG3919	954
bbg	7979
CG9592	456
CG4613	1122
CG43246	504
Mpcp2	1068
Gbs-70E	1152
CG34039	594
Lk	480
CG42758	372
HGTX	1539
shd	1620
CG9628	525
RecQ5	3184
dlp	2295
CG43121	351
ome	3531
CG4914	1122
CG5048	630
goddard	339
CG13474	444
CG17177	3999
CG13476	447
CG13473	417
CG13471	798
Trl	2231
CG42507	954
CG33260	828
CG9384	1761
CG17173	1524
mop	5499
bmm	1703
Tdrd3	2508
CG9425	6309
NHP2	480
gnu	720
CG17839	5007
CG34245	393
DCX-EMAP	3423
CG13465	234
BobA	234
Tom	474
Brd	243
Ocho	447
CG3349	2298
CG5114	1335
mnd	1497
Zip71B	1716
mRpL39	999
Prosbeta2	816
Reck	3213
Sytbeta	1980
CG32148	249
Rpn12R	786
ind	960
CG43678	252
CG18581	501
CG12310	342
CG43679	189
CG13461	411
CG43680	147
CG18649	276
EAChm	633
CG13460	606
Plp	8778
Or71a	1134
sstn	1905
GlyRS	2295
CTPsyn	2035
CG45071	1287
CG13458	1902
Cep135	3243
CG16959	1531
CG32847	492
CG13457	3069
CG12316	3564
Pdi	1488
CG32147	672
Pex3	1155
FucTA	1509
Msh6	3570
Prp31	1503
CG7011	1119
CG6878	237
CG6888	588
Tollo	4038
Best4	1578
Best3	1605
CG7255	3287
Toll-6	4542
CG33259	357
CG7804	954
Ran-like	651
CG12355	612
CG13455	1131
CG7276	513
CG7275	1338
CG7272	684
CG7857	936
CG7841	522
Z600	270
gdl-ORF39	117
gdl	582
Eip71CD	862
CG13454	336
mex1	302
yellow-k	1026
CG7945	992
CG33986	831
CG33985	831
CG42729	555
CG42728	468
obst-H	807
CG43248	363
CrebA	1548
AGO2	3667
CG7739	1788
SCCRO	906
dop	6417
CG16979	1821
mrn	1497
CG12301	2313
AIMP2	1002
CG7656	957
RhoGAP71E	3235
CG7650	828
CG13449	1710
comm3	1687
CG7372	2913
CG43083	390
Eig71Ea	300
Eig71Eb	285
CG43084	342
Eig71Ec	519
Eig71Ed	297
Eig71Ee	1335
Eig71Ef	294
Eig71Eg	294
Eig71Eh	303
Eig71Ei	306
Eig71Ej	294
Eig71Ek	291
CG43082	291
CG7304	1689
CG7579	1494
pgant8	1770
CG34452	954
CG34451	759
comm2	1029
CG42571	876
CG42570	1830
comm	1110
CG6244	246
CG13445	321
fwe	749
CkIIalpha-i1	1230
DCP2	2376
dbo	1891
CG12713	987
CG18081	231
CG15715	231
meru	1572
pHCl-1	3356
sff	2583
Pka-C3	1749
GXIVsPLA2	695
elgi	945
CG17032	936
l(3)72Ab	6426
CG10516	1026
brm	4998
CG17026	852
CG17029	852
CG17028	852
CG17027	864
Arl1	540
DNApol-delta	3276
Hip14	1965
CG5830	1056
mRpS31	1128
mib1	3714
Notum	2013
CG42717	288
CG42716	291
CG42538	267
CG5895	1359
Diap1	1314
Mbs	4841
CG33258	756
CG13075	1017
Tasp1	1095
CG5235	2094
ClC-c	2679
CG13074	1353
ATPsynbetaL	1866
IleRS-m	2823
IntS9	1962
CG43295	501
Zn72D	2674
Taf4	3264
Strumpellin	3573
Pgm	1680
SsRbeta	570
Trs20	417
elg1	3486
CG5157	357
CG5151	1479
CG32152	1071
CG33796	537
CG33795	534
CG33687	507
CG33688	525
CG33689	534
CG33690	510
CG13073	1053
l(3)72Dn	2097
CG5027	1290
PDCD-5	399
MED10	399
Hsc20	720
l(3)72Dp	1119
l(3)72Dr	1035
CG13055	927
CG13054	942
CG13053	273
CG34247	249
CG13071	207
CG13070	456
CG13051	249
CG13069	291
CG4950	1722
CG13068	327
CG34248	309
CG13067	237
CG13066	279
CG13065	420
CG13050	429
CG13064	261
CG13049	543
CG13048	618
CG13047	510
CG13046	543
CG13045	561
CG4962	369
CG4982	339
CG13044	465
CG43249	231
CG13043	444
CG13063	387
CG13042	351
CG13062	354
Nplp3	270
CG13041	372
CG13060	393
CG42718	237
CG13059	465
CG13040	555
CG13039	372
CG13038	282
CG13058	444
CG33061	866
CG33060	363
retinin	573
CG13056	297
CG4998	3555
CG33257	990
mRpS34	564
Golgin104	2328
Tcs3	1041
Pdh	834
ringer	576
Cpr72Ea	1023
Cpr72Eb	651
Cpr72Ec	1287
CG4842	777
CG18814	801
roq	2457
CG4753	1140
CG4729	1191
RAF2	3351
CG44836	2499
Gagr	1056
fax	1263
TMS1	1414
GluRS-m	1533
TyrRS	1575
CG33158	3099
dsx-c73A	2556
aos	1332
CG43373	5677
CG42514	1608
st	1998
CG13033	633
CG4229	768
Mipp1	1401
CG43206	216
mbf1	564
nxf2	2523
Smn	678
Rpn12	792
UQCR-C2	1320
Syx8	696
CG32163	429
l(3)73Ah	666
tra	659
spd-2	3438
CG32165	3240
CG32164	3240
CG4098	921
Prosbeta6	705
Su(P)	1251
CG4101	261
Mo25	1017
Abl	5253
Baldspot	948
Galphaf	1197
zetaCOP	552
CG13032	1980
CG43954	354
Lasp	1971
CG9692	1146
Dab	7117
CG13026	354
CG13031	366
PGRP-SB2	593
PGRP-SB1	570
Dbp73D	2061
CG9701	1623
CG42852	96
Nrt	2538
CG13025	1824
CG9705	429
CG9706	1575
eIF3e	1305
CG9674	6347
nudC	996
CG13024	723
TSG101	1224
CG9669	234
Zcchc7	5202
CG32161	684
Rh4	1134
sina	942
sinah	1053
CG13029	864
CG9951	1665
Lmpt	8725
CG32170	1620
CG13028	555
CG13023	1233
CG11905	3812
CG13022	594
Cpr73D	1791
Obp73a	837
Nc73EF	3445
Exn	6439
CG3764	4433
CG6664	1596
CG7728	3477
CG6652	1812
a10	465
Fit2	2145
CG7730	1743
Ilp8	450
beg	1137
scaf6	2886
Papst2	1188
CG14057	435
TpnC73F	465
rogdi	1029
CG7724	1194
Rbp6	2298
CG6512	2478
CG7707	960
CG6497	654
CG13723	330
ND-24L	714
CG13724	1650
CG13725	597
Or74a	1212
CG6479	1637
CG13727	906
brv2	2208
Mip	633
CG7692	3972
tap	1194
Cad74A	5460
CG13728	2259
CG13731	2376
blot	3084
Sec3	2667
CG7630	270
CG33051	633
CG33052	1014
frc	1119
CG32174	804
CG32176	1743
CG12229	1713
CG18265	3966
QIL1	366
CG7589	1527
UQCR-Q	267
CG34250	217
CG13733	855
qjt	699
CG6333	618
Oatp74D	2457
edin	345
U4-U6-60K	1659
CG7564	1260
Edc3	2040
Nedd4	3447
Jon74E	1262
CG7542	810
CycT	3291
Eip74EF	3643
Vps60	678
CG7510	2871
CG7497	1236
Pep	2148
CG43085	765
Ndfip	801
Krn	651
CG7484	534
Crtc	2667
CG34251	555
Ccn	1410
CheB74a	606
CG6052	5100
CG7460	1458
CG6034	1437
Adgf-B	1560
Adgf-A	1659
Adgf-A2	1683
CG32182	1257
CG32181	1710
CG42815	303
CG42816	4377
NUCB1	1707
CG5589	1782
CG32187	1227
CG32191	1692
Cln3	1266
Ir75a	1887
Ir75b	1815
Ir75c	1869
Grd	2058
CG32188	315
CG32189	315
CG5577	945
CG5567	990
MED19	1011
CG7430	1512
TrpRS-m	1995
CG5535	1890
CG34002	1050
CG7408	1755
CG5506	540
CG16775	573
CG7402	1737
Tsp74F	708
Prestin	2226
CG14353	1125
CG5290	2394
Eip75B	6360
CG32192	408
CG42393	405
CG44006	1122
CG44005	1110
CG44004	1104
CG34253	336
CG13698	948
mRpS26	675
CG5147	1245
mus304	2538
CG32195	1203
CG7341	1071
CG42853	852
Cyp312a1	1530
geko	618
CG7330	579
CG13699	3153
hid	1230
CG7320	1938
CheA75a	552
CG5103	1869
CG13700	1725
grim	414
rpr	195
skl	324
CG32196	585
CG4306	660
Met75Cb	153
Met75Ca	153
AstC-R2	1779
CG32198	408
AstC-R1	1449
CG7271	1281
term	1284
CG4174	1419
CG13380	507
CG18234	1545
CG18233	1545
CG18231	1410
CG32201	1560
CG32199	1527
not	1488
bora	1617
MYPT-75D	2223
CG42495	426
Capr	2883
GNBP2	1383
GNBP1	1476
CG34254	315
Sgf11	588
CG32202	423
Chmp1	609
Cyp12c1	1572
CG6893	750
Dic4	906
CG12477	795
CG6885	1134
MED11	528
Nufip	1533
Atg3	990
ftz-f1	3754
CG14073	6399
HipHop	663
Cat	1518
Indy	1770
CG6865	855
CG14074	1008
Dysb	864
Grx1	342
Rad9	1467
Blos3	432
Ugt	4644
CG3961	2220
NijB	543
CG3902	1242
RpL26	447
arx	501
CG6843	1098
CSN1b	1575
CG6841	2793
CG14077	867
Ir75d	2025
CG6839	1290
CG18223	967
CG3819	1269
CG32204	1104
CG43049	639
CG6836	984
CG14075	465
CG11619	2097
CG34256	504
CG18135	2622
CG3808	1845
SmydA-2	1590
nkd	2795
Acp76A	1164
CG43407	129
CG3797	1908
Sfxn2	981
Mkp3	1491
MESR6	1452
CNPYb	663
CG10424	900
CG14079	807
Gem2	735
CG14082	1590
Spn75F	1068
fz2	2418
CG33647	570
mRpL21	603
rept	1443
nes	1491
Bet1	351
Max	483
CG42374	387
CG9666	639
CG45081	276
CG9629	1620
CG14085	2622
CG14088	868
CG14086	636
CG14089	672
Gbs-76A	2043
fal	1104
pip	9532
CG32206	3834
ms(3)76Ba	2307
CG33062	372
Chd3	2676
CG14095	486
CG14096	366
CG32214	348
825-Oak	387
CG12519	393
CG18294	423
CG32213	387
brv1	2184
CG32212	333
CG9449	1239
CG9451	1230
CG9452	1266
Cpr76Ba	612
Cpr76Bb	594
Cpr76Bc	1272
Cpr76Bd	3693
CG9279	4017
CG43885	186
Ltn1	5241
Rcd7	1191
CG9300	2019
Shal	1716
CG9231	375
CG9330	2124
CG14100	1221
ash1	6678
Taf6	1818
CG9368	584
lush	459
CG9372	1224
Lon	3072
PIG-F	708
l(3)76BDm	3957
asf1	654
ms(3)76Cc	3522
wnd	2999
CG8786	1930
Oat	1293
tey	2466
CG8765	2070
Gbeta76C	1038
verm	1778
serp	1623
Trpml	1956
CG42637	4575
CG42529	804
CG42638	1956
Gyc76C	4575
ms(3)76Ca	804
SREBP	3339
CG14102	1323
Ir76a	1951
TORIP	903
CG15881	408
CG34116	633
CG14104	204
Kap-alpha1	1629
Cyp305a1	1512
cyc	1239
Fibp	955
Deaf1	1749
trc	1389
CG32221	1296
kto	7593
Papss	2058
Rab8	640
Usp32	5145
Mi-2	5959
Su(Tpl)	3177
Prp3	1794
Mtr3	978
Rpn1	2757
Su(z)12	2852
Pfdn6	375
Grasp65	1380
CG8004	807
RhoGDI	603
Ac76E	3936
CG32219	450
CG34258	495
CG33710	486
CG42655	462
CG42654	483
CG42263	486
CG14182	504
CG17732	2370
hale	1218
schuy	1803
Csas	561
fln	546
Nca	570
CG7646	558
Gabat	1458
Tom20	513
CG7668	1266
kug	14097
CG14183	2616
CG14184	540
sNPF-R	1800
CG14186	2112
CG14185	1206
Ir76b	1908
CG14187	378
CG7365	1272
gig	5541
obst-J	1059
CG7335	1116
CG7328	918
CG42674	6600
Ssk	486
CG42833	261
obst-F	978
CG7298	1107
CG7290	1257
CG6996	1092
CG7017	1077
CG6933	1096
CG17145	1002
CG17147	1011
Su(var)3-3	2670
CG13813	1290
CG17233	4601
Clc	657
CG6951	609
rdgC	2251
CG32228	2745
gogo	3816
CG17122	1794
FRG1	786
Pex23	4050
SCCRO4	752
CG32225	885
polo	1728
alphaSnap	876
Spn77Ba	1350
Spn77Bb	1086
Spn77Bc	1248
Rbbp5	1467
eRF1	1498
CG5618	1530
kin17	1170
CG5665	1185
DNApol-alpha60	1599
Toll-9	2700
in	2607
CG13247	1002
Ide	2970
RhoBTB	2349
CG5498	1344
fbl	1661
CG33969	1230
trbl	1452
CG13248	2007
zye	6852
CG5282	1353
CG5274	1119
CG5262	1527
Las	1131
Psn	1623
mRpL15	858
CG5872	1486
CG11796	1140
CG5910	753
CG5199	1146
atk	4605
mag	1197
CG42764	723
CG5955	1101
CG32428	770
CG5969	315
isoQC	1173
ZnT77C	1539
ND-39	1248
CG32425	3140
CG18281	1626
CG17637	1512
CG5078	1341
CG5059	619
mTerf3	1062
CG5104	489
CG4825	1494
CG4858	780
Rcd2	1356
CG13250	576
knrl	1941
CG13251	3264
kni	1302
cmpy	820
CG34260	534
CG13252	1152
Gr77a	1347
CG33912	495
CG43251	117
CG4074	885
CG4186	255
CG4042	852
Pitslre	2856
Pex16	1023
Pex14	840
CG11399	2760
CG11396	1452
Six4	1176
CG3698	1020
tzn	1044
Spc105R	5904
CG3634	1611
HIPP1	2778
CG3618	2277
Pka-R1	1578
Mst77F	645
CG3288	678
CG13255	201
CSN3	1335
CG11456	1387
CG32432	3921
Sfp77F	246
CG43931	294
CG11458	294
fng	1236
CG10589	1158
Sems	825
CG10588	3174
CG11037	876
CG10587	919
CG12983	3346
CG33287	3303
CG33286	3186
CG12984	585
skd	8304
CG10585	1344
CG10584	822
Sin	1488
CG10581	567
siz	4428
CG43072	246
ko	3147
CG33285	669
CG43938	249
CG33284	345
ICA69	1233
CG10565	1938
Ac78C	5181
chb	4473
AsnS	1674
CG42337	1830
park	1446
CG34261	444
CG33054	541
CG33056	1029
CG10512	1375
CG10510	1569
CG10508	2209
CG12975	372
Ilk	1345
CG43219	294
Eip78C	2586
CG43218	546
CG9391	834
CG9389	1788
AcCoAS	2010
ppl	495
CG12974	1089
pzg	2988
Cpr78Ca	381
Cpr78Cb	420
Edg78E	366
CG43702	234
Cpr78Cc	357
CG11309	1074
CG7632	990
Pc	1170
Rab26	1917
Tsr1	2442
CG7324	3873
CG32436	5211
ebd2	1101
CG12971	789
CG32437	1950
CG32440	255
rgn	2424
sa	825
barc	1668
CG33288	3345
Aef1	1362
CG5664	2139
Alp1	1590
Syx7	846
croc	1524
Neu2	1160
CG7202	867
CG7519	480
Hr78	1803
Glg1	3321
Est-Q	1677
M6	1164
SAK	2307
Cdk12	3471
CG7611	1890
Arv1	722
Mkrn1	1158
ppk5	1422
Rpn10	1188
COX8	204
VhaM9.7-b	267
CG33290	513
Wnk	7386
CG7173	1692
CapaR	1433
CG7634	1737
CRIF	696
SMC5	3102
CG32441	702
TfAP-2	1497
S1P	3036
CG11307	1212
CG7166	1401
CG11306	1425
MED1	4443
ORMDL	462
CG32444	1110
CG32445	1101
Atox1	267
CG43980	4766
Cpr78E	411
CG11249	1926
Als2	4458
CG11248	2490
Sfp78E	450
CG32447	1974
CG11247	1566
Rpb8	447
CG14570	684
CG14569	585
CG14568	513
CG14573	576
CG14567	570
CG14566	498
CG14572	771
CG14565	807
Syn1	1881
CG14564	822
CG7370	222
eg	1143
CG43895	165
CycH	972
CG7407	504
CG7414	2096
CG32448	255
CG7148	1362
Nopp140	2469
P5CDh1	1722
CG14563	366
mub	1906
SLC22A	1704
DNApol-eta	2655
CG14562	4608
CG7458	1716
CS-2	4179
CG7470	2328
Act79B	1128
CG7140	1599
CG43392	222
Oct-TyrR	1803
CG14561	582
CG7139	2907
CG7133	1059
CG7130	384
RpLP0	951
Sfp79B	105
msopa	249
olf413	2280
Rich	4287
Ddx1	2181
CG11523	474
Csp	752
Srpk79D	3734
Hem	3378
IleRS	3687
Ten-m	10047
CG32450	474
CG11449	1614
laza	1002
CG11438	1023
CG11437	915
CG11426	1020
CG11425	915
CG43312	633
CG43331	759
CG43330	510
CG43329	582
CG11404	567
Trxr-2	1548
CG14459	483
ND-B14.5AL	435
CG33766	534
CG33767	564
CG33768	501
CG33769	537
CG33770	555
CG33771	534
CG33772	555
CG14457	813
CG14455	582
CG14456	639
CG14454	360
CG12546	351
CG14453	399
CG14452	351
CG32453	360
CG45116	354
CG11370	1038
ArfGAP3	1659
CG32452	1722
mael	1386
CG14451	792
CG14450	1117
CG11367	1086
CG32454	1602
CG11241	1656
l(3)04053	1755
CG7369	2040
SPoCk	3630
CG14448	615
jim	2832
CG45428	285
CG11226	588
CG32462	852
CG32459	1065
CG13239	456
CG33169	174
CG33170	370
CG11137	498
Arf79F	546
CG11109	1317
Chro	2778
Ssl1	1314
slif	1812
CG11131	687
BoYb	3177
CG12768	1287
Mes2	1311
CG32461	756
CG32457	489
nrm	7086
RpL10	654
CkIIalpha	1008
CG33217	2097
Vps11	2490
CG34031	657
nAChRalpha4	1822
alpha-Cat	2796
ND-MLRQ	249
AGO3	2682
CG17454	732
CG40298	1077
CG17698	2082
CG43968	3078
CG40470	2823
CG40045	545
Snap25	685
nvd	1287
mRpS5	1221
scro	1491
CG40472	282
ND-AGGG	282
Set1	4923
MED21	426
UQCR-11	276
CG45782	1845
FASN3	7182
CG40178	2340
CG40160	1263
CG41284	1020
CG42598	1020
CG40228	246
vtd	2184
RpL15	612
Dbp80	1644
eIF4B	1384
CG17514	7895
CG45781	1644
CG46302	513
CG40498	804
rl	1448
CG40191	1188
Yeti	723
l(2)41Ab	2670
Maf1	678
CG17691	1102
CG41520	2242
CG17684	2646
MFS17	1581
CG41378	720
Scp1	567
dpr21	846
CG41242	480
RYa	327
uex	2502
Haspin	1698
CG17683	1446
RNASEK	285
IntS3	3204
Gprk1	2100
RpL38	210
Stlk	1038
p120ctn	2343
CG17486	1692
CG17883	1155
Nipped-B	6231
conu	1887
CG12547	2151
CG17528	2244
CG14464	348
CG44102	879
Ir41a	1944
TpnC41C	462
CG3107	3102
gus	837
Atf6	2245
Nipped-A	11374
d4	1491
sxc	3177
CG10465	903
CG10395	843
CG30441	393
COX4L	528
CG10417	1986
laccase2	3753
CG30440	3171
CG30438	1572
TpnC4	459
Fis1	463
CG17508	986
CG11665	1974
CG1344	2049
Not3	2532
CG8245	1029
kune	792
scaf	1965
CG17337	1434
vlc	1815
ap	1407
l(2)09851	1368
CG34200	156
CG7791	2097
Gp210	5628
ZnT41F	1494
Or42a	1218
Tsp42A	711
Or42b	1197
dpr12	978
CG44438	165
CG43366	6420
CG7882	1548
CG7881	1446
BubR1	4380
mle	3879
Src42A	5177
Act42A	1128
Pngl	1893
Strica	1581
SCAP	3828
CG14591	996
Tbce	1569
CG34211	150
CG34212	144
CCHa2-R	1468
CG7856	2049
l(2)k09848	1257
CG7849	951
SmydA-5	1659
Ars2	2927
EcR	3278
CG14589	752
Cyp6w1	1542
CG8343	546
CG11211	528
Ptr	3517
CG30432	399
eIF3f2	858
CG30431	1254
CG17994	1512
l(2)k14710	2583
bin3	4101
tomboy40	1020
Pld	4092
jing	5232
CG15233	498
CG33919	573
Vha16-1	477
Trap1	2073
Bap170	5064
Fmo-2	1287
Debcl	900
Opbp	1686
geminin	576
sced	2466
Dpit47	1188
Adf1	849
CG15908	468
CG9410	726
Hsepi	1842
PGAP3	1043
CG17266	549
CG9422	618
Tdc1	1761
CG15909	1056
Tdc2	1911
CG3270	1320
Mob4	681
Rab2	639
CG45092	495
CG3409	2682
Zip42C.1	1056
Zip42C.2	930
l(2)01289	7153
phtf	2640
CG3267	1734
Eb1	1150
CG3420	408
CG9436	933
Epac	3078
Cyp6a2	1518
SdhB	891
CG15237	354
ubl	219
koi	3170
CG15236	2421
CG34215	312
CG9445	210
coro	1623
CG9447	1968
Spn42Da	1659
Spn42Db	1170
Spn42Dc	1209
Spn42Dd	1116
Spn42De	1212
CG30158	840
CG3358	873
mim	6270
CheB42b	588
CheB42c	588
CheB42a	594
ppk25	1353
Cyp6u1	1464
CG30157	702
vimar	1905
CG30156	1074
CG17002	1263
Tsp42Ea	1296
CG30159	717
Tsp42Eb	666
CG30160	666
Tsp42Ec	696
Tsp42Ed	681
Tsp42Ee	684
CG43646	441
CG43647	438
Tsp42Ef	660
Tsp42Eg	654
Tsp42Eh	693
Tsp42Ei	687
CG33914	567
Tsp42Ej	681
Tsp42Ek	645
Tsp42El	651
lbm	624
Tsp42En	654
Tsp42Ep	750
Tsp42Eo	657
pgant3	2001
Tsp42Eq	657
Tsp42Er	633
CG12836	522
CG12831	777
esn	3600
Cyp9b1	1515
Cyp9b2	1515
Spn43Aa	1170
CG12828	291
pk	4171
Spn43Ab	1179
Spn43Ad	1221
nec	1428
CG11060	2118
CG33140	2160
CG30385	1608
CG30384	2124
Or43a	1128
Ady43A	1098
Gadd45	489
CG1850	2043
Br140	4290
Incenp	2265
pwn	4095
CG12164	987
Dscam1	23192
cos	3603
Dhx15	2187
Gr43a	1359
Glo1	528
Eaf	1512
CG11112	591
CG11113	414
CG43123	846
CG43267	246
CG1701	402
so	1248
CG11145	447
CG11123	1995
sPLA2	559
CG30503	519
kappaB-Ras	603
fa2h	1065
CG11125	1164
Inos	1695
CG11141	2130
CG11127	1347
p47	1221
Aldh-III	1832
wech	2496
Coop	1074
CG1620	1797
dpa	2598
didum	5400
mEFTu2	1368
az2	1779
CG1603	1758
CG1602	1731
PIG-G	2781
Orc1	2772
Drat	1302
Cyt-b5	489
CG2137	2139
CG1598	1008
Corin	4191
CG30499	663
boca	540
Vps13	9963
blow	1966
CG1360	828
scra	3766
CG1358	1446
CG43340	10916
CG43341	309
CG17985	813
Rpt1	1299
CG30491	993
CG30495	993
CG1339	1260
CG2070	975
CG2065	900
CG2064	990
DCTN4-p62	1542
CG12826	390
mRpL52	378
CG12107	405
U2A	795
LRR	4719
CG30493	978
CG30496	1905
CG34216	1008
tor	2769
CG1941	1056
CG1942	1056
CG1946	1047
CG18812	1788
CG45093	336
CG30497	2670
cn	1341
CanB2	510
CG12825	432
CG12824	482
Gapdh1	996
mus205	6390
Nop17l	2502
sax	1746
CG1550	1878
CG1882	1362
cathD	1176
CG30383	762
phr	1665
Prosalpha1	732
CG18853	990
CG30382	732
CG12822	1236
Atg10	516
Dgk	4050
CG30377	2691
CG12159	618
Cul1	2322
Or43b	1209
Kdm4A	1485
MFS12	1431
PIG-X	729
rnh1	999
drosha	3981
CG8728	1668
CG30380	303
CG30379	885
CG14764	1467
CG34430	792
CG34431	2142
azot	444
CG30378	444
CG2906	1372
CG2915	1359
Sep5	1266
nito	2379
CG14763	567
CG8726	1980
CSN4	1221
ACC	7712
Nup44A	1062
Dic3	861
Hey	1275
CG11191	909
Odc1	1182
Odc2	1179
CG14762	1509
Optix	1476
CG12769	2151
CG17977	276
lig	4725
Vps28	630
slv	678
sut1	1521
sut2	1473
sut3	1428
sand	1185
CG8712	1251
CG11210	2280
Cul4	2463
udd	477
Asap	3513
Nup50	1692
coil	1902
Socs44A	1026
Pbp49	1131
CG42516	450
Pabp2	672
Obp44a	429
Lpin	3460
kermit	1008
CG8708	1375
RagC-D	1155
Rs1	2346
CG30373	474
Gasz	1383
Mlh1	1996
CG14757	489
LRP1	14268
CG14756	708
CG34217	414
dpn	1305
pnut	1617
CG44439	132
CG14760	1587
CG30369	261
CG14759	378
CG2291	333
CG12126	327
CG30376	678
CG30375	1194
CG30371	1197
pdm3	3876
CG11635	858
hubl	873
spaw	1407
whip	498
cola	777
swif	852
boly	765
CG18449	477
CG2127	915
CG8701	738
CG2121	1608
CG43296	345
CSN7	834
Lcp1	390
Lcp2	378
Lcp3	336
Lcp4	336
Cyp4ad1	1548
Cyp4e2	1578
Cyp4e1	1593
Mal-A1	1731
Mal-A2	1701
Mal-A3	1722
Mal-A4	1737
Mal-A5	1890
Mal-A6	1803
Mal-A7	1797
Mal-A8	1764
mtt	4416
CG12780	300
Cyp6a14	1525
Cyp6a13	1479
CG42326	4261
CG14752	336
CG43183	414
CG8736	489
CG8735	1161
rgr	2667
CG8642	1285
Cirl	5755
Vps25	522
beta3GalTII	1146
CG14749	2031
CG8635	1212
ptc	3858
Acsl	2237
UQCR-11L	258
CG30355	558
Jon44E	813
CG8586	1332
CG8738	1377
CG8584	879
CG12376	1851
CG14744	1864
PGRP-SC1a	555
CG14743	1833
PGRP-SC1b	555
PGRP-SC2	552
CG14767	1296
CG30357	1353
gcl	1707
CG30356	447
stmA	2509
CG8740	3807
CG42615	201
CG8746	987
sns	4626
CG30350	1107
RyR	15648
CG8272	2130
DCTN2-p50	1140
Sec31	3780
ana2	1260
CG13751	231
MrgBP	603
Ggamma1	210
CCT8	1638
CG30349	1860
CG8252	876
Pgi	1674
lin	2574
CG34219	417
CG8248	681
Spt	1773
CG8243	1551
CG8237	975
AIMP1	969
PAN2	3723
CG13749	549
FANCI	4443
CG13748	339
CG8230	2097
CG33199	237
CG8229	1142
Tom7	162
babo	2140
spab	735
CG8213	5117
Np	3123
CG8172	1846
CG13744	1167
CG13747	666
CG8170	2565
Ance-4	1827
PPO2	2052
CG13743	1584
CG8197	1161
ana	1475
CNT2	1809
CNT1	1770
CG13742	2187
Dbp45A	1563
CG8080	1279
CG13741	1101
CG8078	1029
CG8777	3699
Vang	1824
Pmm45A	1869
tsu	495
Mys45A	2136
Phax	1359
Su(var)2-10	2224
GstE13	678
CG18659	2820
Hydr1	1575
alc	1023
CG8788	240
CG44286	135
shrb	678
Prp38	990
CG30344	1521
CG30345	1488
CG8008	1698
CG8046	1557
Rad51D	1008
CG42382	540
Rme-8	7224
Rab32	2592
CG8026	1069
CG45085	144
unpg	1455
CG8027	1998
VhaAC45	1137
hig	2879
Cyp4p2	1560
Cyp4p1	1539
Cyp4p3	1545
CG30343	510
Pkn	4977
CG34141	2269
CG2063	975
CG1968	1946
Mad1	2190
Drep2	1716
Myd88	1611
CG13739	2625
CG13954	2325
Or45a	1134
CG12158	183
l(2)03659	4162
CG8800	564
Non1	1956
l(2)k10201	663
CG33774	120
wun	1203
wun2	1050
CG13955	978
prel	708
Pdk	1356
ced-6	1599
Camta	6981
CG33758	534
CG33757	534
Wnt2	1056
brp	6780
CG1888	1116
Or45b	1188
CG1809	1545
Not1	7705
CG1814	1648
Smyd4-1	2253
Updo	1068
CG12929	440
RpL31	372
clos	5508
CG1827	1179
Map60	1320
CG30338	864
CG1902	936
CG30340	1188
CG30339	924
GstT1	684
GstT2	684
CG12926	939
Mmp2	2405
Uba1	3573
CG30002	933
CG1773	951
CG10459	966
dap	735
sqa	2717
CheA46a	531
trpl	3372
CG1690	396
CG1688	2754
CG1698	1962
CG1648	715
lectin-46Cb	966
lectin-46Ca	984
CG34033	504
CG30001	1158
dila	3465
hebe	1368
CG1663	1161
Lsm11	768
CG1665	1020
Vamp7	654
CG1667	1029
Orc6	771
Prosalpha7	759
CG1671	2361
PCB	3591
CG30010	501
CG46338	732
Ntmt	828
CG18446	1461
CG12744	480
Sec24AB	3552
CG1513	2388
CG12923	969
CG30008	798
tea	5655
CG1441	1551
FMRFa	1041
Etf-QO	1812
Mef2	1932
CG15863	396
Pal1	1700
CG1418	579
CG12133	1020
eIF3j	708
CG12134	1233
eve	1128
TER94	2495
Pka-R2	1372
CG12128	1455
CG1407	1603
CG12129	1056
oys	2202
CG34220	2178
COX7C	198
CG44296	228
sel	567
magu	1839
Def	276
PIG-N	2682
mRpL42	372
Cdc2rk	1161
CG12920	1116
CG1371	3597
egr	1245
CG2269	2349
sut4	1332
Jra	1116
RpLP0-like	768
14-3-3zeta	1072
Pfk	3131
dmpd	1809
Ccs	792
gem	2796
CG46319	177
CG12917	1068
Or46a	2244
CG18011	2955
KCNQ	3109
mlt	1377
CG34221	327
Hr3	2918
CG12912	336
CG46321	363
Hdc	2554
CG12209	855
CG12914	788
CG12913	1620
Syb	470
CG12911	1256
CG12910	1500
CAP	13020
JhI-1	2298
CG12909	843
Obp46a	594
Ndg	4050
CG34222	303
SLO2	6270
CG43200	63
CG43172	66
CG46305	69
CG43171	69
CG43201	69
CG43178	63
CG46298	387
CG43397	120
CG12902	192
CG42733	299
CG43396	459
Gr47a	1083
Ir47a	1779
CG12898	468
CG33477	594
CG33476	495
CG33475	441
Prx2540-2	660
CG11825	408
CG33474	603
Prx2540-1	660
CG12896	660
RanBPM	3399
CG12895	468
Galphao	1180
Cyp49a1	1778
Caf1-105	2241
CG11777	483
whd	2406
trsn	705
CG17765	597
pre-lola-G	1308
lola	14600
psq	3438
CG11883	2434
Git	2193
Elp2	2382
CG12934	711
stan	11044
Rab3	660
CG12309	1581
CG12338	1005
CG7220	594
Mat1	960
CG33144	3306
mthl13	1320
wde	4260
CG12935	693
CG7637	192
mms4	927
CG12341	384
CG7222	615
dgo	2781
Prosbeta5	846
Lsm10	423
RpS15Ab	390
CG12343	678
CG12325	2847
CG12344	1347
LTV1	1479
CG30015	4632
CG30016	339
nclb	1377
Taf5	2112
Pex6	2718
CG18003	1098
CG18004	896
CG30020	3927
cag	675
CG12942	2058
ND-B14	372
Rpb5	630
polyph	1384
Obp47a	495
Spn47C	1146
luna	1710
CG43188	132
CG43189	174
Cyp12d1-p	1563
Cyp12d1-d	1563
BBS4	1458
CG13229	1242
CG13231	300
CG12391	1761
CG13230	216
shn	7761
CG9084	843
Syx6	1052
CG7737	1629
metro	1785
CG13218	438
CG13228	405
CG13227	360
CG34223	282
CG13217	339
CG34224	354
CG13216	774
CG13215	348
Listericin	363
CG13226	711
CG34225	312
CG34227	312
CG43112	186
Or47a	1155
Cpr47Ea	405
Cpr47Eb	642
CG13223	1581
Cpr47Ec	393
Cpr47Ed	381
Cpr47Ee	1107
Cpr47Ef	1836
TpnC47D	465
Cpr47Eg	351
CG9067	414
Vhl	534
CG9062	2045
CG13220	459
Fbl6	2160
CG18335	969
dare	1398
CG30033	180
CG18336	282
CG42336	899
CG7741	1635
Obp47b	597
Fpps	1257
CG7745	1518
nompA	4709
CG43114	192
Or47b	1236
sha	4899
lambdaTry	816
kappaTry	789
zetaTry	840
etaTry	786
thetaTry	786
alphaTry	768
epsilonTry	768
betaTry	759
gammaTry	759
CG30031	759
CG30025	759
deltaTry	759
CG13202	243
iotaTry	756
CG12384	288
ix	564
san	552
Gr47b	1242
CG13204	1815
Tapdelta	498
CG13203	1623
Tsp47F	717
Sod3	839
sprt	1902
CG30022	837
Smyd4-3	1980
CG30026	684
CG34054	483
Drip	893
CG7763	561
Prip	906
qvr	522
E(Pc)	6326
inv	1728
en	1656
tou	9393
Egm	1917
CG9005	3891
CG9003	2172
CG34228	264
Roc2	339
CG13198	540
Tret1-1	2655
Tret1-2	1464
Buffy	897
CG13196	1665
wal	990
CG13197	1029
Ir48b	1800
pyr	2298
ths	2247
CG13193	567
CG42493	462
Ir48c	1683
CG13192	969
Sobp	2439
CG34229	270
S2P	1524
CG43190	342
Sln	2565
Mtor	7038
CG34230	387
Twdlbeta	594
Damm	765
CG42531	402
CG13185	16578
cuff	1152
ERp60	1467
eEF1alpha1	1389
MCPH1	3154
Zip48C	1023
reb	1293
exp	3182
PI31	810
ADD1	5093
CG30036	1164
CG30037	1260
GalT1	1398
RnrS	1179
CG34231	489
rho-7	1053
CG8298	1788
otk	3147
otk2	1299
Mppe	1098
pds5	3654
CG8321	621
CG43191	705
128up	1104
RpIII128	3411
Drep1	918
CG30039	441
CG44314	291
Drep3	798
CG8888	1164
CG13186	429
jeb	1680
CG18343	297
SkpB	483
Smyd4-4	1719
OSCP1	906
Hen1	1173
CG8878	3012
CG8407	312
Prp8	7188
CG13177	270
CG34232	399
Oda	845
SmD3	453
CCT5	1644
EndoG	930
CG8860	204
wash	1497
CG33964	1448
CG13175	423
SmF	264
Cyp6g1	1572
Cyp6g2	1557
Cyp6t3	1503
CG8858	5670
RpS11	588
Sr-CII	1797
CG13171	318
CG8854	1176
CG13170	351
CG43315	360
CG43316	573
CG43244	321
CG13168	1080
Vha36-2	1119
Cam	450
CG42700	1904
CG8850	1887
CG13164	2530
CG17739	2619
CG30203	2772
CG30046	2517
mIF3	1023
CG8841	2511
garz	6176
CG8490	633
CG34021	483
Den1	747
CG8839	1587
ana3	5931
CG30047	2637
CG30049	2634
CG30043	2634
CG33012	2736
CG13160	2625
CG13159	228
Cpr49Aa	432
Cpr49Ab	777
CG13155	708
CG8501	456
Cpr49Ac	1062
Cpr49Ad	498
Or49a	1188
CG30048	3375
Cpr49Ae	402
Cpr49Af	378
Cpr49Ag	402
CG30050	576
CG33626	501
CG33627	549
Cpr49Ah	570
CG13157	1401
CG42782	138
CG8834	1605
CG8520	1374
CG8525	1041
CG13154	738
Nup54	1830
CG43204	183
DUBAI	2556
Tmem18	453
Dyb	2582
CG30334	392
Lac	1077
dgt5	2055
CG8545	2673
CG8550	1899
Dh44-R2	1519
CG34234	348
fdl	2036
s-cup	1608
vis	1659
achi	1665
CG13151	1812
CG8818	1287
CG8569	1824
CG33632	540
fra	4578
CG33752	555
CG30056	411
CG33775	546
Cyp301a1	1659
Ak6	525
stil	963
ClC-b	2439
Sin3A	6426
Amph	1827
Galphaq	1376
CG45086	98
CG30054	1093
CG17760	1059
muskelin	2559
CG33792	675
spt4	348
CG33672	258
CG33671	1170
Iswi	3081
CG8785	1422
CG8778	897
ZnT49B	1980
CG8646	1686
nemy	940
GLS	2944
CG8771	5598
CG13148	1110
CG30053	1005
Obp49a	636
CG8768	906
wuc	408
CG42663	1986
Mos	1092
Taz	1137
mRpL18	558
ox	165
Dgkepsilon	1602
Nacalpha	651
CG12374	1266
sca	2397
CG17580	219
Cyp9h1	1554
Or49b	1125
CG17575	894
antr	816
CG30486	789
CG17574	1393
bic	507
CG3790	1812
Lfg	760
AspRS	1593
Nmda1	995
vg	1359
NAT1	4464
CG13319	396
sug	1152
CG17019	2100
SCCRO3	1002
Sans	1548
CG30487	594
Mdr49	3906
CG44251	1434
CG44250	891
CG13321	858
Psc	4803
CG33798	534
Su(z)2	4188
CG13323	336
CG13324	336
Drl-2	1944
CG44341	642
CG13325	2091
CG3955	603
CG13326	2601
Cap-G	4053
Ack-like	5991
TppII	4386
ND-MWFE	402
Nrk	2172
CG15870	369
GLaz	636
Spt-I	1404
AGBE	2055
CG33137	579
CG17724	1626
Kdm4B	2195
seq	2653
ValRS	3165
Orc3	2163
CG34315	798
FLASH	2532
CG34312	468
CG30058	426
CG34235	522
AQP	828
CG4627	612
CG4630	1746
CG4646	489
CG17059	213
Fsn	765
Dp	1390
Pex13	1320
fsd	936
CG4670	1911
CG4676	852
CG4679	1956
GstE14	696
Mp20	568
CG4712	2022
CG4714	2196
CG4716	669
CG10799	498
CG42319	1658
Dh31-R	1818
CG4734	975
CG17047	1176
CG17048	372
CG10814	1206
CG43691	3288
AttC	715
CG4744	4509
IMPPP	771
CG18278	1476
CG33470	771
CG30059	1476
CG42321	4896
CG30060	606
CG30065	249
Ser8	780
cnn	4505
CG30062	513
cbs	1833
arr	5034
CG43192	510
cbc	1269
cid	675
bbc	1515
drk	633
mars	2763
mip120	2881
mEFTu1	1467
Vmat	2007
CG13330	1833
CG13331	1125
CG13332	423
CG6145	2142
CG33156	1983
Roe1	639
link	1167
CG13334	1083
CG42807	834
CG42808	405
CG6191	2271
CG45088	63
fand	2649
S-Lap5	1647
CG43058	300
CG34236	537
CG12464	375
CG17716	2466
CG6209	1821
CG13337	2040
CG18368	3462
CG6220	1077
CG6280	3279
Cpr50Ca	2445
S-Lap7	1581
Cpr50Cb	534
stj	3870
fl(2)d	1608
CG13339	456
CG6329	465
CG6337	1020
CG6347	1056
CG6357	1317
Syngr	723
CG30484	2736
CG30485	2925
CG6543	885
CG6553	957
tum	1875
Uba3	1350
CG16935	1071
CG13344	1122
shot	27793
DJ-1alpha	651
AGO1	2971
mRpL53	465
CG33155	180
Rpn13	1272
Cp1	1203
CG42806	264
PheRS-m	1359
St4	1038
CG18568	1002
CG6701	3999
Ctf4	2685
CG8067	999
RN-tre	2152
mam	4822
CG18371	330
Prosap	5613
CG42287	435
CG42288	480
Rcd1	3549
pea	3726
CG13018	237
CG13016	1329
CysRS-m	1674
O-fut1	1206
eIF3m	1161
CG8323	909
CG18327	912
CG18324	921
CG8331	689
mRpS16	387
cg	2547
CG30069	12036
VGAT	1647
Sox15	2352
RpS23	429
CG8468	2034
Opa1	2927
CG8485	2580
Usp20-33	2925
SmydA-1	1539
Mdr50	3939
Hsc70-5	2058
CG8531	1635
beta4GalNAcTA	1209
CG8547	1854
SelD	1194
conv	3276
Ih	4020
tej	1677
Shroom	4792
CG8613	2424
CG8617	840
Arc1	762
Arc2	579
Tfb1	1755
CG34184	672
CG34442	735
CG34443	717
CG34444	885
Obp50a	600
Obp50c	555
Obp50b	714
Obp50d	519
CG34185	378
Obp50e	588
CG30075	585
Dh44-R1	1512
CG10104	1212
CG17385	834
Sin1	1707
Achl	2601
phyl	1200
Oaz	4192
PRAS40	1686
Cpsf160	4365
Asx	5027
Cpr51A	432
CG30197	339
ttv	2280
CG30076	1320
CG43919	471
LamC	1946
CG12869	2055
RpI1	4926
Blos1	441
tra2	803
CG12868	501
CG33469	480
CG33468	516
Su(var)2-HP2	9771
Sec61beta	300
CG12863	1311
CG10131	945
CG43236	150
CG12862	321
CG10139	672
Adgf-E	1617
CG12861	717
CG12860	948
CG12866	2581
mspo	1803
CG30479	321
CG30480	2760
jef	2286
Dro	192
AttA	663
AttB	654
Rpn6	1317
ave	318
CG10151	2040
ND-B15	339
Trs31	582
CG12857	1320
Spred	1557
BEAF-32	1090
kn	2377
hui	606
CG10202	1884
CG10205	672
NaPi-T	1572
CG10209	1590
SMC2	3537
Ercc1	777
Ciao1	1005
HPS1	1788
CG33506	960
U3-55K	1452
Pcf11	6110
Cyp6a22	1497
Cyp6a17	1503
Cyp6a23	1506
Cyp6a19	1509
Cyp6a9	1512
Cyp6a20	1502
Cyp6a21	1512
Cyp6a8	1518
Cyp317a1	1554
Kank	4488
ADPS	1893
CG12853	162
Lap1	2547
CG10257	684
aPKC	3902
ckn	2904
pcs	1431
CG7639	1329
CG10265	1020
hbs	3705
CG43101	327
Obp51a	351
CG33467	564
chn	3863
Rpb12	171
CG8089	1872
CG7544	915
igl	720
CG43068	624
Sfp51E	417
CG43829	216
GPHR	1365
CG11807	1473
CG42391	759
row	3905
Ir51b	1791
CG8093	1194
CG11808	657
mRpL41	498
CG8079	1948
Hex-C	1362
Fs	2301
scb	3533
ItgaPS4	3207
Trpm	6707
ND-51L2	1443
CG8152	1008
Xpc	3899
CG8155	3294
Arf51F	525
CG8157	339
CG8160	636
Hr51	1746
unc-5	3216
Pms2	2697
dup	2229
SRPK	2848
CG43729	6701
Mtk	156
CG30472	636
CG34188	612
CG8180	1782
CG12964	3387
Ir52a	1797
Ir52b	1788
Ir52c	1797
Ir52d	1782
GalNAc-T1	1814
Khc-73	6030
CG30471	2205
CG30467	1563
CG8187	1128
Vha36-1	738
eIF2Bgamma	1365
CG8192	1293
CG12963	2436
CG8195	1347
Flo1	1290
CG30466	1236
Cdk5	882
CG8204	429
CG42524	255
fus	3572
CG8207	1314
Vha14-1	372
CG30091	1578
Impbeta11	3225
CG30082	840
Cep89	1428
CG30090	873
CG30088	843
CG30087	831
CG33460	825
CG33461	861
CG33462	900
CG42662	135
CG30080	348
CG30083	837
CG30089	3789
Zasp52	8969
tun	615
CG33465	1464
Poxn	1275
CG8249	1563
CG12970	1134
Gpo-1	2172
Rif1	4248
sli	6471
CG33463	471
bdg	3993
Diap2	1494
bug	885
Mlf	1228
CG8299	780
Cyp4aa1	1530
COX6AL	282
Strn-Mlck	29772
CG8366	1365
CG8314	879
Pex11	723
CG8320	522
ATPCL	3336
CG8370	4701
Ufc1	492
CG8389	1413
CG8388	1716
Prosbeta1	672
Rrp42	888
CG8397	735
CG8399	1968
casp	2085
CG8401	942
SP2353	4083
CG8405	2880
Dg	3786
mRpL34	243
CG8414	2985
Rho1	576
Ric	792
Asph	3053
Jhedup	1677
Jhe	1737
CG30095	642
spin	2199
Got1	1311
CG30094	483
CysRS	2223
Ext2	2151
CG10731	609
lbk	3756
CG10734	1104
CG8435	999
Ptp52F	4299
Lis-1	1233
CG8441	759
clu	4344
calypso	1413
CG44242	240
CG42837	186
CG44243	1188
Shark	2817
mrj	1060
CG7798	444
CG15706	1617
Tsf3	2142
CG15701	3153
CG7786	576
CG3687	429
krimp	2238
CG15708	750
CngA	2595
fidipidine	1785
csul	1830
Khc	2925
CG33017	4890
cato	567
prim	153
CG15705	312
CG7755	1134
CG9068	3681
CG30324	492
CG30099	651
JhI-26	1317
CG30100	438
CG42372	204
CG7747	1551
Atg9	2556
Nox	4020
CG8060	3567
CG30096	657
CG4282	1956
Vha44	2508
Hmgs	1395
CG7997	1251
Nup62	1182
wcd	1518
CG15710	795
CG30098	792
CG6262	3126
CG15711	558
CG43187	435
Sema2b	2472
Menl-1	1830
Menl-2	1804
jtb	699
CG7848	1899
CG4409	828
Parp16	1077
CheB53a	678
CheB53b	612
CG15712	642
CG33458	843
CG33459	852
S-Lap8	1602
knon	2202
Sema2a	2257
loopin-1	1578
Syn2	1557
DAT	1932
CG4945	1925
RpS15	450
CG4927	1086
Lst	456
Cdk4	951
RpLP2	339
CG8311	1509
CG8306	1548
CG8303	1629
CG5089	1308
CG5065	1875
Alk	5103
gprs	4035
Amyrel	1479
Nach	1659
Picot	1651
CG34457	924
CG34458	771
CG30463	2052
Idgf6	1356
Sfp53D	477
CG15617	666
Acp53C14a	363
Acp53C14b	396
Acp53Ea	360
Acp53C14c	372
unc-104	5295
CG34189	366
CG5267	534
CG42392	222
CG5348	1934
Sod2	651
Arp53D	1233
Vkor	456
resilin	1860
CG5522	2106
CG15919	330
CG15615	1089
CG5550	750
CG34459	915
CG34460	576
Ugt37c1	1455
IntS8	3021
Fen1	1155
Dek	2034
Psi	2391
eEF1beta	666
CG6426	483
CG6421	483
CG6429	477
CG6435	489
CG8910	1824
CG6472	1167
inaC	2100
Pkc53E	2149
CG43788	186
CG43789	180
CG15614	1407
CG34190	306
Vha16-4	465
mute	5217
Ufm1	261
PIG-V	1347
CG6665	1047
CG9010	1029
Cbp53E	930
ste24c	1368
CG30461	675
ste24b	1341
ste24a	1353
AsnRS-m	1380
NiPp1	1149
CG6805	1098
Ehbp1	3534
CG8963	1677
Dark	4325
RhoGEF2	7677
CG43328	723
CG43327	447
CG43371	399
SmydA-7	1464
SmydA-6	1494
CG9646	2667
fat-spondin	2289
tef	1947
CG8950	2604
CG6967	2292
CG30460	5760
Sply	1635
CG6984	855
GstS1	759
CG30456	2253
CG15611	1524
Amy-p	1482
Spn53F	1137
Amy-d	1482
CG15605	456
Cda9	1191
Acp54A1	138
CG11400	594
Gbp1	354
Gbp2	1368
CG43103	231
CG43107	189
CG17290	297
CG17287	1014
CG30458	435
CG30457	567
CG10953	834
CG44388	90
CG10950	1758
CG43237	240
mbl	4388
CG18469	384
CG12699	435
CG43272	171
CG43108	399
CG10939	888
CG6568	1554
CG30101	984
Prosalpha5	732
cnk	4671
l(2)k01209	1943
CG6550	1656
Mtap	1080
Bap55	1275
Lhr	1002
EDTP	2262
CG18467	711
mthl4	1551
mthl3	1533
CG10764	1569
robls54B	336
robl	291
CG14478	1536
Tes	2448
qkr54B	1851
insb	528
CG43110	1449
veil	1797
NT5E-2	1755
CG30103	1752
nw	1474
CG34193	231
CG4847	1260
CG4853	2127
APC10	585
CG4866	543
Patronin	5406
eIF3b	2070
Cc2d2a	4008
CG34194	312
cyp33	900
RpL18A	531
MESR4	6513
Klp54D	2379
CG43324	198
CG14480	747
Ns2	2022
POSH	2514
UQCR-6.4	171
CG42239	207
Rab4	639
Dcr-2	5166
CG6484	1395
CG14483	246
RhoGAP54D	3012
icln	645
CG30105	465
Smurf	3183
ND-51L1	2106
CG43920	168
CG42649	216
CG10936	4572
CG44403	441
rhi	1254
Oxp	252
CCHa1-R	1497
eIF3c	2730
CG30108	264
CG30109	264
P32	789
Sema1b	2310
HPS4	2585
CG42561	384
CG42562	378
swi2	1497
rdgBbeta	819
CG6424	2394
CG46315	45
CG10934	582
Dlish	1065
Snx16	1221
CG4975	1254
CG4984	1341
CG34195	849
CG6406	1632
PIG-A	1437
Vps50	2898
Ir54a	1758
sub	1884
CG10931	1035
CG5002	1785
Sardh	2682
HLH54F	726
CG5009	2007
OstDelta	1902
CG14488	402
CG18635	1947
CG6362	1872
CG33981	336
fab1	5427
aft	2100
Ubc10	462
CG5033	2352
Dhit	822
grh	4406
olf186-F	1884
olf186-M	762
CG30323	918
CG14490	591
thr	4137
Mapmodulin	1089
Elk	3864
CG30325	2250
CG30110	1842
PPO1	2070
CG14492	597
CG14491	498
PpY-55A	942
dpr13	1257
CG5084	702
CG10910	1869
CG5773	381
CG5770	639
CG5767	759
CG34005	555
CG14495	471
Muc55B	1455
CG10911	1077
CG10912	813
CG34386	1509
CG5757	633
CG5098	4029
CG5756	3660
CG34196	237
stau	3078
Spn55B	1122
Dlip3	1044
Hsf	2199
Pcl	3129
pAbp	1902
EMRE	291
CG5742	1755
adp	1884
lolal	381
CG10914	1872
CG10915	1827
Nup75	2004
CG42518	255
MED9	432
Dgp-1	2007
CG10916	789
CG5726	2298
nopo	1305
CG5721	1392
CG33958	2130
CG14499	565
CG14500	570
CG30114	345
fj	1749
Ote	1272
pen-2	303
sbb	7012
CG14502	564
CG18536	573
CG18537	564
CG18538	546
CG18539	555
CG18540	570
CG14505	357
Tango8	174
CG43202	189
IM23	351
IM1	135
CG18107	135
CG15067	462
IM2	135
IM3	117
CG16836	228
CG15065	120
CG15068	120
Idgf5	1332
GstE10	720
GstE1	672
GstE2	663
GstE3	660
GstE4	666
GstE5	666
GstE6	666
GstE7	669
GstE8	666
GstE9	663
imd	819
Dp1	3903
CG5174	1198
PIG-O	3231
Ttd14	1610
slim	1827
CG5189	375
CG30120	1437
Prp19	1515
rswl	1338
CG17669	1620
CG30116	5851
GstE11	675
CG43066	2235
CG10924	1914
CG45087	81
Pepck	1941
Rgk2	2226
GEFmeso	4709
CG42697	417
CG10927	1080
mRpS28	582
CG5323	438
CG5327	447
CG5493	714
Atg7	2052
CG5335	963
Sec6	2214
Eip55E	1179
CG5482	1191
CG30122	3816
CheA56a	540
SP2637	939
CG42306	363
Gint3	1323
CG33136	555
edl	531
CG44435	2196
CG44434	2697
CG44433	2163
CG42855	228
Sik3	4442
CG15071	618
CG15073	1740
Vps51	2220
Hs3st-A	1815
List	1692
CG33998	357
CG18609	789
CG17821	786
Cyp12b2	1605
Jabba	1744
Mctp	3229
CG15093	972
CG15080	4623
MFS15	1491
MFS14	1491
CG15096	1513
Phb2	1036
CG15097	2229
CG15082	888
CG15098	558
CG15083	450
CG15099	8049
MetRS	3066
CG15084	948
CG18190	744
Jheh1	1422
Jheh2	1389
Jheh3	1404
CG43069	237
CG43070	378
CG43071	183
DptA	318
DptB	360
CG43109	171
sano	2733
Vha100-3	2712
prod	1038
CG15107	729
Topors	3114
CG18605	1245
tn	4675
5-HT1B	1887
CG43351	165
CG15115	774
CG15116	579
CG15109	1167
5-HT1A	2502
Ir56a	1809
CG15117	2052
botv	2916
CG15118	2104
CG15111	1265
ena	2960
CG10737	2927
hppy	3717
CG7137	1074
cora	5238
wbl	771
CG33454	519
CG33453	528
tbrd-2	2022
rib	2040
CG11906	1902
CG10476	666
CG10474	1023
CG18606	666
CG18607	672
FK506-bp2	324
mip40	801
Tab2	2573
CG7461	1881
EndoB	1375
Rgk1	4239
CG34045	492
fest	1539
CG11961	2706
CG10051	2598
CG9416	2583
CG10062	2604
CG10073	2664
CG10081	2625
CG11257	1605
SdhA	1983
cer	237
hts	7338
CalpA	2566
Fak	4506
Spt5	3234
RpL11	552
Arl6	606
EloC	351
betaTub56D	1425
CG7744	2040
mei-W68	993
par-1	6097
TBCB	732
Oseg6	4098
Rep	1533
hpo	2007
CG15120	924
CG16926	381
CG11007	813
Ir56b	1224
Ir56c	1701
Ir56d	1896
sm	2164
CG43111	423
CG42878	174
CG16716	2601
CG42753	252
CG18367	279
CG43277	150
CG15124	573
CG15905	801
CG15125	853
CG11018	951
hrg	2481
isopeptidase-T-3	1700
CG15127	255
CG34198	177
CG15128	1740
CG15126	159
Obp56a	417
Obp56b	411
Obp56c	735
Obp56d	393
Obp56e	396
Obp56f	375
CG8517	435
Or56a	1257
Obp56g	396
Obp56h	402
Toll-7	4338
CG44569	246
Obp56i	447
CG13872	1839
CG42690	411
CG43195	414
CG42691	420
CG30447	522
CG10822	342
CG44622	414
CG44623	459
CG8654	1506
CG16898	1221
18w	4155
CG11041	465
CG16894	798
CG11044	1533
CG44624	186
CG44625	240
CG11099	1134
CG13869	645
Efhc1.2	2295
CG11208	1704
ppk6	1494
CG9864	1395
Ate1	1605
Hsl	2643
PCNA	780
plu	522
RpS18	456
CG8908	4878
CG10444	1761
CG11788	1275
CG9143	2439
Mpcp1	1122
CG16868	4347
CG34199	576
Cpr56F	651
CkIIbeta2	657
CG11200	1065
CG13868	1569
CG13871	1560
tapas	3685
MED8	756
CG8929	1821
CG16739	504
CG13870	1704
CG16741	261
CG11192	837
CG12484	3647
Obp57c	447
Obp57b	423
Obp57a	507
CG13426	315
GNBP-like3	456
CG30151	846
CG30154	192
CG18067	735
CG13423	1428
CG13427	315
CG13428	342
CG30148	372
Obp57e	408
Obp57d	408
Cpr57A	552
CG13430	801
CG18065	315
lms	1134
Mgat1	1374
CG43308	303
qsm	1242
Nnf1a	582
HnRNP-K	1525
Hil	2454
CG9945	1533
CG11180	2178
FAM21	4407
Rcd6	1539
rig	3705
CG13436	1728
maf-S	411
CG11110	513
CG33786	744
CG33785	324
DMAP1	1299
Lrt	2490
CG16799	537
CG11159	438
CG13437	447
Fem-1	2226
exu	1596
galla-1	654
Gr57a	1248
CG13438	660
dpr1	1101
CG13442	1275
CG34201	1107
CG34202	1017
CG13443	1308
CG43709	462
CG43710	1020
CG43711	1236
CG43666	852
CG43667	621
CG43677	552
CG43668	540
CG15225	675
insc	2577
sktl	2376
CG17999	1635
CG9993	1629
CG15227	885
IM4	126
IM14	138
Ipk1	2415
Cib2	567
otp	1248
CG9235	996
Rx	2711
Act57B	1128
CG33704	189
hbn	1227
CG15649	357
CG34115	231
CG9344	237
CG15650	435
CG9313	2220
CG15651	1716
CG3216	3483
dgt3	1695
Prosalpha3	792
CG10543	4935
CG30291	1527
grau	1710
CG9346	2871
CG3295	1296
RIC-3	1676
ND-B14.7	510
shg	4521
cpa	858
CG15653	510
mRpL54	396
Cht8	1428
Cht12	1410
Cht4	1386
Cht9	1104
CG10527	888
Treh	1838
Rbpn-5	1941
CG34396	3583
CG4038	711
ktub	1407
CG9394	2037
CG4050	2778
mago	441
Magi	3606
CG9406	558
Xbp1	1517
Hmg-2	1128
CG15657	339
CG30389	3198
CG4266	3918
hng1	945
LSm1	411
Xpd	2307
Pu	1171
CG4286	657
tud	7545
Lapsyn	1029
Glycogenin	2116
CG44245	1327
CG4302	1596
CG15661	1590
ASPP	3318
Rgk3	1458
CG30391	1014
CG30393	1062
CG34203	342
MFS16	1698
CG10505	3936
CG30392	669
Sgf29	867
RpL29	228
CG9752	1029
CG42672	5738
Panx	1623
CG9485	4962
CG33655	325
CG30394	2493
dom	11172
CG15666	2871
CG9822	789
CG17974	777
cv-2	2253
CG10795	534
eEFSec	1533
Acox57D-p	2031
Acox57D-d	2031
Sdc	1485
Sara	4029
Fkbp14	660
TAF1C-like	2526
MESK2	1854
CG10494	1569
CG30288	846
CG30289	948
Egfr	4432
CG30286	860
CG30287	852
CG33226	876
CG30283	819
twz	1101
CG30222	1135
CG33225	927
CG10433	413
CG15673	612
CG18870	1005
clt	1686
PTP-ER	4131
mahj	4632
CG15674	1335
CG10321	2565
CG10082	2710
CG30284	1059
ND-B12	330
Rae1	1038
pirk	591
CG42362	456
CG42363	462
CG42364	606
CG42365	624
CG42381	228
PIG-M	1398
CG42380	195
CG42379	252
NC2alpha	1023
CG15676	546
stum	5699
eIF3k	666
Tbp	1059
CG30285	336
CG10307	1023
Tim10	276
CG42497	195
Ppcdc	573
CG42496	282
CngB	3120
HmgZ	333
HmgD	336
CG30403	906
Tango11	834
CG30398	801
LBR	2223
Grx1t	348
CG43982	258
CG30395	2718
CG4021	957
lox2	1533
CG34204	249
CG18735	1092
CG4386	1116
CG13492	8937
CG34040	843
CG4363	597
CG4377	693
CG4372	1191
CG9294	1056
comr	1800
Fili	2214
PpN58A	972
CG43742	1422
CG13488	702
CG13494	360
ppk9	1803
CG34029	342
CG9304	1911
Gr58c	1236
Gr58b	1224
Gr58a	1185
dany	825
CG34370	2856
CG9308	609
PpD5	1038
CG13500	1212
CG13501	1239
Snp	843
CG44249	1221
CG11475	1392
CG11474	1308
CG2921	1434
GlcT-1	1320
Synj	3654
CG13502	1359
CG43393	381
CG44163	354
CG11073	3171
CG6613	2160
Vrp1	2609
CG30280	817
CG30281	873
mei-S332	1203
GM130	2385
NtR	1755
CG34205	651
a	3987
CG11269	321
gom	915
CG34206	825
CG3045	1497
CG6758	2001
CG11170	1044
CG11275	1251
MED16	2454
Vps35	2469
Swim	1293
CG3292	1629
Alp2	1614
CG3264	1599
CG11291	924
ari-2	1527
CG30278	825
Oatp58Da	2052
Oatp58Db	2040
Oatp58Dc	2367
dve	3085
CG5819	2745
wdp	2031
Gp150	3228
CG34207	303
T3dh	1392
pgc	213
CG34208	150
Liprin-gamma	3529
CG11298	456
Rtf1	2325
wrapper	1500
CG13506	1509
babos	588
CG6044	687
VepD	243
qkr58E-3	951
Mes4	465
qkr58E-1	1214
qkr58E-2	1248
mRpS29	1176
rad50	3958
CG10344	834
ppk12	1707
CG10384	1476
CG45062	2382
CG45063	756
CG4752	3882
CG4554	8199
CG4610	1983
px	6294
gas	1698
CG11362	333
dnr1	2088
CG3927	810
CG4269	306
CG4294	3999
RpS16	444
Vps20	636
CG4329	3513
CG33143	2394
CG17807	1845
Cdk9	1212
bonsai	840
CG3732	846
RpS24	393
Ugt58Fa	1587
CG2852	615
CG30195	459
CG34446	183
CG34445	402
CG3746	453
nsr	1020
Cyp6d2	1536
CG30196	441
CG43325	471
CG43326	369
CG13510	387
CG13511	366
CG42565	405
CG42566	229
CG4250	402
CG42867	201
CG30269	432
CG30273	384
CG13516	504
RYBP	450
Ppa	1686
robo1	4185
CG30259	1620
Obp59a	606
Obp58b	609
Obp58c	597
Obp58d	654
CG30275	3894
CG30268	3720
jbug	8990
CG42260	3759
CG13526	462
CG13527	877
CG30270	234
blw	1656
CycB	1608
stl	3408
CG30271	1522
CG42284	2032
CG30274	1404
MFS1	1491
CG30265	1455
CG12490	1437
CG9825	1455
CG9826	1485
CG3649	1458
CG13531	5445
RpL23	420
inaD	2058
fd59A	1368
CG13532	789
PIP5K59B	2348
EMC8-9	609
YME1L	2220
asrij	774
Gmer	963
MED23	4317
CG3700	1080
nahoda	4086
CG30187	1353
Nup214	5133
Reep1	2762
CG3788	1134
CNBP	495
CG9849	588
CG3831	1428
CG42694	1536
CG32834	1668
CG32833	804
twi	1470
CG9897	796
CG9896	759
CG42741	1086
CG44252	2226
CG44253	234
DCTN3-p24	576
CG9890	1356
PPO3	2049
l(2)k09913	1245
Fib	1032
CG3085	1296
Art7	2070
CG43659	258
Gr59a	1101
Gr59b	1098
CG9877	264
CG13538	570
CG9876	825
RpL37b	267
CG42703	234
Gr59c	1191
Gr59d	1170
Klp59C	1878
CG3215	1074
CG30192	210
CG13544	1101
Klp59D	2187
CG43207	219
CG9899	2766
CG13545	294
CG34371	3522
CG13539	780
LS2	1347
CG3092	1041
yip3	579
RpL22-like	936
CG12782	1008
CG13540	405
ord	1437
CG3124	859
CG13541	516
Prosbeta5R1	945
HP1Lcsd	249
CG30412	973
CG30416	1617
CG9861	2694
tbrd-3	804
CG30413	366
CG3502	2736
CG9863	801
CG34210	282
Rpi	723
CG3500	594
CG9875	471
CG34423	255
CG34424	603
vir	5562
Ice1	4185
Golgin245	4467
CG13551	321
yellow-d	1296
yellow-d2	1236
CG30414	915
roh	246
eIF2Bdelta	1878
CG3530	2307
CG3520	3612
CG9812	996
CG30411	423
CG9815	744
Or59a	1137
CG43795	4260
SkpF	513
Or59b	1194
Or59c	1233
CG13557	309
CG13558	585
CG13559	342
CG3906	720
RabX1	783
mi	2823
bw	2026
ppk3	1605
Gr59e	1197
Gr59f	1218
AIMP3	537
wmd	984
levy	327
pita	2049
Dcp-1	969
Rrp4	894
ItgaPS5	3000
Pi3K59F	2847
CG30184	669
apt	1524
CG42559	456
CG42560	279
IM18	213
CG10332	333
CG43209	318
Eglp1	714
Eglp2	887
Eglp3	810
Eglp4	1000
retn	2763
Pde8	4067
St1	1014
St3	1634
l(2)efl	561
Pal2	1218
CG30183	4665
angel	1062
mRpL43	576
sigmar	630
l(2)dtl	2307
l(2)not	1530
l(2)tid	1561
Sesn	1491
CG18128	1017
egl	3012
CG13560	543
CG34105	471
CG12491	471
CG11300	471
CG5532	336
sona	3385
CG15800	471
CG30177	618
CG13561	528
CG5539	888
Ssrp	2169
CG5543	1965
Nxt1	412
CG4797	1599
CG5549	3564
CG4763	1032
shu	1365
Snap29	852
CG5554	990
ytr	582
eIF6	735
gbb	1365
bgcn	3645
Pym	621
TBPH	1593
CG4585	1176
CG5569	588
Thiolase	1407
ken	1803
TM4SF	993
CG4882	1218
PHDP	660
CG5597	780
DCP1	1116
DNA-ligI	2241
Upf3	1476
CG17658	1434
CG5339	915
Lpt	4446
CG13562	1084
Nap1	1110
kcc	3367
SERCA	3103
CG2812	1044
CG3735	2100
Taldo	993
Galphas	1155
Orcokinin	665
CG2970	1098
fzr2	1353
CG3803	1179
thoc5	1848
CG16787	759
alpha-Catr	2430
CG13566	606
Fmo-1	1248
Alas	1617
CG34213	417
or	573
CG10904	798
CG3065	1200
mr	2406
PPP1R15	951
Sox14	2007
Phm	1095
CG30178	561
Pask	2955
CG3860	1371
Unc-89	12657
CG4324	1434
CG3121	2124
CG3907	1200
CG11388	1374
Adk2	720
EbpIII	378
HSPC300	228
CG3163	1104
CG30172	336
Chi	1788
MAN1	1950
Not11	741
IntS1	6159
tsr	444
gammaSnap1	906
sei	2565
ppk29	1280
CG13563	1839
eEF5	477
RpL12	495
RpL39	153
Rap2l	546
yki	1254
CG3209	1611
Mlp60A	1459
CG10339	1809
CG13564	243
CG16786	2337
snama	3694
gek	4911
enok	6873
CG4049	5007
CG3253	1167
CG3257	1341
CG43775	816
CG43777	819
CG43776	810
tamo	2391
Zfrp8	1041
Naa35	2352
Dat	825
DnaJ-60	651
CG42568	330
spag	1602
CG3328	4294
mRpS17	465
Nop60B	1571
ocm	6525
cN-IIIB	957
CG3356	3366
CG11406	1404
CG30419	891
nord	1761
Ir60a	2148
CG13575	1563
CG3376	2348
CG13577	1311
nvy	2271
CG3394	2061
betaTub60D	1362
slbo	1347
bs	1578
CG44812	258
CG13578	435
mAChR-A	2415
Slik	5217
Rpn8	1074
SerT	1866
CG45069	387
PIG-Z	2088
prom	3706
CG42383	1059
CG15873	891
Pgam5-2	840
CG3483	1173
CG4563	1611
CG13579	2148
CG3492	1212
CG3494	720
CG16837	390
CG13589	522
CG13590	579
Crtp	2235
Ssl	657
Prosalpha4T2	756
CG13581	624
Letm1	3039
Ir60b	1731
Ir60d	1722
CG4612	921
Brca2	2913
Ir60e	1716
CG13585	330
CG4622	1659
CG11413	426
ITP	602
Nurf-38	1043
CG11414	2601
uri	2193
Fcp1	2640
CG3511	1911
Start1	1781
SIFa	216
CG4681	1164
pio	1464
CG13587	972
ATPsynF	321
CG3548	1359
CG3565	732
CG3570	906
CG4707	2019
CG42360	1488
CG42361	621
CG4741	745
Adck	1554
CG13594	1434
Cyp9c1	1566
CG3640	888
CG4781	1407
CG3663	624
Cpr60D	279
CG30161	753
ND-19	525
CG34214	444
CG4806	1971
CG33228	645
Pof	1485
Mmp1	1902
ST6Gal	1422
Mid1	3723
Usp15-31	3816
spz6	1275
CG3880	1200
CG12848	360
CG3894	966
GstE12	669
Eps-15	4786
egg	3786
Lcp9	276
CG3594	750
TyrRS-m	1392
CG3589	1527
key	1167
Reg-5	864
ETH	609
Orc4	1377
CG12849	516
CG3611	363
CG42851	192
Dll	1057
CG3650	747
Atf-2	1143
CG16896	2964
CG30423	378
CG44247	1608
NKAIN	3166
Ance-5	1884
NaCP60E	8950
Tpc2	969
CG9083	951
RpL41	75
pain	2739
CG30427	3100
CG3760	813
CG2811	511
Tina-1	501
CG15861	615
CG3770	657
CG2790	1620
CG12851	3243
CG2765	729
CG30424	1257
RpL19	609
CG3776	789
Phk-3	363
CG2736	1521
emp	1653
CG3829	1791
zip	6280
uzip	1464
Nplp1	1464
gsb-n	1347
gsb	1281
gol	2133
lov	3429
CG30430	153
CG43106	774
CG34038	813
Sfp60F	246
EbpII	198
Ebp	1131
CG9380	3701
Kr	1506
CG30429	915
CG33680	834
CG30428	789
CG17636	1760
RhoGAP1A	4213
tyn	2145
CG17707	2970
CG3038	1166
G9a	4971
CG42376	276
cin	1803
CG13377	990
CG13376	612
ewg	2836
CG3777	2637
CG13375	920
CG12470	585
Or1a	1176
CG32816	1134
CG43181	384
CG43182	213
y	1623
ac	603
sc	1035
l(1)sc	771
Pgcl	1221
ase	1458
Cyp4g1	1668
ebo	3180
CG13373	531
CG32817	363
CG3176	364
CG18273	4131
CG3156	2076
CG17896	1563
CG17778	381
svr	4876
elav	1449
arg	1053
CG4293	1323
Appl	2688
vnd	2288
CG13366	3345
CG13365	342
Vsp37A	600
CG13369	912
CG13364	192
CG17829	1401
RpL36	345
l(1)1Bi	3399
Dredd	1500
su(sable)	3975
CG13367	1224
Roc1a	408
Hmt4-20	3900
SkpA	486
sdk	6832
CG13362	966
CG5254	918
CG13361	1434
CG5273	1407
RpL22	897
fz3	2157
tw	2295
CG13360	1263
CG16989	2820
Rbf	2535
CG13359	1479
CG13358	903
Sec22	639
CG43867	6378
CG14635	357
CG3713	249
CG14634	279
CG11664	762
CG11663	456
CG3711	2994
MED22	429
CG3708	1086
CG3706	1332
CG32815	1146
TRAM	1104
CG3704	1146
mus81	1278
CG3703	2133
CG3699	753
CG3690	1674
CG18823	318
TfIIA-S-2	321
CG14631	396
su(w[a])	3415
CG11638	1161
CG32814	732
CG3021	1167
CDC45L	1725
CG33082	549
CG14630	1218
CG42259	276
CG14629	957
CG3655	1788
CG14628	423
eIF4E7	1287
CG11378	936
CG11384	1764
CG11379	603
CG14627	810
CG14626	1026
CG11380	1707
CG14625	2268
CG11381	1308
CG14624	690
CG11382	1515
CG11398	987
CG3638	4464
CG11403	2583
Atf3	2064
CG32812	675
DAAM	4389
CG32811	231
fs(1)N	6354
CG11409	3837
Naa30A	1131
MTPAP	1836
Tsp2A	732
CG12773	2136
CG11417	2313
png	873
CG14770	453
ssx	1561
AMPKalpha	1746
CG3719	480
CG32813	1743
CG11448	1474
futsch	16485
Gr2a	1284
CG14785	1410
Lrpprc2	3216
CG14787	780
Ns3	1818
O-fut2	1470
CG14777	588
CG14778	558
CG32808	852
pck	827
CG14780	906
Rab27	747
mei-38	1068
rush	948
sta	810
inc	633
Nmdar2	3308
CG14795	348
Mur2B	5393
br	4971
dor	3006
CG3740	420
hfw	1833
CG32809	3926
CG14797	663
b6	1674
CG14798	480
a6	1227
CG3795	915
Scgdelta	1212
prage	2732
Adar	2092
CG32806	615
CG14810	606
CG14811	711
CG14812	300
deltaCOP	1596
CG14814	3156
MED18	674
Pex5	1842
CG14803	3306
Pgam5	867
Vps26	1434
CG14817	318
CG14805	1518
CG14818	288
CG14806	528
trr	7293
mRpL16	729
arm	2529
CG32803	726
CG32801	474
Edem1	3013
mip130	2958
Rbcn-3B	4575
eIF2Bepsilon	2007
Ocrl	2550
CG11596	1368
CG3857	1461
CG3587	897
Hr4	8086
PIG-K	1065
east	7044
Actn	2843
usp	1524
CG4313	1623
CG4325	474
moody	2010
Sik2	4194
CG4281	2088
CG14054	615
CG4199	1779
CG4194	792
Rtca	1083
CG4045	768
CG4025	738
CG16903	1680
Unc-76	1422
csw	3405
ph-d	4611
ph-p	4767
D2hgdh	1599
Pgd	1443
bcn92	276
wapl	5223
Cyp4d1	2074
CG3630	1113
ND-B14.5A	309
Cyp4d14	1530
Cyp4d2	1503
Cyp4ae1	1488
pn	1215
Nmd3	1563
CG17776	210
CG17777	330
CG3457	576
Mct1	1878
CG14053	690
FarO	1512
SmydA-8	2334
Vinc	2883
CG14052	489
pcx	10251
kz	3576
fs(1)K10	1389
Or2a	1191
crn	2106
CG3191	927
CG3091	909
CG3078	2232
temp	1194
CG3071	1605
CG2924	1191
CG2918	2769
Vml	1734
CG2865	1302
Raf	2217
CG14050	777
CG2854	1473
Ilp6	321
mRpL14	483
CG2841	3717
PsGEF	9288
CG12496	1059
CG32797	606
gt	1344
tko	514
boi	3358
z	1815
trol	14971
Pdfr	2445
Vha36-3	747
CG13759	684
CG13760	720
wds	1083
egh	1371
Klp3A	3636
Zw10	2163
Smyd3	1404
eIF3g1	807
Tsp3A	912
Seipin	1110
brv3	2250
PI4KIIIalpha	6462
sgg	4429
HLH3B	1128
CG2652	705
per	3654
CG2650	780
CG2658	2457
CG2662	1338
Csat	1120
eIF2Bbeta	1056
CG2680	915
CG2681	1878
CG2685	1656
CG2694	2502
CG2701	2205
fs(1)Yb	3126
fs(1)Ya	2088
vilya	711
dwg	1776
ttm50	1284
CG2712	1503
crm	2946
Syx4	999
kirre	2868
CG32795	1161
w	2061
CG12498	783
CG14416	774
CG14417	990
CG14418	981
CG14419	585
CG3526	690
CG3588	2684
CG14424	789
CG32793	2478
CG3592	747
CG3598	816
CG14420	879
CG14421	714
CG14422	882
CG14423	915
CG17959	444
CG3603	747
rst	2292
CG4116	792
N	8109
CG18508	297
Fcp3C	846
CG3939	405
dnc	5912
CG14265	357
ng2	336
ng3	438
ng1	321
ng4	171
Pig1	516
Sgs4	861
CG10793	1437
Myc	2151
CG12535	615
CG14269	570
CG16782	600
CG10801	1674
CG16781	1158
CG12206	1746
CG10804	2238
CG10802	1308
CG14270	573
CG10803	1911
Gas8	1437
DIP-alpha	1662
CG13021	330
ppk8	1707
CG2875	1491
AstA-R1	1182
Ilp7	477
Parg	2169
Mnt	2373
Rala	705
Tlk	5346
HIP-R	1131
Crg-1	342
HIP	1131
fd3F	2232
ec	5844
CG2901	1947
yin	2484
CG2930	3430
VhaAC39-1	1050
CG15239	1479
CG42541	4254
CG2938	2586
CG2941	2733
CG32786	2733
CG32783	2733
Vap33	807
lva	8337
CG6428	1893
CG6414	1749
CG43689	5225
CG6379	2364
CG15375	699
Xpac	888
brn	975
cib	387
Nsun2	2238
dgt4	564
Tip60	1630
tyf	5733
GlcAT-I	918
Fas2	3119
CG43288	180
CG15571	456
CG15570	4071
Femcoat	603
Muc4B	1488
CG43134	246
CG43135	198
CG15576	369
CG12691	450
CG15572	1455
CG15577	297
CG15578	267
CG12692	1659
CG15579	282
mei-9	2883
CG2982	1959
mRpL33	192
norpA	3365
CG12693	1275
CG3626	2817
CG12688	282
bi	3078
CG3556	1785
rb	3480
CHOp24	624
CG3568	1524
Usf	1311
CG15912	738
CG11436	1395
CG3527	756
CG11444	645
CG3546	1890
CG12684	693
peb	5682
CG12184	2961
CG12179	3966
pon	2010
CG3081	1749
CG3062	756
HLH4C	573
mRpL30	540
Torsin	1020
Cbp80	2400
CG15473	2142
CG3009	1123
fzr	1434
Pp2C1	4281
ctp	267
l(1)G0334	1329
CG7024	1437
Proc-R	1635
CG15472	903
Klf15	933
CG2871	1224
CG15471	384
CG6978	1437
CG2861	5727
CG12682	711
CG42594	3117
boil	1350
CG6927	1572
CG32772	1560
CG4041	2457
CG6903	1728
CG44774	1866
Ptp4E	5335
CG15468	870
CG12680	645
ovo	4612
CG32767	3843
rg	11652
CG15465	1266
Rpn13R	972
CG5062	1743
CG42749	1087
CG3323	2247
CG17764	816
Cdk7	1059
snf	648
TrxT	471
dhd	321
CG4198	1431
CG15930	1539
Sas10	1284
Rnp4F	2823
Mcm3	2457
CG3309	1902
XRCC1	1842
CanB	510
SK	4230
NAAT1	1923
spoon	1821
Usp16-45	3378
CG16756	456
CG15784	1662
SPR	1305
frma	1833
CG32762	600
CG4151	546
CG12730	444
Vsx2	1935
Vsx1	2511
CG34435	897
CG34434	1380
RhoGAP5A	1482
Mlc-c	490
l(1)G0045	2571
CG42492	3293
CG42265	4788
Sirt4	936
CG4119	2994
Rab18	591
RpL35	372
Tre1	1197
Gr5a	1332
CG42449	931
PGAP1	2940
cv	771
CG3149	1668
CG4096	3069
CG33080	2901
CG32758	1655
CG15773	1436
IntS6	3852
CG4078	2955
CG15772	777
lin-52	471
CG15771	1065
MAPk-Ak2	1077
CG42699	2691
CG3097	1335
CG42264	1902
CG3108	3396
CG15767	1110
CG12239	1950
Cpr5C	435
Prosbeta2R1	921
CG44329	459
CG15766	648
CG15765	2619
CG12729	699
CG43136	576
CG43137	225
CG15764	879
GAA1	2022
mof	2481
Usp30	1674
CG16721	1482
Act5C	1128
CG4020	1482
CG12236	1865
Shmt	1611
CG3726	2069
CG12728	1431
CG32756	1377
CG6041	924
CG32755	945
CG6048	1086
CG6067	921
fs(1)M3	5508
Grip	3174
CG5966	1620
CG4766	1104
mab-21	1095
rux	1005
MCTS1	546
CG5937	6153
CG5921	2667
CG43115	552
CG5928	699
Tsp5D	861
CG4666	579
CG4660	783
raptor	4863
Mipp2	1359
Nep1	2547
Ca-alpha1T	9769
CG32750	1569
CG32751	1575
CG43090	507
vanin-like	1674
Btnd	1659
Efr	1056
sqh	522
dtn	4224
CG14445	1086
Rbcn-3A	10278
Spx	1041
schlank	1200
CG3781	663
Spt6	5493
CG3566	404
Ubi-p5E	1602
CG11700	903
Top3beta	2625
wuho	1272
Rpt4	1191
mldr	1632
CG15892	891
CG15891	447
CG3815	2634
CG12219	1686
CG3823	885
CG15894	4794
CG42240	1038
CG3842	1218
CG3847	1140
ND-B16.6	462
kdn	1611
swa	1644
Marf	2442
PpV	909
CG33664	480
CG33669	480
CG33668	480
CG42340	2160
CG33667	480
CG33666	480
CG33665	480
CG3918	963
CG3342	1359
Spat	1182
RpL7A	813
dx	2214
CG34417	15705
CG17717	798
Pat1	2058
APC7	1845
pigs	2931
CG14443	2208
CG3226	690
Cdc7	2100
CG3224	486
Ctr1A	723
CG3198	1314
Mcm6	2451
ND-ASHI	525
l(1)G0255	1488
CG4095	1509
Pink1	2163
CG44303	264
CG3184	1068
CG14442	3135
CG14440	954
CG14441	3447
CG3168	1896
RpL17	558
CG14439	1605
CG14438	9939
COQ7	657
shf	1380
C3G	5108
pod1	3798
iav	3369
Nf-YC	1803
xit	1533
Atx-1	690
nonC	9654
mAChR-C	1113
CG14435	909
CG4557	2799
Cht11	1296
CG4558	1229
CG14434	642
CG43736	5343
CG14431	3504
CG32732	1611
CG4586	2031
CG3040	714
ogre	1086
bou	447
Inx7	1314
Inx2	1101
cm	1245
CG42308	183
CG32736	237
CG3032	1293
CG4593	627
CG12541	789
CG14427	756
nullo	639
CG4607	1575
Sxl	2404
CG4615	939
CG4617	1254
CG8300	555
fz4	2115
CG9650	3707
CG1958	693
CG1677	3000
CG2059	924
unc-119	795
brk	2112
Atg5	807
Dok	1866
CG18155	1830
CG42780	762
CBP	1653
CG15034	312
CG1999	630
CheA7a	531
CG42781	117
CG15035	1122
CG32727	366
CG42246	267
CG42704	357
CG42705	261
CG34337	213
CG9657	1803
CG15036	216
CG32726	180
CG11368	195
CG43198	465
CG32719	3660
CG43138	339
CG32720	1008
CG11369	2001
CG12689	555
ct	7149
CHES-1-like	3804
CG15478	1656
Hira	3141
NELF-B	1782
CG12155	1665
Pdp	1425
Rab39	654
Tom40	1032
Ir7a	1842
CG34338	330
CG32718	783
CG1402	999
CG10920	1191
CG1409	450
Ir7b	1965
dec-1	5451
Ir7c	1875
Ir7d	1782
Ir7e	1824
Ir7f	1863
Ir7g	1683
CG10932	1230
Nek2	2205
ND-MNLL	168
CG45089	162
p115	2508
RpS6	744
bys	1308
dpr14	1020
spidey	963
snz	3351
hdm	1458
Ykt6	597
mahe	2835
CG10778	900
RpS14a	453
RpS14b	453
Ubr3	6708
l(1)G0193	2532
CG15332	1713
CG15330	543
sws	4392
sn	1536
Tbh	2010
CG15333	1626
CG2233	1242
fs(1)h	6167
mys	2623
Upf2	3723
CG1571	1953
CG2254	960
CG2256	972
UbcE2H	549
CG2258	2403
Gclc	2151
CG1575	1911
CG2260	1827
cyr	1539
CG2116	1794
CG10958	2229
CG2120	945
Smox	1458
CG17982	903
alpha-PheRS	1494
CG2129	1395
CG15336	477
CG10959	1329
Gbeta5	1074
CG18262	1407
Traf6	1425
GIIIspla2	651
CG15337	1215
CG10761	969
Or7a	1239
CG2278	1965
slpr	3465
sdt	6551
CG2147	495
sni	741
Trxr-1	1871
ND-75	2193
CG1632	3168
Corp	639
CG15343	639
CG1636	1146
nAChRalpha3	2385
CG1387	2865
CG10555	2778
PIG-T	1899
lawc	219
Trf2	5145
CG32712	549
Miga	1575
CG1440	1653
CG12123	654
org-1	2097
CG32713	552
CG15347	687
Es2	1503
Sptr	783
CG33223	552
CG12116	819
Cp7Fa	879
Cp7Fb	1528
Cp7Fc	963
Cp36	852
Cp38	918
otu	2559
CG33181	2168
Nrg	4216
PIP82	3585
IntS4	3066
CG12112	603
Trf4-1	3003
CG12111	564
spirit	1179
CG12065	2061
CG12081	1209
CG12659	330
Crag	5013
Caf1-180	3549
oc	1644
CG12772	2481
CG11284	750
Ppt1	942
Ogg1	1029
CG11294	783
Hexo2	1866
CG2004	1275
CG1785	1434
l(1)G0020	3025
CG1789	711
Lim1	1515
CG12075	3018
Moe	2004
CG1885	831
Rbm13	1029
e(r)	312
rdgA	5519
CG12661	393
CG43255	405
CG10962	747
CG12662	513
Nost	3990
CG15365	2484
CG10970	309
CG44325	835
CG7246	1806
HP1b	720
APC4	2325
CG32708	717
CG32706	690
CG6999	699
CCT2	1605
CG7766	4219
Bx42	1641
Arfrp1	600
AP-1gamma	2963
fend	963
CG7065	3693
fh	574
Bap111	2247
His3.3B	408
Ost48	1347
Dlip1	528
CG9034	231
Zpr1	1371
CG44532	549
mei-P26	3618
CG12115	789
CG12057	657
CG12056	861
CG12106	633
CG12118	852
su(r)	3093
SmydA-9	1500
Obp8a	489
CG15368	486
CG15369	366
t	1161
CG15370	1110
Gr8a	1155
CG12121	2214
Ir8a	2808
mxc	5511
Larp7	1785
amx	852
Dsor1	1188
CG17754	1965
ric8a	1719
Erk7	2926
CG17440	1098
Cfp1	1989
CG16892	1398
c11.1	5226
lz	2478
c12.1	777
c12.2	4209
CG34449	3190
CG34450	1125
BCL7-like	462
mgl	14307
CG44815	357
CG32700	654
CG34028	567
CG34026	351
l(1)G0320	906
RpS28b	195
CG15317	579
Cubn	11250
LPCAT	1599
CG42395	537
Hex-A	1623
Gga	1980
Lst8	939
LysRS	1853
CG42797	4366
Ptpmeg2	2547
CG3106	2226
nej	9846
btd	1932
Sp1	2193
CG1354	1225
CG32698	981
Ser7	1191
CG45060	228
CG45061	228
CG32695	237
CG15247	1065
CG1468	618
CG9686	486
CG9689	519
CG9691	363
CG15249	561
CG1986	1212
Idgf4	1326
CG1791	1002
CG1889	1015
CG43386	924
CG15252	1761
CG32694	2445
CG33557	450
CG2990	3300
Cht6	14889
Yp2	1326
Yp1	1317
CG15312	1444
Gr9a	1023
ZAP3	5671
CG2972	1416
CG2974	690
RhoU	1748
CG12645	618
CG43902	3660
CG15309	342
ATPsyndelta	471
CG2962	1128
CG15308	285
CG34408	5380
Ipod	1047
Hk	3611
CG12643	231
alpha-Man-Ia	3216
CG2909	1515
Gip	792
CG15306	1071
CG43740	1488
l(1)G0289	1875
CG32679	762
CG17841	1287
CG32686	3246
CG2898	1053
CG32681	4518
Psf3	636
flw	1383
CG32683	2412
RabX2	585
CG12640	345
Or9a	1176
Neb-cGP	144
nocte	6927
CG2889	1743
CG2887	1026
PPP4R2r	1827
CG32687	1131
spri	7191
CG15296	507
Rab9D	591
Hmr	4239
CG2124	1887
CG1628	1377
CG43347	8052
Rab9Db	591
CG9806	2733
X11Lbeta	6417
CG2111	2793
Rab9E	591
CG12637	876
stx	3366
ras	1611
Rph	2000
Tango5	1590
Atg8a	426
BTBD9	2166
CG15211	531
Ant2	921
sesB	936
Imp	2006
sbr	2016
CG15210	207
CG15209	441
CG32669	1812
CG17333	729
CG2202	2667
feo	2013
sofe	1821
CG2186	3384
CG2157	741
CG1637	3808
Ork1	3076
CG1582	3864
CG15208	1095
CG43901	6843
v	1137
CG2145	1776
Myo10A	10521
Rab9Fa	591
Rab9Fb	642
C901	1677
CG42339	1283
SmydA-4	1618
CG1552	552
CG1545	384
CG1537	405
CG15203	384
sev	7662
Vago	480
CG2076	1023
CG2061	1257
CG42249	2378
Hsp60A	1719
CG11122	10617
Rpt3	1239
Gtp-bp	1842
Klp10A	2415
CG44385	837
CDK2AP1	885
ssp7	264
CG15199	348
CG15202	345
CG15201	339
Ran	648
Lint-1	1806
rtv	453
Dlic	1479
CG32668	2589
antdh	750
CG1394	501
CG15200	339
CG11106	336
CG44422	2809
CG15198	366
Ir10a	1796
sisA	567
l(1)10Bb	432
CG1657	5136
Kap3	3149
CG34348	969
GCS1	2547
CG11756	609
CG1738	546
CG11752	327
CG1737	2829
dsh	1869
Pa1	366
hop	3531
Tim8	264
dlg1	5154
CG15196	1335
Gr10b	1119
Gr10a	1224
Or10a	1218
Gs2	1119
Evi5	2472
Sk1	1923
HP5	2563
CG43155	1233
Cyp4g15	1722
Uba5	1212
Spase25	597
CG33235	4752
Drak	2022
CG1572	480
PGRP-SA	609
RpII215	5661
CG11699	438
Kmn1	549
CG11697	720
CG11696	1992
e(y)2	303
CG11695	1654
nod	1998
CG1561	1905
rho-4	1251
CG2533	540
CG2247	3144
CG1703	2703
RPA3	336
Met	2148
Ptp10D	6036
CG2371	714
bif	4317
PhKgamma	1764
CG2444	342
FucT6	1857
Amun	1650
prtp	1250
Tango10	1761
CG15221	1635
inaF-D	1059
inaF-B	243
inaF-A	267
inaF-C	420
m	2046
CG9360	753
dy	2097
Karl	798
CkIIbeta	894
Hsc70-3	1968
CG1578	2703
rudhira	6773
CG15741	405
Cyp28c1	1515
CG15740	2925
p24-1	630
CG10347	1740
ATP7	3762
Nrd1	3441
CG1847	1026
CG11802	1047
CG15739	924
CG10352	945
CG10353	3087
SelG	330
CG1840	354
sicily	1002
wisp	4119
Upf1	3540
CG43156	210
pot	2889
Sclp	1082
CG10362	3111
cac	6468
gd	1609
tsg	747
CG18130	2118
fw	3522
CG1806	1197
CG1492	1776
regucalcin	957
Chrac-16	420
Lsm12	651
Tango4	1446
Usp7	3387
Cyp311a1	1449
Cyp318a1	1608
Ten-a	10307
Uch-L5R	1020
Muc11A	4656
CG34323	336
CG12721	516
CG15734	321
CG11356	744
CG2750	5646
CG1924	1710
CG32655	990
CG45603	363
CG2577	1032
Ir11a	1926
CG32651	1854
CG2574	717
Pkcdelta	6613
CG15927	567
CG15731	957
Rab40	795
CG42258	1413
Cpr11A	810
Lsp1alpha	2448
Mks1	2097
CG2556	1410
hwt	5547
Cpr11B	591
CG11138	1890
LIMK1	3830
CG1824	2283
Sec16	7842
CG1463	1008
CG2543	1716
CG11085	885
CG15728	894
Aven	882
CG2540	933
Tomosyn	5056
CkIalpha	1011
Tis11	1308
Smr	10821
CG15725	2235
CG4004	1758
ade5	1287
CG12717	2043
CG3812	1029
CG32647	699
Pde9	4869
CG3775	1965
CG4661	1899
CG32650	1038
CG32649	1983
CG4407	966
CG4404	924
mRpL49	537
Brms1	777
CG4645	1080
fne	1068
hec	1458
CG32642	1119
Mur11Da	1878
CG15721	2682
CG12716	1254
CG32643	303
rad	5399
CG15719	480
CG2209	459
CG12715	1515
hep	3574
lic	1002
CG2200	720
CG43313	2457
Fer3HCH	558
CG42237	1089
CG32638	477
CG15717	756
MFS10	1677
CG32645	2559
CG4318	708
CG4332	1686
Bap60	1545
CG12096	1518
Lgr4	2437
CG32640	396
CG32641	396
CG12723	1875
CG2453	903
sno	4959
CG44437	561
REG	735
mew	3756
CG32639	426
CG15742	609
comt	2235
HDAC4	3807
CG15743	1065
CG15744	5391
CG1764	804
CG1622	1216
IP3K2	3471
Jafrac1	582
RpS15Aa	390
CG15747	1161
Syt12	2361
dmrt11E	1131
CG1640	1725
Rbp1-like	826
Tim9a	285
Yippee	415
CG1662	735
CG1673	1329
CG12725	489
GstT4	711
CG1998	1259
Set2	7086
Neto	3084
CG34324	801
CG15754	843
CG44428	285
CG15756	894
Cpr12A	519
CG11816	1112
CG32631	936
CG32633	855
CG46311	120
Tango13	1539
up	1277
CG11178	2121
Ndc80	2025
BthD	747
tth	1284
Tango2	1020
CG2691	4152
NFAT	4509
Lig4	2754
CG11164	1020
CG15760	2070
CG11162	834
CG12177	1086
CG11158	1032
Nadsyn	2361
Nna1	6335
CG9941	2367
mus101	4275
g	3176
Grip91	2751
CG11134	681
CG11151	345
Pdcd4	1527
CG32625	432
Rtc1	1152
Yp3	1260
rdgB	4045
CtsB1	1020
CG11103	516
inaE	4358
CG10993	630
CG10996	1176
CG11095	849
Clic	780
Nup93-1	2469
jub	2199
AMPdeam	2934
mamo	5925
CG11068	897
ben	453
Ste12DOR	516
Ste:CG33247	516
Ste:CG33246	516
Ste:CG33245	516
Ste:CG33244	516
Ste:CG33243	516
Ste:CG33242	513
Ste:CG33241	516
Ste:CG33240	516
Ste:CG33239	516
Ste:CG33238	516
Ste:CG33237	516
Ste:CG33236	516
CG12479	222
CG12480	1833
betaNACtes1	783
CG1368	558
CG11581	1002
CG11584	1986
CG32603	1035
CG12481	360
CG11585	1026
CG13403	474
yl	5991
CG11590	594
l(1)G0007	3666
l(1)G0469	1056
CG11674	1032
mRpL38	1248
CG42271	3857
Fbxl4	2007
CG1434	1419
mRNA-cap	1947
CG32599	951
mud	8049
CG46317	45
CG1461	1503
CG13404	462
na	6699
Muc12Ea	9807
CG9400	924
betaNACtes2	591
betaNACtes6	786
dpr8	1032
betaNACtes3	786
betaNACtes4	789
CG9411	2979
CG12540	441
CG14414	639
mRpS25	501
nmdyn-D6	453
CG9413	1672
NetA	2182
CG5321	1239
NetB	2379
CG43088	1086
hog	447
CG15890	1797
CG5334	630
CG5347	855
Ag5r2	762
Ag5r	768
rut	6744
CG14408	2131
CG14411	2529
CG14410	603
CG14407	477
CG32590	549
Flo2	1480
CG12539	1878
CG9522	1848
CG9521	1863
CG9519	1866
CG9518	2109
CG45065	1839
CG45064	843
CG9514	2178
CG9512	1869
CG9509	1938
CG14406	309
CG12398	1899
Eo	1971
CG9503	1878
CG32591	1176
pdgy	1791
CG9030	630
eag	3843
hiw	15699
be	2582
CG5541	1389
ND-B18	351
opm	726
dob	1440
Lsd-2	1238
CG33177	501
CG33178	531
CG9065	264
CG15027	540
CG5599	1386
Rab3-GEF	6819
CG9072	447
Cyp4s3	1485
drd	2481
RpL37a	279
CG9095	3480
CG43737	4815
CG32588	510
CG5662	876
CG43075	522
CG43076	480
CG9101	594
PPYR1	927
CG9106	429
CG5877	2952
gce	2877
Top1	3116
dah	1947
CG9114	1857
HDAC6	3641
CG9123	1302
CG12608	1329
CG6227	3672
acj6	1188
Pp1-13C	906
CG9164	951
Cngl	6526
Scamp	1074
Ahcy	1296
CG11655	1365
shtd	6090
CG6299	615
CG6294	1578
CG15642	549
CG15641	366
Grip128	3276
CG6308	573
mh	2172
CG6324	2769
CG6340	1844
Gmap	4194
Ac13E	5109
CG42300	543
CG7860	996
CG15643	636
CG9213	2061
CG42299	546
cerv	690
CG7872	999
CG9215	1680
CG8097	1338
CG9220	2496
CG8105	1449
sog	3114
CG8117	486
CG8119	732
CG15646	1230
CG12708	1215
CG15599	3432
CG8128	990
CG9240	498
Pis	728
CG8134	1035
CG9281	1833
CG15601	831
CG8184	15468
CG8191	1035
CG12379	522
MagR	393
Arp6	1194
CG11679	1260
CG8206	573
CG8944	2286
CCT6	1599
CG8239	1164
Graf	3075
CG8260	1288
mRpL3	1086
CG17209	4149
CG8952	828
CG33172	2994
CG43672	4827
CG43673	690
Efhc1.1	2379
Paf-AHalpha	675
mRpS30	1671
Rhp	2154
CG8974	831
CG32581	849
CG15602	1026
PGRP-LE	1035
sd	2119
CG8509	1296
Chc	5034
CG8565	2370
ArgRS	1995
CG8578	1188
sun	194
UBL3	1041
CG15914	1131
Myb	1971
AlkB	996
Gbeta13F	1020
Gapdh2	996
CG16952	3078
tay	7458
MSBP	744
CG15916	813
shi	2713
CycD	1431
Lrp4	6027
CG8916	1836
Lcch3	1488
Ranbp16	3417
Stim	1732
CG8924	1542
Rrp47	477
mmd	4638
Or13a	1254
CG42766	315
CG9170	3738
CG8931	1263
ND-20	663
eIF5	1392
CG46312	165
exd	1128
CG8939	2451
vap	2862
CG12698	1740
Muc14A	48669
CG12395	762
dpr18	1557
Nipsnap	819
Tob	1692
CG8958	1863
CG42353	3066
CG42354	1509
disco-r	3933
disco	1704
CG12507	912
kat80	2457
Mfe2	1794
Prosalpha4	747
eas	1578
CG32576	426
UQCR-14	333
caz	1197
CG9911	1236
CG3632	3750
CG3679	1929
CG9914	945
CG9915	2460
SWIP	3306
Cyp1	681
CG9917	903
CG32579	1118
CalpC	2043
CG9919	954
CG9921	306
Dsp1	1215
sl	3708
U2af50	1294
PIG-Q	1443
nonA	2430
Fur2	5047
CG9992	966
CG4239	828
TH1	1734
mei-41	7551
CG9981	3180
CG4301	4131
Traf-like	1493
AnxB11	1533
hang	6669
CG9947	1084
rngo	1374
eIF2alpha	1023
CG34015	417
eIF4H1	1175
para	6796
Cnx14D	1917
CG9903	1362
CG9902	3411
Arp2	1197
Pp2B-14D	1710
CanA-14F	1752
CG13014	696
SMC3	3600
Ubc7	501
CG9784	1557
Nup153	5787
mbt	1917
CG9782	678
Rok	4239
CG9777	1239
RpS19a	468
SNRPG	228
mthl1	2028
CG32573	1176
CG42512	300
CG9723	1362
r	6672
CG15865	3252
CG13012	387
CG13010	402
sing	528
Axs	1938
Sep4	1285
CG4678	1683
CG9676	753
spheroide	747
CG9673	783
CG4653	762
CG9672	759
CG13008	2631
CG34325	537
CG32572	1725
goe	2637
TwdlX	1038
TwdlY	741
TwdlZ	630
CG32568	975
Twdlalpha	1164
if	4188
mRpL22	699
CG9609	1209
Sap30	519
Rrp45	1236
CG4768	807
CG9132	738
CG4789	822
CG9125	1125
CG13005	1440
ppk28	1818
CG4829	2466
CG46306	90
CG13004	651
RSG7	1941
CG13003	3474
CG4872	1065
Nprl2	1236
Rcp	714
DENR	567
CG4880	1053
CG13002	636
CG33252	522
CG4928	1656
wus	1218
CG13001	1005
RhoGAP15B	4656
CG13000	330
Ubr1	5472
CG45002	3564
CG43996	981
CG43997	417
CG43077	864
wcy	2796
CG4949	591
CG8945	4290
CG4955	1551
CG16700	1404
CG4991	1488
Arpc3B	522
CG5004	3854
mei-218	3558
mei-217	837
RpS5a	684
Chchd2	510
xmas-1	2208
xmas-2	4110
baz	4680
CG8918	1488
CG5070	627
CG32564	1227
CG32563	510
CG12995	519
CG18258	1404
CG5162	1233
CG12998	339
CG5172	557
CG34327	660
CG10598	519
CG10597	600
f	6880
CG8915	2928
CG42854	480
CG8675	702
CG8664	642
CG5445	909
CG8661	594
Fim	2001
B-H2	1951
B-H1	1637
CG8611	2933
CG12994	201
CG5613	2008
p-cup	1614
CG8568	2277
CG43658	7234
ppk23	1812
Ankle2	3562
CG12991	1413
CG12992	1296
X11L	3510
stas	1030
CG8326	996
corolla	1662
ND-24	726
CG8289	1008
CG5800	2478
RhoGAPp190	4863
IntS2	3315
beta-Spec	6950
CG12990	1989
chas	4734
CG8188	627
par-6	1053
CG8173	1194
CG42684	6926
unc-4	1768
OdsH	1146
CG12986	375
Socs16D	3063
CG6398	870
e(y)1	834
CG8142	1059
Ucp4A	1020
CG15814	963
Spt7	1077
CG32554	717
CG32557	1935
CG6762	486
Arp8	1821
CG6769	1227
mnb	3230
CG12985	1110
CG6788	1074
GSS	1845
CG32495	1845
CG7772	492
Vps4	1326
CG6847	3000
Sh	2968
CG12672	1593
CG6867	2847
CG15373	3411
Dhc16F	12243
CG7536	2022
Ada3	1764
CG7206	1270
scu	765
RhoGAP16F	1744
Mvb12	1056
Taf8	984
CG7135	1251
wupA	1152
CG43133	378
ari-1	1509
CG43229	246
Frq1	561
Frq2	561
Andorra	747
Hesr	447
Him	576
CG33639	1435
upd2	1110
CG15059	441
upd3	1203
upd1	1239
CG6023	915
CG6123	1842
CG6106	1458
CrebB	1232
por	1575
CG6179	921
betaCOP	2892
Tsf1	1923
CG32549	2357
CG34328	399
CG15056	1197
CG42323	777
CG32548	1281
CG6290	645
CG32551	312
CG43841	225
CG32547	3024
CG43843	1035
Hayan	1911
psh	1182
CG15046	1482
CG15044	480
CG15043	489
GalNAc-T2	1773
Xrcc2	750
Wnt5	3012
Ggt-1	1737
CG6470	1011
HisRS	1755
Bx	1695
CG6481	996
CG15042	1308
CG15047	522
CG15040	5685
wgn	1118
Rip11	2537
CG6540	993
CG6617	675
Ing3	2058
CG6659	2616
fu	2415
CG6696	972
phm	1722
Cyp18a1	1614
CCKLR-17D1	2019
Cyp308a1	1470
CG42302	363
CG6873	444
CG12609	972
CCKLR-17D3	1752
CG6891	489
CG18259	1422
CG6961	1422
S6KL	1449
Atg101	654
bnb	1326
CG7058	3186
CG42450	3840
CG7101	1056
Pvf1	990
htk	7462
CG7280	1719
CG7322	726
Usp39	1482
CG32544	558
CG7326	1446
CG34401	6309
CG7332	1680
CG7358	3519
SdhBL	1311
CG7378	705
CG43759	2700
Diedel3	363
CG14190	2004
CG34330	144
CG7406	504
CG14191	579
CG7423	372
CG15882	474
tgy	1119
Obp18a	384
RhoGAP18B	4479
Inx5	1257
CG33939	78
CG7556	1566
CG7453	912
CG33253	1242
Mec2	1050
HP1D3csd	537
CG7914	945
CG14194	1074
CG7990	1056
Ulp1	4539
CG14195	1842
Mur18B	1443
Muc18B	924
CG7884	2889
CG14196	1800
CG7889	957
CG7992	1440
Hs3st-B	1152
rictor	5836
Vav	3003
CG8010	1149
CG32537	1041
CG32536	657
CG8028	1689
CG8034	1941
CG8051	1848
out	1965
nAChRalpha7	1698
kek5	2793
CG32533	3417
CG12200	633
mRpS14	384
Naa15-16	2670
pcm	4839
ND-18	549
CG12204	969
ksh	216
Pfrx	2148
CG14200	6111
l(1)G0156	1131
CoRest	2541
CG12231	549
CG32532	2064
Grip84	2814
car	1917
Tao	3450
CG14218	1050
CG14204	2229
CG14219	2172
CG14205	2139
RpS10b	480
CG14220	981
CG14207	668
Shawn	1161
Tyler	1365
CG14210	420
Tim9b	351
CG12788	876
CG14221	1758
Naa20A	567
MKP-4	1161
CG14212	786
e(y)3	6051
Rcd-1	912
CG12237	918
Sec61gamma	204
Arp10	1134
Ranbp21	3723
CG14215	6333
CG14223	1743
Ssu72	585
Zw	1572
et	1935
dome	3846
Ubqn	1641
CG14227	858
Mer	1905
CG14229	318
Cdc42	573
CG14231	1227
CG14232	1440
CG14230	1740
meso18E	1659
CG12531	2436
AP-1-2beta	2763
CG14234	1143
COX6B	288
CG18809	1086
CG33932	444
Rpp20	501
parvin	1101
Alr	798
Pmp70	2036
CG12702	2610
zld	4906
SkpD	474
SkpC	474
SkpE	501
pico	3489
Nup205	6270
THADA	5243
Hers	8255
amn	540
CG45486	270
CG45487	270
CG45488	270
CG45489	276
CG45490	276
CG45491	276
CG45492	270
CG45493	270
CG45494	270
CG43784	270
CG12655	465
Nep3	2358
CG17003	861
Dop2R	2730
CG9570	630
fd19B	780
Or19b	1161
CG42581	255
karr	291
CG34331	543
CG15322	2220
CG42583	315
CG34332	261
Or19a	1161
CG9572	1323
Rab35	622
Phf7	1560
CG9577	936
CG9581	1635
CG9578	816
AnxB10	963
Sdic1	1584
Sdic2	1629
Sdic3	1599
CG46275	1599
CG46276	1599
CG46277	1632
Sdic4	1461
sw	2013
obst-A	711
Peritrophin-A	698
CG17068	2082
Rab10	612
CG17065	1293
CG42577	276
Inx6	1443
CG1504	1275
CG1631	549
CG12679	570
jb	456
l(1)G0004	720
Syx16	1056
HERC2	14736
CG15459	906
CG15458	189
Obp19a	438
Obp19b	489
Obp19c	525
Obp19d	450
Pp4-19C	921
cactin	2160
CG15456	285
CG11710	1539
mal	2343
CG1695	3576
CG42578	276
CG32506	3465
GstT3	804
RhoGAP19D	6618
CG15461	174
CG1812	1848
Tak1	2104
CG42579	297
RunxB	1989
CG42580	297
RunxA	1989
Cyp6v1	1560
CG1835	456
hydra	1102
run	1530
CG1324	876
CG15452	345
shakB	2151
CG32507	579
CG15450	1221
CG1314	1134
I-3	645
CG11227	2292
Npc1b	3762
Ser6	777
CG1304	780
CG44426	267
CG11666	288
r-cup	1782
CG1532	864
CG1529	1536
Ntf-2	498
CG15449	393
Mgstl	585
Cbs	1566
Stt3A	2139
bves	1337
CG32512	1319
CG11566	1770
stg1	1341
CG15446	1315
CG1503	921
unc	4158
CG15445	1854
CG34120	6023
CG45154	267
CG14579	789
CG1724	555
CG32521	1943
CG32523	786
CG1722	840
CG1494	5085
CG1718	5194
CG1801	4965
Rpt6	1215
CG33713	729
SLIRP1	270
Dd	729
CG1486	2556
tty	2966
fliI	3768
dod	498
peng	2211
sol	4787
Sep1	1083
waw	2088
bbx	2307
slgA	2165
Hlc	1680
mst	1722
lcs	435
whe	255
DIP-beta	1818
CG10918	549
Ir20a	1689
Cyp6t1	1587
GCS2alpha	2772
CG17450	1887
CG33502	849
CG32820	1887
CG32857	849
CG32819	1887
CG32500	849
DIP1	1290
CG40813	639
CG41562	639
CG14621	1119
CG14615	912
tilB	1185
wap	1029
Usp2	4224
CG14613	723
CG14618	957
CG12576	1107
Cp110	2013
l(1)G0196	7413
CG17600	1809
S6kII	2733
CG17598	1953
CG17599	1590
CG17601	660
Cda4	1458
CG12446	2127
fog	2190
CG42346	5451
CG34334	2124
CG41106	369
CG40486	741
CG40485	858
stnA	2550
stnB	3786
FucTC	1273
Rab21	666
CG13865	846
zyd	1667
CG12061	1323
CG17167	1579
CG17163	372
CG17168	1263
CG17169	342
CG17159	1308
CG17162	822
su(f)	2295
ATbp	1164
CG11023	1458
l(2)gl	3543
Ir21a	2526
Cda5	8776
dbr	3021
galectin	1773
CG11374	1203
net	1080
Zir	6192
CG11377	1178
Nhe1	1947
Sam-S	1400
ND-15	303
CG13694	402
CG4822	2047
CG3164	2138
Gs1	1197
CG31975	1248
ovm	582
CG31974	1248
CG11454	714
CG42399	4965
CG3709	1500
CG3436	1041
CG33635	597
spen	16731
mRpL10	744
CG11617	882
Tbc1d15-17	2145
kis	16752
CG13693	1329
Rpp30	891
CG3645	1515
CG17075	2904
CG3345	1998
mbm	1617
CG11555	663
CG17078	1830
smo	3108
CG11601	825
CG3625	1134
Amnionless	1515
CG11562	375
U2af38	792
Stip1	1470
Pi3K21B	1488
Plc21C	3954
CG11912	813
CG11911	831
CG33127	852
CG43755	2237
CG31921	2139
Ent1	1428
al	1224
CG4213	3759
RpI135	3387
AP-2alpha	2920
ebi	2100
CG13690	1041
RpLP1	336
CG11885	423
CG13692	579
BBS8	1647
ex	4281
crq	1473
shv	1062
CG4133	2014
CG4297	4416
MED15	2247
ush	3679
cbt	1284
lwr	477
Spp	1167
Ets21C	1615
nAChRbeta3	1323
rempA	4521
Tspo	555
CG11835	2385
CG2794	2100
Nle	1464
Sf3b1	4020
Ipk2	927
cold	459
Ptth	654
Pph13	1071
Gsc	1476
CG13689	399
lectin-21Cb	747
lectin-21Ca	807
CG2839	2478
ds	10668
Hsp60B	1944
Eaat2	1737
GABA-B-R3	4021
CG12506	321
CG13946	297
CG13947	357
Gr21a	1341
CG3544	1716
Pkg21D	2304
Nnf1b	612
Dbp21E2	1608
Saf6	2151
Pex12	891
CG15880	789
PGAP2	765
Clp	888
CG3662	957
CG3862	1362
dock	1644
drongo	2046
CG4291	1014
kraken	993
CG13949	435
CG13950	948
aru	2415
dbe	1035
PNUTS	3581
CG15824	5871
ninaA	711
Lsp1beta	2367
GluRIIC	2820
CG4341	2814
IA-2	3979
CG4375	507
CG4415	1041
S	1791
ast	2562
Atg4a	1233
CG4629	1710
mtRNApol	4107
CG14339	3051
CG14340	792
Pino	747
CG4552	2067
Iris	1593
CG4577	1338
MFS3	1536
l(2)10685	1509
Tfb4	897
Vps29	546
capt	2349
Tango14	834
CG5080	1662
IntS14	1761
CG14341	540
Plap	2361
CG31922	417
Charon	1572
CG4887	3012
CG4896	2879
CG5126	1365
Tgt	1281
CG5001	1050
CG5139	537
CG43348	126
CG43349	210
CG5011	240
CG14342	423
CG42329	2073
CG5397	1995
robo3	4026
a5	630
CG5440	507
CG33923	534
CG33922	534
Cdlc2	267
CG5556	897
CG5561	915
CG31924	708
CG5565	720
CG31659	576
NLaz	735
CG14346	618
robo2	4557
CG43401	177
CG43402	492
CG31928	1254
CG33128	1215
CG31926	1230
CG31661	1179
CG18131	1320
CG7420	1166
CG18132	576
halo	327
Or22a	1191
Or22b	1191
haf	2946
CG10869	1977
CG31935	2748
CG14352	753
RFeSP	690
chinmo	2520
cpb	831
CG17660	1608
mRpL48	543
frtz	2853
Rim2	1095
Eno	1500
Rrp40	696
CG31937	963
CG17652	732
CG17646	2298
CG17712	1152
CG17648	384
Gr22f	1134
CG17650	375
Gr22e	1167
Gr22d	1160
Gr22c	1149
Gr22b	1158
Gr22a	1182
CG31933	2019
CG31664	1587
c-cup	603
wry	3474
CG31663	2898
CG7295	915
CG15358	687
Wdr62	7335
CG15357	345
CG33673	705
erm	2094
Der-1	735
CG15356	3069
CG15362	504
CG7289	1911
Got2	1361
Npc2a	444
Obp22a	351
CG33543	1404
CG15353	159
Nplp4	192
CG4238	3203
CG42296	2982
lectin-22C	789
Su(dx)	2847
Kebab	1644
Or22c	1206
dpr3	1566
CG12674	942
CG4259	810
GlyP	2532
tho2	4926
CG11723	1050
TBCD	3567
AIF	2217
CG15382	471
aop	2196
CG10874	951
CG34172	186
CG31668	1770
CG33124	1764
CG15385	1761
Uch	681
CG34174	651
CG10880	837
CG42371	261
CG15386	231
mio	2601
papi	1728
CG15387	348
sau	882
Sec24CD	3693
Tengl3	1011
Tengl2	954
Tengl1	957
CG4267	1122
Ser12	735
CG17239	744
CG17234	753
Send1	765
CG4270	511
CG34049	918
CG17242	735
CG4271	726
CG31681	792
CG42658	393
CG17237	576
robl22E	291
CG31949	534
CG16995	438
CG9967	894
eys	6528
Rab5	657
Axud1	2556
CG3597	1011
CG3609	1005
CG15390	825
Atxn7	2913
Eogt	1560
PIG-Wa	1377
CG3557	813
CG43750	777
VGlut	1896
CG18641	1107
CG31948	1116
CG34448	1032
CG34447	1167
CG9886	1461
CG44139	168
dpp	1764
Slh	1917
oaf	1461
CG3528	705
CG3515	1185
Cyp309a1	1518
Cyp309a2	1614
Rad1	822
Sws1	537
insv	1128
Elba2	1143
ND-B17.2	426
Arpc5	453
Drp1	2205
CG15394	477
CG15395	825
CG43403	126
CG9962	957
CG43851	435
CG33125	3789
Prosbeta4R1	645
Or23a	1137
Prosbeta4R2	630
CG9879	993
Gr23a	1992
CG31690	2577
CG15398	915
CG31689	1963
Hrs	2322
CG9961	1344
Cwc25	1563
Pgk	1245
Bacc	456
CG9960	672
Snapin	402
Tnpo-SR	2796
CG3077	978
aph-1	714
Taf10b	438
Taf10	501
colt	918
CG2862	450
CG15399	726
Syt1	1455
daw	1758
CG2964	1662
G6P	1050
Duox	4611
CG3123	1902
CG3119	1080
Cpr23B	906
CG2975	1155
CG18558	1764
CG18557	1029
CG3117	1041
CG2983	1032
CG3104	963
RpS21	250
CG2991	1686
CG31694	1275
CG8813	852
CG8814	972
Prx6005	666
CG31950	363
betaggt-II	1041
NTPase	1593
lilli	5054
Rbp9	2067
Ts	963
Rrp1	2118
gammaTub23C	1425
CG9641	1605
CG3165	1053
CG9643	657
Chd1	5709
Bem46	1014
okr	2352
CG3558	3147
CG17265	1821
CG17224	900
CG17264	2112
alpha4GT1	1107
CG3542	2418
Sf3b2	2247
CG17219	921
GABPI	1260
CG17258	2628
SerRS	1503
CG17260	1092
cnir	471
CG17221	1239
CG17261	414
FASN2	7230
FASN1	7620
toc	7806
PpD6	1008
CG15403	600
ND-B14.5B	348
Mad	1575
gkt	1740
Hydr2	1194
CG44002	1035
CG31698	453
CG15404	366
CG34393	2073
CG3347	1614
CG3332	2447
CG9664	1831
CG9663	2424
CG3277	2367
CG15406	1407
Fign	1569
CG8837	1455
CG33281	1401
CG33282	1380
CG3285	1398
CG15408	1398
E23	3051
CG8838	669
CG34394	4063
CG15412	1467
CG9662	447
Ptpa	1194
Sfp23F	234
CG42460	237
CG34175	258
pgant2	1899
CG8840	414
CG31952	543
CG2772	1248
Snx1	1374
CG12795	759
Cog3	2715
Sec5	2682
CG3246	1335
msl-2	2319
ND-PDSW	477
Pif1	1989
CG31776	1890
pgant4	1932
Thor	351
CG15414	960
tim	4317
CG31954	831
LeuRS	3546
CG17593	1428
CG3213	2028
CG8851	2169
Sr-CIV	1218
CG8852	1989
Spindly	2343
IFT57	1215
drm	286
CG43815	162
sob	1734
odd	1176
Dot	1611
CG15418	291
for	4486
Drgx	1761
Sfp24Ba	363
Sfp24Bd	333
Sfp24Bb	330
Sfp24Bc	300
CG16704	237
CG3513	264
Acp24A4	234
CG43165	285
CG16713	246
IM33	246
CG3604	396
CG10031	387
CG42464	261
CG42465	219
Sfp24C1	240
CG42467	246
CG43145	219
CG2816	252
CG31778	306
CG31777	327
cutlet	2979
CG31955	459
CG2818	2121
lectin-24A	846
Shaw	1933
CG10019	3312
CG43707	6231
CG43703	252
bowl	2232
CG31960	444
bark	9369
Reph	1203
CG3407	2142
slp1	966
slp2	1353
CG3964	3049
Cep97	2418
CG31957	477
capu	4805
fred	4341
CG31773	2274
CG43797	696
CG34176	249
CG15422	312
CG15423	321
CG43773	225
CG43774	285
ed	4022
Sr-CIII	960
Sr-CI	1887
CG2955	1695
Or24a	1194
TBCC	1065
lectin-24Db	1077
CG3714	2001
ft	15441
CG3702	1923
RpL40	384
CG15425	615
Art2	1065
tutl	4815
bdl	2157
Atet	2738
CG15429	645
Traf4	1698
CG17612	1854
Vps53	2661
Psf2	609
Tps1	2427
CG3652	672
l(2)k05819	4347
CG33003	1812
Dim1	426
CG15431	3078
CG43055	540
CG34177	321
CG34178	336
CG43056	246
Sfp24F	525
CG15432	354
morgue	1473
Elp3	1656
MFS18	1317
CG15439	3024
CG15440	1008
ND-B8	285
Gs1l	912
RpL27A	447
mRpL27	414
CG15435	1509
CG15443	1074
CG15436	1038
FIG4	2574
ine	2912
dpy	68847
HP6	318
BG642163	1245
CG15635	3408
CG43798	639
CG3355	999
CG11929	2757
Bsg25A	1089
Elba3	1137
CG3251	1485
CG34351	699
Taf12L	414
CG15631	1866
CG15630	1350
CG42523	552
CG3294	1373
Clect27	693
CG15629	975
CG3225	2034
CG15628	1092
Fnta	993
Ir25a	2978
tank	1491
CG12194	1510
mxt	2436
CG11927	1467
mRpS2	792
Mon1	1584
smog	2925
Cf2	1695
CG3008	1809
CG15625	1047
CG3036	1479
CG2837	765
hoe1	2665
hoe2	2538
Sgs1	3858
CG14044	1134
mRpL24	741
betaggt-I	1219
jet	1120
Jon25Biii	774
Jon25Bii	828
Jon25Bi	798
Marcal1	2265
CG34124	6009
CG34125	477
eIF3i	978
Scox	753
CG3756	999
l(2)05714	813
CG14043	1800
mRpL28	906
Gmd	1185
CG3792	756
CG8891	573
CG8892	1488
CG34126	4636
Rtnl1	2071
CG31917	453
Tfb5	219
CG3887	594
vkg	5820
Col4a1	5337
SP555	933
CG14042	633
CG31650	1026
CG33995	381
CG44001	543
CG44000	405
CG9121	1800
eIF3h	1014
senju	1164
CG14036	279
His3.3A	408
CG31918	1887
Rpn11	924
qtc	2419
RpL37A	276
pgant5	2071
CG5828	1083
CG4230	1170
ND-13A	378
Msp300	65740
Cyp28d2	1503
Cyp28d1	1506
CG7742	1593
CG14034	1014
TpnC25D	447
tkv	1817
Cyp4ac1	1527
Cyp4ac2	1533
Cyp4ac3	1527
Bsg25D	3434
Bub1	3297
vri	2187
CG14024	1332
Ncoa6	7401
cype	231
CG14022	303
TotM	393
fusl	1359
CG12512	1779
nompC	5504
H15	1980
mid	1740
CG14020	1029
CG7382	708
cl	378
Vps52	1986
CG6907	1311
Cap-D3	3801
CG31648	723
CG31915	1836
CG7277	1431
tomb	729
CG14015	1449
Hel25E	1461
Lam	1866
Oscillin	897
CG14014	984
CG18269	600
CG14013	723
CG14017	714
GluRIIA	2721
GluRIIB	2739
CG14011	1164
CG7251	963
CG18266	1458
DIP-eta	1350
Cyp6a16	1489
DIP-theta	1818
Hsp60C	1728
CG12511	393
CG7236	1533
CG14007	915
CG34011	828
CG11149	1479
sip1	2517
CG11030	996
CG14006	1287
CG11147	2133
CG11029	1341
obst-E	1418
CG9171	1632
CG31913	645
CG14005	951
CG7239	1377
CG11034	2258
CG43307	249
CG31644	270
TrissinR	2025
rau	1290
CG44574	423
Sfp26Ac	252
CG43185	162
CG9029	366
Acp26Ab	270
Acp26Aa	792
CG9021	948
bchs	10467
CG14000	1194
CG9016	255
dsf	2073
Sfp26Ad	363
Gpdh	1091
CG9044	3954
CG13999	495
CG13998	291
Vm26Ab	504
Vm26Ac	543
Vm26Aa	423
psd	1143
CG13992	1977
Ucp4C	1005
Ucp4B	1019
chic	378
eIF4A	1211
ifc	963
lid	5514
Tsp26A	942
Gal	2016
CG9098	2832
H2.0	1254
CG13996	768
CG9107	798
CG9109	1638
mtm	1857
CG9117	684
CG31643	2697
ade2	4062
slmo	645
CG34179	570
CG12393	888
CG9135	1461
CG13995	1635
CG34180	228
ND-51	1422
CG13994	489
Fbw5	1968
CG9147	1173
CG9150	753
Pfdn1	378
CG9154	669
Kr-h2	828
Kr-h1	2535
CG45075	249
CG9175	1335
stai	1334
CG31642	1671
Arpc4	504
WDR79	1629
tctn	1971
B9d2	531
CG9222	1011
CG13991	5301
Muc26B	1413
CG31639	174
CG13989	405
smal	2817
Ugt37b1	1611
Ddr	3192
AANATL2	648
CG13983	759
CG43922	243
CG13984	300
PDZ-GEF	4784
Pez	3756
Cpr	2169
CG9497	1251
CG9498	1272
ppk7	1719
ppk14	1512
CG9500	816
CG9505	1956
slam	3519
DIP-epsilon	1401
CG9507	2052
CG42370	1965
CG42369	1203
CG13982	987
Tig	6564
Fic	1476
CG9527	2192
retm	2121
frj	1467
Rchy1	1299
CG9531	969
mmy	1560
CG9536	1350
Sec61alpha	1428
Daxx	4977
KFase	900
epsilonCOP	918
Phf5a	333
CG31638	2167
CG9547	1257
CG9550	1089
CG31637	1458
eya	2352
IFT52	1230
COX5B	360
CG9596	1332
COX5BL	462
Ent2	1374
CG13766	945
CG11319	2874
CG11050	1164
DIP-iota	1128
CG34345	1512
Oatp26F	2076
CG31635	5417
Tango1	4290
CG31633	1224
CG31636	939
CG11070	2979
CG13771	1357
CG34310	392
cup	3351
Galt	1050
Spn27A	1341
cort	1449
Nse1	705
Nhe3	2313
CG11327	1425
Tsp	3266
AkhR	1366
Aatf	1464
homer	1616
Liprin-alpha	3654
TTLL3B	2268
TTLL3A	2976
CG11221	1368
CG31910	786
CG44271	318
CG11322	1440
LUBEL	8741
CG17378	1878
nrv1	927
nrv2	1111
CG17376	385
CG17377	629
CG11236	1023
CG17375	806
sens-2	2238
Rca1	1233
l(2)k09022	6288
Nha1	2145
Nlg2	3744
CG13773	759
Rat1	2724
Wee1	1827
x16	774
CG32829	702
nop5	1533
Hrb27C	1263
CG43232	150
CG18304	5794
Fgop2	945
ihog	2658
Gas41	681
SA	3381
CG13775	1833
CG3430	1815
Atac1	1068
CG10399	969
sip2	1994
Coprox	1170
smt3	270
snRNP-U1-70K	1344
uif	10767
CG43321	195
CG43322	1077
ade3	4060
Pcp	552
CG31908	1176
MME1	897
Rab30	669
Caper	1815
milt	4556
Mnn1	2343
CG31907	1272
Sem1	237
Nuf2	1185
CG11289	1506
Pvf2	1215
Pvf3	2625
MICU1	1735
CG4496	1740
CG4497	1518
CG4502	918
CG13784	2907
mEFG1	2235
Ndae1	4344
CG43799	747
CG43800	381
CG13786	1860
Wnt4	1617
CG31909	381
wg	1404
Wnt6	1260
Wnt10	1449
ninaC	4664
CG5149	1344
gudu	2007
CG5160	984
CG5171	888
CG5177	828
CG5181	612
CG15818	849
chm	2477
muc	1536
CG5958	882
CG5973	933
santa-maria	1689
Gr28a	1350
Gr28b	4008
CG6055	657
Ziz	6947
CG6441	1675
Obp28a	429
RapGAP1	3391
Spn28B	1134
Cyp4d21	1533
CG6739	2366
Slob	4374
Myo28B1	6543
CG18585	1266
CG7025	1287
CG43235	309
Tep2	4924
Tep3	4407
Ntl	1804
CG33296	1755
CG13793	1749
CG13794	1785
CG13795	1782
CG13796	1923
CG31904	1209
Acp1	405
CG7214	426
ATPsynGL	321
CG7203	387
CG46025	1937
CG7191	855
CG7179	2088
Uro	1056
CG7164	843
CG7154	2583
CG7149	1329
LKRSDH	2784
Herp	1395
r2d2	933
cdc14	3191
LanB1	5364
CG7115	1612
Rack1	960
mts	927
CG14537	609
CG14535	3393
lectin-28C	755
TwdlE	591
Proc	420
spz3	1833
CG7102	1545
SmE	282
CG34132	252
Spn28Da	1152
Spn28Db	1038
Snoo	3669
CG7231	1074
pes	1803
CG7227	1554
Sirup	354
Wwox	1227
Spn28Dc	1608
CG12560	834
CG34010	834
Tg	2443
CG7367	1216
baf	270
Cka	2247
CCDC53	528
RpL36A	312
CG7466	8676
poe	15966
MED20	804
Trf	672
Mcr	5280
Bsg	1949
mon2	5052
CG8673	1260
CG12375	876
CG8668	1755
PAPLA1	6048
CG42762	483
CG42763	573
CG43394	2942
CG31606	591
Rbsn-5	1515
CG8498	270
Piezo	9321
CG34134	357
CG8475	3390
CG8460	1206
PGAP5	1110
SLC5A11	1800
CG8419	2763
Su(var)205	618
Ssb-c31a	330
CG8372	588
CG8360	474
CG8353	510
CG8349	792
CG8292	861
Snx6	1365
Pvr	4924
Spn28F	1125
CG14277	507
CG43057	369
CG8086	5314
Btk29A	2528
wol	978
Scgalpha	1359
CG7840	978
Ostgamma	990
Mettl14	1191
CG7810	1092
CG7806	4461
mtsh	1956
strat	366
CG7781	441
CG14275	444
CG14274	561
CG14273	756
CG7778	807
Mur29B	1665
CG7627	4065
RpS13	453
CSN8	546
Pp2A-29B	1952
CG17292	1020
Wdr82	951
CG13390	1143
CG17294	765
AlaRS	2898
CG13392	669
Rcd4	597
Dad1	336
CG13384	1524
CG42819	438
CG42820	2067
Acp29AB	702
lectin-29Ca	708
Peritrophin-15b	279
Peritrophin-15a	276
CG13385	1059
CG13386	852
CG31898	999
fy	1248
emb	3189
CG13397	2334
CG13398	1326
Akap200	2511
grk	885
D12	2907
Chrac-14	384
mus201	3708
CG31897	3015
U26	3047
fu12	813
prg	1674
d	4369
CheA29a	540
CG43796	381
CG13088	1203
CG43400	336
Dh31	351
Bace	1116
CG13096	2043
CG13097	1986
PIG-U	1278
mRpL51	522
Uba4	1359
CG13091	1569
Acer	1890
lmgA	255
lmgB	1095
CG17834	1400
Sema1a	3402
Glt	3078
CG9287	1875
CG9289	2022
PrBP	453
Trs23	657
Hnf4	2402
CG9314	1518
raw	3106
CG45307	78
CG12438	723
LManIII	3009
LManIV	2934
LManV	2946
LManVI	3021
CG42710	504
SoxN	2283
CG32986	870
CG32987	771
CG32988	765
CG32983	750
CG9483	726
CG42713	276
CG34398	6038
Tsp29Fa	744
Tsp29Fb	924
CG9510	1407
CG9515	627
C1GalTA	1164
CG31886	1693
CG9525	2034
CG32985	1854
CG32984	1773
CG18088	1989
CG9541	1938
CG13101	954
CG18662	438
rost	825
CG9555	825
alien	1332
CG17906	825
CG18661	666
Try29F	801
CG9568	450
CG13102	450
Rcd-1r	870
CG9582	900
DIP-zeta	1596
CG12439	693
Toll-4	3375
CG31609	369
Or30a	1131
CG32982	2573
CG13108	699
CG9586	654
tai	6141
aust	648
borr	957
lectin-30A	669
Ggamma30A	714
CG17005	1825
Cks30A	222
Eaat1	1437
CG3748	1326
CG43350	258
CG13110	399
CG34181	609
Shawl	2811
Aldh	1560
CG4438	567
Mco1	2877
Fbp2	768
CG42847	423
FucTB	1332
scat	2820
CG3769	1104
RpS28-like	228
numb	1668
CG33723	540
Gdi	1329
CG33298	4551
Oatp30B	3591
CG31883	984
CG17855	876
Cpr30B	459
CG13113	615
CG13114	1278
jp	3264
CG3838	1305
Mtpalpha	2349
CG31709	624
gcm	1512
CG3841	1692
CG4382	1740
gcm2	1818
Trx-2	318
GlcAT-S	1492
CG31882	363
Apoltp	12999
CG33299	579
Pka-C1	1059
hoip	381
pelo	1185
CG31710	369
CG4364	1881
Nckx30C	2655
CG13116	627
CG13117	330
Cyp4e3	1578
zf30C	2331
Taf11	588
und	1344
ppk18	1659
CG4017	1272
CG17633	1290
ppk11	1548
ppk16	1593
IP3K1	1323
CG4036	912
CG13123	969
nAChRalpha6	1614
FKBP59	1317
CG34183	429
CG4537	291
mtDNA-helicase	1839
Bka	600
RpS2	801
Muc30E	5106
CG13124	1561
Etl1	2532
Srp54	1539
yip2	1194
CG5885	570
CG4598	843
CG4594	840
CG4592	861
TbCMF46	1698
CG42366	2141
CG42367	309
Cpr30F	438
CG31712	1101
Apf	426
CG4619	1710
CG5853	2067
CG13126	1389
CG4709	1539
CG5846	702
CG4658	1641
CG5850	1824
Dref	2127
RpL13	654
bib	2211
CG31875	483
SoYb	4428
CG4747	1809
Trp1	1321
CG13131	3951
CG13127	2202
obst-B	1011
CG33301	1221
Cpr31A	1020
Pen	1566
Spn31A	1146
CG44153	5838
CG13133	651
CG34109	2400
CG13135	396
CG4839	3009
CG13137	1320
Sur	6669
CG31874	1452
Ripalpha	591
RpL7	756
CG34159	441
CG5734	1470
CG5731	1239
CG5727	549
CG4901	2082
Npc1a	3861
Prosalpha6	837
CG4908	1293
CG5708	723
CG5694	1869
eEF1delta	768
mthl15	2159
me31B	1377
chico	2904
bsk	1116
CG31717	612
Ror	2055
CG5676	468
Pten	1578
Rsf1	600
REPTOR-BP	358
Mob3	660
CG4953	1314
CG4957	738
Mulk	1224
trk	705
Utx	3408
CG34043	1014
Ufd4	8181
Hand	522
CYLD	2023
CG13138	1647
nmd	1107
CG5390	1218
CG4968	786
Cdk5alpha	1416
l(2)SH0834	612
Usp14	1425
CG4972	1683
CG5381	2058
CG4995	1197
RnrL	2436
Schip1	1863
CG5037	1173
GATAd	2526
SamDC	1041
CG31715	363
Sps2	1110
CG5022	1716
CG34367	1291
CG5367	1014
CG5045	759
Cand1	3744
pim	597
lft	804
CG5056	861
rho-5	4287
CG33303	1374
dpr19	1155
gny	1425
CG5096	1473
Cdk1	891
mRpS7	654
da	2130
Mdh1	1011
Cnot4	3186
LSm-4	615
CG17768	462
Ir31a	1967
Ip259	777
RpS27A	468
CG5355	2268
Klp31E	3144
RfC3	996
pie	1746
CG5168	1224
SmB	597
KdelR	636
CG5188	951
Bug22	597
TfIIB	945
TBC1D16	2106
holn1	957
STUB1	867
Nse4	870
loh	2670
ppk10	1455
LManI	2850
LManII	3374
RluA-1	2217
RluA-2	1641
Grip75	1950
CG7456	2328
CG6144	684
CG13144	873
Myo31DF	3033
CG6094	609
CG7384	1815
Fatp	2238
Lrr47	1284
Lip4	1369
CG18301	1266
CG18302	1218
Trim9	2220
CG6138	555
w-cup	1227
CG34160	213
CG34161	375
CG7329	1371
CG31872	3219
CG18284	1371
CG17097	3261
CG17098	1956
CG45690	135
CG31871	1593
CG17104	1347
CG17105	309
CG17107	288
CG7299	531
CG7296	483
CG7294	381
CG17108	1026
CG7300	2658
Lip1	1317
Lip2	1239
CG6415	1215
CG6431	1241
CG6443	897
CG17118	843
EMC3	741
Dpy-30L1	402
Nup107	2535
Vha16-5	579
CG12299	2208
CG6729	2832
CG17124	372
CG6495	2025
Ubc2	696
CG6724	1260
CG17127	294
CG31869	2407
CG31870	237
Nos	4110
CG6508	1269
CG17134	1173
CG6700	2622
CG17140	1083
CG17139	1020
Porin2	879
porin	846
SmydA-3	1877
Dnz1	828
aurB	987
Stam	2067
CG12517	414
CG14071	408
CG14070	753
CG7309	1584
CG14069	303
dpr2	1230
CG14072	363
CG33129	2094
YL-1	1053
CG16743	720
abo	1617
ATPsynG	297
SCAR	2079
piwi	2529
CG12253	1134
CG16833	3273
aub	2598
lectin-33A	531
RpL9	570
Nup154	4095
Art8	1023
dUTPase	564
Samuel	2988
Acp32CD	756
CG14913	1497
CG18666	381
CG14915	360
CG43725	192
AstC	366
AstCC	783
CG16854	2115
Wdr59	2907
Ge-1	4062
Reps	2721
l(2)gd1	2502
CG6201	1908
Gr32a	1383
CG6230	3675
CG14921	720
Csl4	612
Nup160	4233
RfC38	1068
CG4751	4236
hgo	1317
Gyc32E	3574
CG31867	624
CG6287	996
Ca-beta	2671
Vm32E	348
CG4788	756
ab	3824
cmet	6567
cana	5793
CG33695	939
Ppt2	864
mre11	1860
Osi21	846
CG14926	522
salr	3801
salm	4095
sala	426
CG43355	510
CG6488	1710
spz4	1791
Dlg5	5753
CG4970	2070
CG14929	387
CG14930	744
CG43153	570
CG31705	2046
CG31706	1053
CG34162	1605
CG43438	165
kek2	2682
Mst33A	1077
Acp33A	141
spag4	825
CG6614	3179
CG12307	546
CG4983	1101
CG43167	378
CG44477	105
CG4988	1104
Vha100-5	2442
CG42470	273
CG42471	249
Sfp33A1	279
CG14931	669
CG14932	645
Tsp33B	978
CG14937	1335
crol	2889
CycY	1218
Pde1c	4212
esc	1275
CG45011	201
CG45012	195
Sfp33A4	150
Sfp33A2	150
Sfp33A3	297
CG31704	204
CG44008	237
CG14933	231
CG42486	231
Mal-B1	1752
Mal-B2	1692
CG42751	129
Or33a	1134
Or33b	1137
Or33c	1152
Crys	1431
CG16964	354
CG16965	2217
CG6686	2933
CG34163	261
zuc	759
dgt2	693
escl	1386
Ada1-2	924
CG18789	1194
Qtzl	369
Ada1-1	924
CG18787	1194
CG12264	1386
CG6746	735
Rh5	1146
CG6734	5859
dmGlut	1488
CG18788	1620
Tom70	1767
CG6766	1575
CG6785	1713
CG6770	207
Plzf	1407
CG14945	1446
JhI-21	1500
RpL7-like	771
CG34164	318
Rab3-GAP	4023
firl	954
CG14947	810
prd	1839
Pex19	876
CG6712	1182
Mt2	1035
Ced-12	2172
Patsas	1755
ThrRS	2241
Rab6	624
Phae1	810
Phae2	795
CG17211	4062
rho-6	789
Gr33a	1425
CG31760	3279
CG31861	486
ZnT33D	2110
CG17217	480
CG6583	462
crok	453
bru1	2561
atilla	429
CG31759	1692
CG31862	546
CG43813	111
bru2	3189
CG17010	1287
Pkd2	2772
vir-1	1296
CG6405	1185
CG5446	258
CG6388	1734
CG5435	576
SC35	585
eRF3	1912
Oatp33Ea	2235
CG5421	1278
Oatp33Eb	2442
CG5418	1065
bun	5097
t-cup	648
nub	3013
Ref2	660
pdm2	2824
CG15485	2007
CCT4	1599
CG6153	633
CG5780	687
PICK1	1731
CG5781	798
CG17036	1296
CG5776	2397
spict	1179
CG15484	618
CG6180	771
CG5787	2850
Pih1D1	4106
MRP	6362
CG15483	1221
kek1	2640
ACXC	3401
ACXB	3342
ACXA	3349
ACXE	3369
CG16800	846
Vha68-2	1842
Vha68-3	2229
CG12404	792
Vha68-1	1842
Tor	7413
CG9934	3651
A16	1128
CG9932	6513
CG5142	1965
CG43050	516
CG5122	3789
CG9928	318
CG16978	288
Pk34A	1176
kmg	2241
DnaJ-H	1320
Sirt1	2469
Sfmbt	3729
CG43925	261
CG5439	1560
CG5287	1227
CG31849	1461
CG5458	1032
CG16974	3771
Edem2	2403
CG16972	5130
Pect	1179
CG15482	927
kek4	1947
CG9426	1881
mRF1	1176
Ski6	738
CG16812	1365
CG15480	498
CG16813	552
CG16815	576
Prosalpha6T	867
Mabi	618
CG5867	786
CG5945	750
CG16820	927
l(2)k05911	1917
Naa20B	612
CG31730	486
CG44085	7639
CG31848	636
Drep4	1350
Uvrag	2088
CG31729	3931
CG16824	192
CG43778	2894
CG16825	843
CG43779	768
CG16826	1023
CG9395	2520
CG9377	1065
Nnp-1	2061
CG6523	648
Tap42	1140
CG31855	327
ND-B22	432
Bdp1	2085
CG6565	1275
CG9302	1530
beta'COP	2742
loqs	1591
Ing5	855
CG7099	5718
RpL24	465
CG16957	576
CG10859	1881
CG7110	2475
Vm34Ca	357
CG16848	762
CG16956	597
CG42784	3204
CG43850	228
Tehao	2385
CG9267	1113
Hsp60D	1674
CG42809	435
CG42810	327
CG46308	81
B4	3321
CG33640	534
CG33641	543
CG33642	561
CG33643	534
CG33644	474
CG33645	519
CG15638	321
CG16852	711
CG9263	603
CG16853	903
kuz	3952
CG9254	1443
ics	849
CG18507	1902
CG31814	2016
CG7311	1878
CG9014	984
CG31813	516
TM9SF4	1890
CG43376	219
CG9008	990
p38b	1095
CG16890	774
CG31731	4833
CG16863	1983
Sec71	4959
CAH1	810
Adat1	1182
CG16865	741
CG16888	507
Sos	4788
b	1725
tam	3435
Arpc1	1131
Orc5	1380
DNApol-gamma35	1083
GatC	444
RpII33	825
mRpS23	567
CenG1A	3157
CG33307	510
CG33306	732
CG8997	780
CG7916	861
CG7953	891
CG7968	750
Smg5	3531
Ance	1845
Ance-2	1833
Acyp	360
Ance-3	2532
CG16886	1122
CG42711	558
CG16885	810
CG16884	831
NimA	1699
NimB1	1209
NimB2	1263
NimB3	366
NimB4	1344
NimB5	945
He	468
NimC1	2079
Cyp28a5	1515
NimC2	2103
rk	4080
CG42692	444
bgm	1998
NimC3	672
hll	2043
CG18095	1698
nAChRalpha5	2424
NimC4	1131
CG46301	3936
CG15293	999
CG31769	933
CG43332	1884
CG43333	3498
Dyrk2	2367
wb	11158
CG32971	435
ms(2)34Fe	4698
CG33090	2927
CG15286	1533
Send2	717
mTTF	1230
l(2)34Fc	477
CG43052	393
l(2)34Fd	2163
Rab14	717
Pgant35A	1896
spel1	2751
ppk	1818
elB	1659
Pburs	423
Cpr35B	654
CG15283	378
noc	1611
CG33648	597
CG4218	875
CG3473	453
CG42680	180
osp	4698
Adhr	816
Adh	768
CG15282	237
CG34165	297
CG42685	4782
CG31835	1047
CG31775	267
CG42585	1047
CG42586	267
CG34166	246
CG42681	327
CG42587	147
CG4691	786
CSN1a	1092
CG4701	1152
CG4650	897
CG18636	1047
CG18420	897
CG33308	576
CG33309	1716
CG42682	630
CG15279	2167
CG4480	816
CG15278	499
ProtA	438
ProtB	432
CG42313	3192
CG3491	5403
mol	1422
DCTN5-p25	567
l(2)35Be	645
NC2beta	549
THG	858
l(2)35Bd	1281
GABA-B-R1	2523
CG33310	2628
CG31832	681
yellow-c	1314
CIAPIN1	744
Su(H)	1782
ck	6501
CG33679	519
TfIIS	939
solo	3093
vas	1983
vig	1470
CG15270	4080
CG15269	1761
stc	3318
CG4168	3990
Sfp35C	243
CG43230	168
ZnT35C	1531
dao	2729
Pol32	1293
l(2)35Cc	486
yuri	3210
Cul3	2862
UK114	414
CG15263	876
CG15260	690
ms(2)35Ci	399
CG15262	1314
nht	735
esg	1410
CG15258	588
CG44869	228
wor	1644
CG4161	1452
sna	1170
Tim17b2	528
lace	1791
Skadu	399
CG15256	438
kek3	3063
CG15255	783
Semp1	753
CG15254	762
CG15253	759
CG11865	720
Or35a	1227
CG7631	762
CG18480	1650
CG4587	4119
CG44141	177
CG18477	1392
CG18478	882
CG43923	402
CG44140	177
CG31780	1392
CG31827	882
CG43924	402
CycE	2192
ND-B17	501
Mtr4	3165
Gli	2868
CG3793	1023
wek	1410
Ku80	2097
CG31826	804
CG43760	234
CG18109	5793
CG42876	729
CG18518	996
CG13243	1215
Tektin-A	1755
CG42792	264
CG7653	1578
CG44475	243
Tep1	4062
CG31735	936
CG31823	1281
CG31821	1281
beat-Ib	981
CG13244	306
CG4793	2730
CG12448	1056
CG18063	1116
CG10839	546
beat-Ic	1602
CG34167	381
CG13245	240
CG43816	159
CG31820	186
BicC	2715
CG45084	132
beat-Ia	1311
CG4891	906
CG4892	570
CG34168	180
Ca-alpha1D	7913
CG31819	1491
CG42817	3645
CG42818	3255
CG46309	126
PRL-1	528
EndoGI	1077
twe	1278
CG4935	924
crp	1893
pkaap	1866
CG17329	486
CG13258	636
Cyp303a1	1509
heix	1077
CG17328	1272
GMF	414
c(2)M	1710
CG5861	681
Syx5	1401
cni	432
fzy	1578
cact	1515
CG4278	876
mRpL4	888
CG4440	237
CG31817	7059
CG42266	1713
CG44405	1773
chif	5190
CG42231	726
CG4455	378
CaBP1	1299
jhamt	891
CG5888	1365
Idgf1	1317
Idgf2	1320
Idgf3	1323
dac	3243
CG4580	1857
Tpr2	1582
CG5953	2214
CG31816	291
CG42389	7186
CG5968	477
CG31815	1329
CG4631	2388
Trpgamma	3567
her	1461
squ	723
grp	1536
CG31807	465
CG33552	471
CG31808	168
Cyt-c-d	315
Cyt-c-p	324
VhaSFD	1632
CG31812	699
CG17996	354
Prosbeta4	603
CG17904	933
glu	4227
ChLD3	1731
LSm7	330
BuGZ	1941
yellow-b	1359
ppk17	1293
Mhc	7280
Cyt-b5-r	1308
CG17928	1323
Ugt36Ba	1569
Ugt36Bb	1617
Ugt36Bc	1629
CG13280	1419
CG13272	2526
mdy	1695
Cse1	2925
AspRS-m	3246
CG13282	1452
CG13283	1956
SclB	87
SclA	84
CG13284	1020
CG31810	972
CG31809	948
CG6012	924
CG32832	420
CG31743	987
CG34313	843
CG6115	255
tweek	15462
CG42556	771
CG31805	1927
CG12288	1305
ApepP	1839
beat-IIIb	1212
CG44406	282
CG31806	453
CG6304	1266
CG15136	570
CG12620	861
CG31784	2289
beat-IIIa	1029
CG34106	366
CG34169	372
Gr36a	1173
Gr36b	1173
Gr36c	1170
CG31750	1230
beat-IIIc	1149
CG15140	1005
CG6380	879
CG34170	186
CG45691	210
CG31804	636
Lrch	3426
CLIP-190	5449
Rpb11	351
CG15141	1212
CG31803	843
Dif	3884
CG5043	1497
CG33928	540
dl	4040
CG5050	981
SPH93	1482
CG18563	1137
BicD	2425
Sgt	993
Aac11	1608
fws	2253
CG5110	372
GCS2beta	1644
CG5131	849
CG43645	108
CG43221	102
CG43220	105
qua	2703
CG15142	618
mEFTs	954
Dhc36C	12072
CG15143	3456
CG15144	3114
CG15145	2628
CG7094	1170
Oli	696
CG6870	411
Sytalpha	1512
CG15147	438
CG43054	408
CadN	9895
CG43231	165
CadN2	5397
CG42830	561
CG43271	117
btv	12708
CG5674	1584
CG5681	1605
Prosbeta5R2	837
CG5693	216
CG42659	147
CG42634	342
CG42635	396
CG31740	183
elfless	687
rdo	2271
Arr1	1159
ninaD	1540
CG31741	1473
CG15153	1092
CG5755	1350
CG44476	231
CG15152	336
CG5758	1875
CG31785	1140
kel	4431
Socs36E	2211
CG17681	879
CG15155	774
CG5783	861
CG7200	1275
CG42750	3204
Ptp36E	2046
CG31802	558
CG31788	177
CG31787	696
CG43362	96
Sfp36F	105
CG5790	1995
CG43354	96
Fas3	2562
Acp36DE	2736
CG34171	880
RpS26	342
ncm	3990
bsf	4236
Ntf-2r	390
CG10283	2244
grnd	723
kon	7143
CG10178	1590
CG10211	4182
Pde11	4414
CG15160	2531
amos	594
CG10413	2823
CG31789	351
CG10333	2466
Atac2	2322
CG15161	1248
MESR3	897
Cyp310a1	1476
CG43338	2634
CG43339	1218
Mst36Fb	1410
Mst36Fa	1494
CG31751	1251
tos	2196
msl-1	3117
CG10336	921
CG10383	2352
CG10338	1251
CG10341	1692
CG10376	1284
CG10343	642
Jwa	747
Faf2	1392
Grip71	1938
Irk3	1524
CG10348	1620
CG42752	486
CG15167	348
ham	2970
CG43814	111
CG10570	219
CG42502	150
CG17325	231
CG42305	144
CG17324	1575
CG17323	1557
CG17322	1551
CG17597	1221
ScpX	1632
CG10600	4218
CG31752	1230
CG33120	2067
CG17321	1119
CG10602	2052
mRpL13	534
tup	1619
ssp3	5196
CG46304	171
CG10428	1755
Nedd8	252
CG10621	993
CG10623	993
Nak	4510
Tango6	2763
L2HGDH	1365
CG10431	2286
Swip-1	651
CG15168	327
CG15170	1683
CG15169	1035
CG10650	1275
CG31792	3969
CG31793	3921
RpL30	333
robl37BC	345
CG15172	345
Sidpn	1521
hook	2037
CG31800	546
mib2	3147
Catsup	1347
Ttc19	1107
Acn	2217
CG10470	549
l(2)37Bb	1545
Rpn3	1482
CG10492	2430
Phlpp	2862
CG10495	1188
CG10702	2838
CG17343	252
CG17572	1155
CG10700	1617
Lim3	1778
CG17344	462
CG43731	180
amd	1845
CG10561	1512
Ddc	1530
l(2)37Cc	828
l(2)37Cb	2682
l(2)37Cd	1440
AsnRS	1674
DCTN6-p27	555
l(2)37Cg	414
brat	3188
CG17568	1539
CG42688	150
CG46059	141
gammaTub37C	1371
pigeon	2867
drl	1935
CG31797	2604
CG17564	1005
CG10750	995
dnt	1752
CG13086	546
CG17349	798
CG17350	951
fon	1731
CG17549	861
CG17544	2079
CG31798	1473
Pax	1972
Lectin-galC1	558
lectin-37Da	558
lectin-37Db	450
CG16771	1788
CG13085	720
RtcB	1518
Rab9	768
CG10237	976
RanGAP	1788
Hs2st	1047
Top2	4341
CG10026	897
tj	1665
CG10195	1083
CG13084	1362
CG13083	948
CG10194	1053
CG18094	1080
CG10189	1215
swm	3189
Top3alpha	3750
CG10188	3957
Hasp	5088
CG10132	4083
CG10166	723
CG10137	2823
CG10165	684
CG33116	1281
CG31697	441
CG13082	1131
CG13081	531
ref(2)P	1797
CG10337	717
Tep4	4494
Tep5	3534
CG13078	666
CG13077	807
spi	702
msb1l	1143
CG10268	567
Hakai	1440
PCNA2	765
CG10366	1734
Lar	6157
CG46244	78
scw	1200
CG10462	2436
Nf-YB	468
CG10631	11343
CG10628	1149
CG10463	1812
fbp	1029
bsh	1287
CdGAPr	5529
CG10466	462
fs(2)ltoPP43	1196
sick	9719
CG13962	456
CG10481	1938
TotF	375
Victoria	402
COX4	546
CG34051	669
CG42866	162
CG13965	399
CG16772	933
CG10680	753
OS9	597
Hf	642
CG43861	1761
CG10659	666
sNPF	843
barr	2205
lok	1439
vls	1101
bwa	923
CG10730	1932
pr	504
neb	3363
fok	594
CG10747	984
CG10721	1416
Taf13	408
nesd	1806
mRpS18B	612
Kua	930
CG13970	615
CG10651	948
CG17571	774
CG17570	402
CG12617	288
spir	3513
La	1170
RtGEF	5389
Ugt37a1	1440
CG16798	1683
CG10947	1212
CG10949	1377
Arpc2	903
CG15130	389
CG31688	2142
CG31683	1263
CG31687	1053
CG18858	1263
Cdc23	2034
CG2493	1425
CG43233	270
CG34007	282
CG44270	390
CG31677	474
CG15475	699
CG17472	477
CG31680	441
Sfp38D	507
CG17470	645
phr6-4	1620
CG2608	765
CG18810	900
CG2611	396
brun	3960
CG2614	2019
CG31678	4385
IKKepsilon	2160
Cen	2370
CG2617	822
Hr38	3234
CG9316	1344
CarT	2022
TM9SF2	1977
Fs(2)Ket	2652
CG9319	1119
Ns4	1725
Rhau	2826
dia	3347
cad	1335
Pomp	402
vari	1908
CG9328	540
CG33322	1455
CheB38b	591
CheB38a	591
CheB38c	594
CG9331	1184
CG31673	978
CG31674	981
Oseg5	2325
Spn38F	1116
CG31676	477
CG14402	828
twit	498
CG14400	738
CG9336	444
CG9338	441
CG31675	444
CG14401	606
sky	2044
CG43739	45
Mtp	2658
RPA2	738
CG9272	1164
CG9270	3876
CG42238	444
Itgbn	2397
CG9265	1197
tadr	2157
CG33511	1245
CG33510	1278
CG33509	1167
ppk13	1380
CG9259	1266
CG14397	321
l(2)05287	3213
CG34136	231
CG9257	1041
CG46307	126
Nhe2	4541
Dap160	3625
CG9253	1521
del	2943
E2f2	1110
Mpp6	486
CG9249	930
CG9248	1482
Nbr	1875
CG9246	2298
CG43345	1479
CG43346	450
Acon	2361
CG31627	786
bur	2049
Mcm10	2328
Ret	3705
CG31624	534
CG31988	534
clumsy	3062
Atg18b	1413
CG8679	2112
CG8677	7989
CG31626	855
Hr39	2442
l(2)k14505	837
CG8671	3198
Mondo	3382
Gr39a	3804
crc	1174
CG46314	78
dimm	1170
Tsp39D	705
dtr	4449
Gr39b	1107
CG8665	2739
nrv3	939
His1:CG33801	768
His2B:CG33910	369
His4:CG33909	309
His3:CG33803	408
His1:CG31617	768
His2B:CG17949	369
His2A:CG31618	372
His4:CG31611	309
His3:CG31613	408
His1:CG33804	768
His2B:CG33908	369
His4:CG33907	309
His3:CG33806	408
His1:CG33807	768
His2B:CG33906	369
His2A:CG33808	372
His4:CG33905	309
His3:CG33809	408
His1:CG33810	768
His2B:CG33904	369
His4:CG33903	309
His3:CG33812	408
His1:CG33813	768
His2B:CG33902	369
His2A:CG33814	372
His4:CG33901	309
His3:CG33815	408
His1:CG33816	768
His2B:CG33900	369
His2A:CG33817	372
His4:CG33899	309
His3:CG33818	408
His1:CG33819	768
His2B:CG33898	369
His2A:CG33820	372
His4:CG33897	309
His3:CG33821	408
His1:CG33822	768
His2B:CG33896	369
His2A:CG33823	372
His4:CG33895	309
His3:CG33824	408
His1:CG33825	768
His2B:CG33894	369
His2A:CG33826	372
His4:CG33893	309
His3:CG33827	408
His1:CG33828	768
His2B:CG33892	369
His2A:CG33829	372
His4:CG33891	309
His3:CG33830	408
His1:CG33831	768
His2B:CG33890	369
His2A:CG33832	372
His4:CG33889	309
His3:CG33833	408
His1:CG33834	768
His2B:CG33888	369
His2A:CG33835	372
His4:CG33887	309
His3:CG33836	408
His1:CG33837	768
His2B:CG33886	369
His2A:CG33838	372
His4:CG33885	309
His3:CG33839	408
His1:CG33840	768
His2B:CG33884	369
His2A:CG33841	372
His4:CG33883	309
His3:CG33842	408
His1:CG33843	768
His2B:CG33882	369
His2A:CG33844	372
His4:CG33881	309
His3:CG33845	408
His1:CG33846	768
His2B:CG33880	369
His2A:CG33847	372
His4:CG33879	309
His3:CG33848	408
His1:CG33849	768
His2B:CG33878	369
His2A:CG33850	372
His4:CG33877	309
His3:CG33851	408
His1:CG33852	768
His2B:CG33876	369
His2A:CG33853	372
His4:CG33875	309
His3:CG33854	408
His1:CG33855	768
His2B:CG33874	369
His2A:CG33856	372
His4:CG33873	309
His3:CG33857	408
His1:CG33858	768
His2B:CG33872	369
His2A:CG33859	372
His4:CG33871	309
His3:CG33860	408
His1:CG33861	768
His2B:CG33870	369
His2A:CG33862	372
His4:CG33869	309
His3:CG33863	408
His1:CG33864	768
His2B:CG33868	369
His2A:CG33865	372
His3:CG33866	408
Lamp1	954
nompB	2607
CG2201	1686
Df31	549
Ac3	3501
Cul2	2259
CG2225	3333
eEF2	2532
nolo	4194
step	2334
CG1416	1062
CG31612	2961
CG11630	1893
tsh	2862
CG11629	1389
CG1421	564
CG1428	1851
CG31600	699
CG11634	894
CG2528	2385
CG31693	2064
tio	3072
CG41434	1233
CG31601	2178
CG34173	135
CG42597	498
CG31702	1323
ttm3	1029
CG31703	1317
CG15219	373
CG10834	291
CG6675	1170
CG3651	2310
CycK	1200
CG42748	6656
dunk	738
Clamp	1698
CG3635	1275
Ir40a	2200
CG3262	879
RpL21	477
Tif-IA	1833
CG17018	3935
RpL5	897
CG17490	2121
CG17493	546
Slmap	2691
CG40006	2067
CG40439	513
CG17715	842
lt	2523
cta	1371
Cht10	6858
Spf45	1209
CG12567	1145
Gpb5	530
Tim23	618
Pp1-Y1	951
kl-5	13677
PRY	3741
kl-3	13779
kl-2	13377
ARY	1152
Ppr-Y	1707
WDY	3207
FDY	1050
CG46191	306
CG46192	399
CG46193	306
Mst77Y-4	639
CG45764	642
CG45765	642
CG45766	642
Mst77Y-7	642
Mst77Y-9	642
CG45770	642
Mst77Y-13	642
Pp1-Y2	939
ORY	2742
CCY	3999
JYalpha	3027
PlexB	6153
ci	4191
RpS3A	804
pan	4871
Ank	4647
CG32000	4450
CG32006	1329
CG31997	444
CG33978	12554
Arl4	939
CG2316	2190
CG31998	4377
Crk	876
CG31999	2751
yellow-h	1389
CG1674	3326
dpr7	988
RhoGAP102A	4085
NfI	2298
Syt7	1248
Rad23	1242
Zip102B	891
CG32850	441
PMCA	4095
Hcf	4506
dati	3480
lgs	4407
CaMKI	1215
bip2	4218
CG33941	453
Asator	4210
zfh2	9015
Thd1	5214
Pur-alpha	825
ND-49	1404
Ephrin	1956
CG1909	1818
onecut	3243
Eph	3342
mav	2103
Gat	1908
Ekar	2706
gw	4152
Slip1	2301
CG11360	1884
myo	1794
ey	2694
bt	26908
MED26	4449
Sox102F	1854
fd102C	1797
Gyf	4722
unc-13	14636
eIF4G1	5757
mGluR	2934
4E-T	3030
fuss	2385
toy	1629
PlexA	5835
CG11077	504
CG11076	837
ATPsynbeta	1533
CaMKII	1614
Zyx	1761
apolpp	10053
Actbeta	2838
sv	2592
Cals	2937
Arf102F	540
CG11155	3231
CG32017	1446
Kif3C	1947
pho	1560
CG33521	1989
PIP4K	1212
Mitf	2693
Dyrk3	2484
Cadps	4602
mt:ND2	1023
mt:CoI	1533
mt:CoII	684
mt:ATPase8	159
mt:ATPase6	672
mt:CoIII	786
mt:ND3	351
mt:ND5	1716
mt:ND4	1338
mt:ND4L	288
mt:ND6	522
mt:Cyt-b	1134
mt:ND1	936
