Geneid,"RNA STAR on dataset 4, 5, and others: mapped.bam"
Myo81F,1
spok,0
Parp,24
Alg-2,339
Tim17b,1069
CG41128,143
CG41099,82
CG42402,408
Gfat1,569
CG40198,1659
CG12581,1552
Dsk,237
beta-Man,98
CG14636,31
aux,120
CG31516,2
DhpD,166
CG14641,126
abs,3
Gel,653
CG14642,10
CG34305,12
TwdlF,0
TwdlG,3
CG14644,1
TwdlV,2
Or82a,0
CG1092,145
CG9766,43
cpx,34304
CG9780,1498
Vps24,1097
MP1,267
Suv3,202
Syt14,698
CG9795,299
CG9776,121
Skp2,30
CG14645,0
CG1103,164
hkb,0
CG1090,3321
Sfxn1-3,875
Cont,234
tub,317
CG14646,108
CG34112,26
CG9855,429
CG9853,156
CG14647,64
lost,3462
CG32944,51
CG31528,0
srl,129
CG31525,0
eIF3a,338
CG1074,35
CG9804,70
CG14650,187
CG31522,2453
CG31523,1403
CG14651,0
Fip1,57
CG34357,70
CG34425,0
Mur82C,0
CG32945,0
5-HT2A,1128
CG9775,1363
slx1,1
MED31,63
Dlip2,41
rpk,0
Karybeta3,2148
spartin,17
CG43427,1771
CG33927,0
eIF3f1,784
Nep2,211
tacc,3269
atms,106
CG44098,125
CG44088,0
CG14655,6
CG17387,3
ctrip,1162
Hus1-like,51
CG1129,192
CG1126,1
CG14657,230
CG14658,0
CG14659,0
opa,40
laf,0
Gnf1,56
Cdep,801
Ubc6,2355
CG14661,918
CG2016,333
CG1124,1027
CG14662,7
plh,34
corto,1387
CG43131,4
CG12007,78
CG12589,0
dpr16,53
CG12590,1
cno,1613
Prosbeta2R2,1
CG1116,102
CG2604,1251
CG14664,6
Vps37B,520
Kat60,344
Mms19,77
rtp,2874
CG12163,2006
CG33293,20
CG1113,4
CG12173,22
Hph,523
Tim17a2,1
mtd,3129
CG31538,16
Tim17b1,1
CG11999,132
CG1161,1747
Prosbeta7,698
Cerk,587
CG31542,0
CG34277,0
RpII18,157
hd,6
CG14667,66
7B2,2261
kkv,518
CG14668,1
CG1172,105
Or83a,0
CG2663,3
Orco,152
CG14669,1478
CG12147,0
PEK,308
RpL35A,1267
POLDIP2,209
mRpL44,84
Snr1,53
CG45100,614
HDAC3,0
Hcs,139
ksr,294
CG31550,466
NKCC,32
Nmdar1,249
Itp-r83A,431
CG43845,15
CG2519,1153
mia,13
Pcmt,320
Snm1,9
Pi4KIIalpha,194
CG14671,71
CG12746,116
CG2931,27
Rheb,373
CRMP,1211
CG2926,1393
rev7,32
noi,60
Vha26,16327
kra,4201
CG1427,777
asl,16
Rga,20
Atu,37
Spec2,336
CG2911,32
RpL13A,13933
CG31551,0
CG31549,243
CG12171,180
CG31546,0
CG31548,197
CG12170,76
MTA1-like,176
Sec23,506
elm,1950
MED27,16
CG2182,175
Wdr33,19
Xe7,824
Atg17,565
Rab23,85
plx,205
CG2104,0
cas,1
CG1239,16
CG2100,5
CG1236,89
Sym,43
Madm,805
CG2091,47
Sec8,231
CG2082,1083
jagn,1669
kat-60L1,79
Hat1,61
Rpn5,640
CG1218,54
CG2046,201
CG10979,262
CG11000,1028
CG42675,43
Hpr1,62
CG46303,11
CG2023,142
dgrn,38
glob3,139
CG1208,416
CG1213,1004
CG14676,0
disp,269
CG34287,1
ECSIT,5
CG2017,515
CG34113,189
CG11373,0
Obp83a,286
Obp83b,420
Rm62,4123
CG10280,0
CG11459,29
CG15580,1
Or83c,1
Gasp,1953
Obp83cd,23
Obp83ef,30
Obp83g,143
Vha14-2,0
CG31559,0
CG1077,0
Osi1,1
NPFR,95
Osi24,15
Osi2,75
Osi3,7
Osi4,1
Osi5,0
Osi6,1
Osi7,10
Osi8,6
Osi9,66
Osi10,0
Osi11,0
Osi12,5
CG15597,30
CG15594,0
Osi13,2
Osi14,0
Osi15,3
Osi16,0
CG46026,0
CG31560,0
Osi17,3
Osi18,5
Osi19,11
Osi20,6
CG17917,0
CG10298,0
CG17919,386
SmD2,148
CG18048,2
Hr83,1
Pak,761
CG42724,206
CG10286,30
CRAT,140
CG42564,1
CG1024,121
CG42537,0
TfIIFalpha,66
godzilla,1505
Dmtn,684
gpp,577
CG9727,513
Zif,89
Neurochondrin,620
CG15186,62
CG15185,0
dpr11,409
Pif2,0
CG1137,2
CG2336,0
CG1138,0
CG31482,0
glob2,0
sowi,0
CG15177,0
sunz,0
CG31286,3
CG1315,17
Taf1,35
CG1307,364
twr,357
agt,107
lab,11
Edg84A,1
Ccp84Ag,4
Ccp84Af,0
Ccp84Ae,1
Ccp84Ad,1
Ccp84Ac,1
Ccp84Ab,94
Ccp84Aa,13
pb,24
zen2,0
CG34297,0
zen,0
bcd,0
Ama,31
Dfd,201
Scr,143
ftz,0
Antp,22
Sodh-1,530
CG1979,26
dj,0
djl,0
CG1988,0
CG1105,236
CG1965,848
Ufl1,122
CG1943,2695
Ref1,375
Dpck,200
Tailor,82
alphaTub84B,8720
e(y)2b,2
Alh,185
Mlp84B,7295
CG10098,313
CG10068,243
CG31248,10
CG31493,0
Fer1,89
CG14610,0
CG2656,16
gfzf,336
Sas-4,8
MAGE,18
sas,397
CG10055,190
lap,3105
CG14609,5
CG1288,0
CG14606,0
CG14605,1
thw,23
CG14607,0
CG1234,2
CG10053,4
CG1227,76
CG10050,72
Obp84a,99
Gld,268
Syt4,5189
rn,103
RacGAP84C,1
CG42544,0
CG10029,0
CG44335,0
CG31496,0
nxf4,0
CG43290,0
CG17944,0
Mst84Dd,0
Mst84Dc,0
Mst84Db,0
Mst84Da,0
MstProx,0
CG42650,0
Ir84a,1
wa-cup,0
CG14598,10
CG1142,6
alpha-Est10,112
CG42656,36
alpha-Est9,1572
Mics1,1
alpha-Est8,780
Ubc84D,5
alpha-Est7,684
alpha-Est6,0
Rtnl2,0
alphaTub84D,337
alpha-Est5,4
alpha-Est4,5
alpha-Est3,1029
alpha-Est2,59
alpha-Est1,281
CG45545,0
Nlg3,435
Nlg1,48
CG2616,0
CG43254,0
pyd3,312
CG10919,0
Sp7,268
CG11286,0
CG18747,0
CG18745,0
CG18748,0
CG18746,0
CG10086,0
CG2641,10
CG18744,0
CG3014,6
CG18268,1
CG2993,278
sgll,632
CG31473,9
CG34384,1166
CG17816,1972
ArgRS-m,89
mRpS9,209
wtrw,575
EMC1,485
Taf7,80
Prat,62
CG2846,962
CG2678,25
CG10445,1
lds,8
dsx,468
CD98hc,747
Os-C,758
Sfp84E,1
CG2781,1514
PIG-H,47
Kmn2,11
CG2698,430
CG2767,1258
CG11052,49
CG3223,473
CG10435,41
Pbp95,11
CG2747,489
ImpE3,7
CG10903,37
CG11035,85
unc-45,81
CG43060,1
CG43618,2
CG43061,1
mAChR-B,187
CG7910,5
CG7900,112
puc,341
CG7878,94
CG9667,21
Gie,522
grn,154
CheA84a,1
CG7800,27
CG18249,136
DNApol-iota,155
Ada2b,285
CG9636,468
CG18749,0
CG33722,114
CG15864,0
mtg,71
RpA-70,105
Mcm2,8
CG9630,30
ato,2
CG11671,8
CG11672,0
CG31464,0
CG31463,0
CG9626,29
mRpL1,97
nac,35
Sgt1,561
tex,14
CG11693,0
CG11694,0
CG11698,0
CG7483,174
Coq2,26
Ctr1B,59
Poxm,6
Or85a,1
CG7443,0
COX7A,2037
Arl2,12
CG9601,32
COX7AL,0
DppIII,231
CG7352,1
Atg13,984
stck,629
CG9684,33
CG7963,0
CG45263,662
Obp85a,0
Or85b,1
Or85c,0
CG11737,122
CG31454,0
CG31259,0
CG11741,3
Or85d,3
pch2,44
mRpS18A,60
CG31460,34
Cenp-C,4
5-HT2B,274
Or85e,0
Cyp313b1,20
Mkk4,1013
SLIRP2,92
Dhod,111
CG11753,90
CG42489,107
bel,940
p,137
CG8032,299
CG8036,857
mRpL19,30
CG9773,61
CG11755,22
CG8043,32
CG33325,0
CG44227,0
hb,14
Cks85A,213
CG8112,736
TMEM216,224
CG11760,0
CG8136,7
nom,79
ouib,0
CG8159,10
ranshi,23
M1BP,94
CG8202,47
CG9801,640
CG8223,152
CG11768,118
CG34135,0
CG8236,2
CG13318,35
CG34301,7
Pif1A,6212
Pif1B,0
CG33191,7
CG33189,15
Ir85a,8
CCT7,340
CG9839,8
hng2,7
CG9837,314
CG9821,1666
CG8369,4827
IscU,2795
CG8379,66
pyd,555
osk,0
skap,5590
CG11964,46
CG11966,1
CAHbeta,384
RagA-B,316
CG11970,64
E(var)3-9,31
CG11975,198
CG31100,98
CG11977,0
CG11980,88
Prosbeta3,973
CG11982,73
CG11983,13
Kcmf1,1432
Sf3b5,113
CG11986,17
tgo,50
neur,177
hyx,92
Nmdmc,740
Rel,184
Mst85C,155
Kdm2,253
beag,34
Ada,2
pum,772
CG11997,12
D1,457
Vps15,85
CG8420,3
St2,6
CG16734,5
CG16736,0
Ibf2,43
Ibf1,61
VhaM8.9,2263
sage,8
TrpRS,201
Vps16A,81
CG8861,2472
HP1e,0
CG12951,0
CG16749,3
Aduk,140
pasi2,330
CG45050,7340
CG43675,1693
CG18473,18
CG8129,43
FER,890
Or85f,1
CG34117,226
RpL34b,908
CG8132,122
CG9356,54
CG8135,0
CG42511,474
CG44261,0
betaTub85D,6
Task7,376
alpha-Man-IIa,219
ps,3244
GstZ1,33
GstZ2,740
CG16779,915
phu,27
RhoL,225
CG8149,174
rump,788
Ras85D,1575
Rlb1,4
mRpL47,100
JHDM2,15
CG8176,526
by,898
mura,1243
RnpS1,41
CG9386,13
CG8199,325
AP-1mu,341
MBD-like,69
CG9393,144
Vps45,119
CG16789,17
CG16790,176
CG9396,359
CG9399,793
Kap-alpha3,1998
CG8273,14
CG8301,275
CG33654,0
P58IPK,386
bocks,140
CG8312,394
CG9427,160
CG8319,10
Calr,1087
SpdS,180
Scm,223
Dh44,765
Fst,0
CG9492,11
CG43441,1
CG8358,14
CG16817,2218
nmdyn-D7,1
CG9444,85
eca,502
CG18542,0
Unc-115b,0
p24-2,10
CG32939,0
Unc-115a,702
trbd,943
dmt,35
hyd,183
FoxP,145
alphaTub85E,53
CG12950,389
Pnn,247
CG34409,12
CG31415,1
CG12948,183
PpD3,363
CG16908,14
Rpt3R,0
CG8412,60
CG8417,241
Snap24,1317
CG8478,1
MED6,69
CG8481,1476
CG9471,76
Whamy,2
topi,1
RpS29,23146
CG12947,12
MtnA,1756
CG8500,2526
CG12945,337
CG8507,181
CG8516,140
CG9467,444
CG8526,1
FBXO11,500
CG8534,0
eloF,0
CG16904,0
CG9459,0
CG9458,0
CG42857,0
CG34302,0
Teh1,392
Glut4EF,1948
Art4,172
Gr85a,1
Spn85F,1
CG5359,64
Mical,3014
CG31407,3
CG3909,18
CG11722,27
mtTFB2,1
CG12811,174
ohgt,168
Fancl,0
Npc2e,0
Npc2d,0
Npc2c,0
CG33630,0
CG33631,0
CG33783,0
CG33784,11
nerfin-2,2
CG5361,1
Fmr1,346
CG3940,742
gammaSnap2,127
ATPsynepsilonL,6
knk,49
tws,307
TAF1B,33
CG42759,8
Invadolysin,1216
CG34303,0
CG6254,17
Best1,271
CG12814,1275
Syn,4754
Timp,1460
CG12420,1
CG12817,100
CG34107,0
CG42795,87
CG3999,131
Sirt6,3
pont,44
CG43143,229
CG6293,122
Bruce,378
CG12818,10
sle,10
CG12592,0
CG18545,0
CG31406,0
jumu,88
Rfx,161
cwo,779
mthl11,0
CG6325,117
Irp-1B,551
Rrp46,16
CG6345,17
CG46270,0
Cyp12e1,31
hth,1377
CG6465,30
CG14688,662
Skeletor,239
pug,947
CG14683,165
CG31391,0
CG31467,3
CG14684,0
CG31278,64
CG31373,4
CG14689,0
CG4073,0
tomboy20,0
TkR86C,63
CG14691,1
CG31272,15
MED7,169
Cap-H2,182
TfIIFbeta,150
CG45076,179
fau,51
CG45078,8547
Desi,8
CG42633,7
mRpL37,12
Rbp1,325
Art1,318
Mcm5,13
CG14687,694
CG14692,4
CG14693,32
CG4089,145
Cad86C,380
CG42394,735
CG4565,3
CG6567,170
CG4511,291
CG4570,0
CG14694,17
CG6574,175
SelR,1616
Tsp86D,301
Fdh,430
CG4596,290
Sodh-2,152
CG14695,9
Tpc1,237
CG14696,96
Leash,60
Adk3,259
CG6621,15
Tengl4,0
CG34114,464
CG43449,0
CG6629,0
Ugt86Dd,256
CG4706,0
CheA86a,0
Ugt86Di,13
Ugt86Dc,0
Ugt86Da,167
CG4757,54
Ugt86Dg,0
Ugt86De,2
Ugt35b,521
Ugt35a,55
Ugt86Dj,0
Ugt86Dh,0
CG18577,69
cu,408
SdhC,1327
Tctp,8148
ZnT86D,173
RpS25,5624
CG4820,11
CG6689,25
CG6693,171
RpL3,23854
scpr-C,8
CG17726,18
GCC88,108
CG17187,39
CG14701,65
Arfip,405
CG17721,54
CG31441,42
CG31388,113
scpr-B,1
scpr-A,0
CG17734,2533
CG5214,1799
pros,6720
KP78a,51
KP78b,0
mRpL40,59
mgr,380
Irbp,149
Ranbp9,50
CG6723,368
CG45676,8
ninaG,44
CG5270,104
CG18643,61
RpL24-like,684
CG5276,132
CG6744,62
CG5281,149
sals,32
CG17230,8
PGRP-LB,94
dpr5,95
dpr4,718
CG14708,0
CG10898,79
fabp,16137
sea,0
Mrp4,153
CG6790,0
CG5342,0
wkd,866
CG6791,167
Jupiter,689
CG14710,14
CG6808,15
CG14711,39
CG6813,44
CG18764,6
CG14712,11
Csk,1340
Elp1,37
CG42327,475
CG14715,329
CG18476,23
Taf12,93
Ho,1084
CG6830,51
CG6834,58
CG6908,447
CG18765,0
Fer3,1
CG14717,2
CG14718,0
I-t,0
CG14720,3
CG12594,230
CG14721,139
Blm,11
CG14722,179
CG6923,36
CG43062,0
Lk6,7172
l(3)neo38,1455
CG17360,287
HisCl1,365
Sbf,182
ClC-a,3876
glo,505
COX5A,4003
CG6950,131
CG6959,1178
sad,7
CG6962,7
CG31368,24
mthl5,77
CG6971,2
Cad87A,483
CG34307,0
CG14731,0
CG31211,483
Hsp70Aa,7
Hsp70Ab,0
CG3281,41
aurA,4
CG12213,415
GC1,1010
Tango9,732
GC2,2
CG10005,7
CG18547,40
CG12224,3
CG3397,0
mfas,271
Tk,315
Ect3,371
KLHL18,209
GCC185,128
DCAF12,48
Spt3,10
CG31358,0
CG42505,0
CG42504,0
ssp5,0
CG14736,0
CG14739,0
CG14740,0
ATP8B,383
dpr17,70
CG4702,17
dpr15,250
Cpn,206
eIF3d2,0
CG43450,0
CG3809,0
CG4830,1
Cog1,306
CG14742,56
CG4860,48
CG10014,0
CG17404,33
CG12256,7
CG3916,2
Pglym87,0
Cyp313a5,0
Cyp313a2,0
Cyp313a3,1
CG3942,0
svp,332
CG44037,0
CG44038,0
CG17738,3
Sfp87B,0
CG4066,0
CG10013,1
CG44956,0
CG10038,24
CG10041,1
MBD-R2,56
CG4115,564
Tim17a1,0
GstD10,18
GstD9,81
GstD1,3326
GstD2,45
GstD3,107
GstD4,1
GstD5,13
GstD6,0
GstD7,0
GstD8,25
CG10035,2
GstD11,22
CG34402,7
CG33098,47
CG10096,0
CG10097,89
Cyp9f3,20
lig3,47
Cyp9f2,440
CG5167,203
CG5196,215
Dip-C,184
pps,8
Scgbeta,116
CG17202,139
Pp1-87B,1165
NANS,8
CG5641,105
CG5245,3
Prosalpha2,900
Aos1,52
CG5844,164
Desat2,0
CG17207,0
Desat1,9674
CG5538,0
CG18549,426
CG5509,20
trus,155
CG5961,91
CG12267,4
CG5608,67
Hsp70Ba,1
Hsp70Bbb,0
Hsp70Bb,0
Hsp70Bc,478
Octbeta3R,335
Hug,112
Octbeta2R,2587
Vha55,833
Snx3,814
Not10,54
CG18530,4
CG11598,1
CG11600,0
CG11608,0
CG6753,81
Dtg,85
CG6225,308
CG14395,2
Gnmt,132
CG43630,1
mbo,40
Cyp313a4,2
kar,609
Su(fu),122
CG31347,1
Arp1,774
CG14391,0
NijC,479
Past1,706
CG12279,120
mus308,5
Men,4777
CG5724,0
CG5999,5
beat-Vc,159
CG31345,260
beat-Va,482
CG10126,419
d-cup,0
CG10909,0
beat-Vb,45
grsm,265
Spc25,5
Cyp304a1,16
CG14384,0
CG7381,47
CG7091,2
Paip2,1090
CG31342,332
CG14383,0
yellow-f,27
yellow-f2,175
CG7488,47
CG17327,0
CG44194,443
CG7518,260
CG8031,221
CG11656,0
CtBP,1740
CG46280,731
CG46281,1
l(3)87Df,210
ry,49
CG11668,16
snk,0
CG11670,0
CG45122,1
Hsc70-2,2
CG31157,0
CG7966,77
pic,187
sim,7
CG43063,0
timeout,2
CG34308,0
2mit,1895
CG8138,0
CG8508,0
CG14380,0
CG8141,0
CG8483,745
CG8476,2
Ace,1999
CG11686,69
Ravus,14
Su(var)3-7,135
TBC1D5,38
CG8630,1026
CG15888,0
CG15887,6
Osi22,0
wntD,0
CG8773,0
CG8774,0
CG32473,170
CG43208,0
CG44142,15
CG45080,66
PK2-R2,10
PK2-R1,17
mthl12,0
poly,148
Dic1,710
CheA87a,5
Lip3,2
CG34309,19
CG9813,1238
CG8870,3
mRpS21,166
Droj2,2684
CG9799,28
CCHa2,885
CG14374,0
CG14377,4
GILT1,1284
CG33977,89
yellow-e3,0
yellow-e2,3
yellow-e,108
Ir87a,0
Act87E,3451
yrt,413
CG14372,343
CG12538,0
CG42778,0
CG31337,11
CG14370,0
CG14369,0
CG9759,63
CG9757,1
CG9269,0
CG10841,0
sqd,1861
rin,639
Rbp4,2
Hrb87F,218
B52,2582
Task6,112
CG9588,332
Lkb1,208
omd,69
flfl,1282
CG14367,56
f-cup,889
ninaB,654
Adgf-D,80
Adgf-C,14
CG31469,79
primo-1,0
primo-2,659
CG34383,4813
Ubc87F,0
CG9312,99
Cht5,951
CG9297,4044
CG9288,0
CG42375,790
CG9286,0
Dip-B,669
tal-1A,78
tal-3A,0
tal-AA,0
tal-2A,0
Mst87F,0
Nsf2,219
CG31495,27
CG14362,0
E5,5
ems,15
Art9,0
Art6,0
CG31517,0
CG9926,0
Ipp,908
CG9925,0
Orc2,0
rdx,610
Cyp6d5,905
CG3061,1202
CG9922,152
foxo,1227
Npc2b,3359
CCHa1,38
CG9920,21
PK1-R,42
CG12402,247
Or88a,1
CG14357,0
Kif19A,5
Abi,392
twf,160
140up,85
RpII140,46
CG14356,12
CG14355,0
CG42500,1
CG9722,0
CG44215,0
CG31533,0
CG31327,0
CG3199,0
Dop1R1,1136
CG9649,215
CG31326,719
CG33109,42
Sp212,10
CG9631,235
CG9624,0
CG43291,21
CG9616,4
MetRS-m,48
CG43179,4
CG14840,0
CG14841,0
CG14839,0
trx,1015
red,690
CG3259,10
su(Hw),83
RpII15,187
CG31321,113
Crz,145
PR-Set7,166
Afti,501
ATPsynE,2402
spn-B,8
NK7.1,263
HEATR2,18
soti,1
cv-c,1047
natalisin,52
HtrA2,33
mRpL11,41
CG8461,26
Pde6,400
CG34273,0
Cyp313a1,527
CG14854,23
CG14850,0
CG14851,0
CG8087,0
CG14852,0
CG31313,11928
CG8066,505
Cys,9298
CG7987,187
CG44094,2
stumps,131
CG14853,477
put,1343
His4r,5112
CG7886,2
Cad88C,5
l(3)L1231,385
CG3505,154
Hexim,152
Rad17,35
BigH1,0
Meltrin,565
kibra,17
CG7530,739
eff,5120
jvl,1300
smp-30,479
CG7362,0
CG14855,8
CG14856,15
CG14857,8
btsz,1463
CG3610,0
CG3631,47
Rrp6,41
CG33331,18
CG33332,11
CycC,80
UQCR-C1,1560
CG7265,43
CG14860,2
Nup93-2,9
CG3817,5
VhaPPA1-2,0
RpS5b,2
VhaPPA1-1,3729
Sdr,128
CG14861,0
RpL10Aa,0
dpr9,1965
CG6974,12
CG6966,3454
CG42788,353
CG6912,63
CG3984,39
CG3987,5
GlyS,896
Gyc88E,139
Mf,30963
CG6752,28
CG42542,1109
Spn88Ea,362
Spn88Eb,40
Mau2,28
CG6654,24
CG4210,24
SIDL,63
CG12241,182
Rpb7,19
CG31344,166
Caf1-55,115
Art3,4
mRpS10,214
CG34316,0
tefu,8
Hsc70-4,12316
Amt,18
CG42404,702
eIF2gamma,920
Su(var)3-9,16
Set,129
ATPsynO,3739
CG14864,1
Zip88E,30
Cp190,265
CG4338,40
MRG15,78
l(3)neo43,248
Tm1,11078
CG45218,3
Tm2,10317
CG14866,0
CG6276,65
CG44040,0
ear,175
CG6236,114
ea,54
mRpL9,94
FK506-bp1,131
Sra-1,474
CG6218,676
SerRS-m,114
Surf4,745
CG31301,104
CG42727,0
CG42726,95
Trs33,45
CG5038,53
Atg4b,134
CG5044,504
ldlCp,152
Trax,40
CG6171,181
CG34404,427
CG14868,118
CG6136,110
Ccm3,1263
Rbp,296
h-cup,2
CG6125,167
Atx2,428
CG6118,2
Act88F,74
AdamTS-A,287
B9d1,1
Rh6,3172
Trissin,85
obe,55
CG5213,0
CG44014,126
CG44013,1
CG31296,2
AOX1,74
AOX2,1
AOX3,194
AOX4,8
CG43335,0
CG43336,5
pxb,76
CG31446,0
CG5399,489
CG5404,221
CG31294,0
CG34274,0
CG4520,0
CG12784,0
CG5623,0
CG4525,6
CG5614,0
CG9590,111
CG9589,9
c(3)G,10
Acyp2,235
nsl1,1297
CG9593,3
alpha-Man-IIb,885
rec,15
CG4576,27
CG43318,0
CG43317,0
Arpc3A,259
ND-23,1039
spn-E,9
Pbp45,4
cv-d,38
CG4546,11
Hmt-1,253
CG31183,42
CG9632,0
CG14877,0
glob1,4783
EndoU,142
CG45105,84
Fbxl7,230
CG34276,13
CG5478,0
blp,236
Sap47,10105
CG31088,0
CG4287,402
CG5516,39
CG32856,104
Rbf2,0
mor,123
Hel89B,183
srp,161
GATAe,1
pnr,20
CG10264,0
CG10407,67
IKKbeta,51
CG5013,15
msps,809
CG10185,41
Mhcl,366
CG32855,9
sxe2,266
Akt1,1300
Sb,7
CG5903,906
CG5916,131
Fer2,53
CG6006,213
CG8925,67
CG8927,454
Bin1,74
sra,1143
CG6126,402
CG31287,1
mtSSB,110
tara,248
bor,321
asun,28
Mst89B,0
Mat89Ba,19
gish,1726
Zip89B,19
Sulf1,234
CG44044,0
CG6901,0
CG17929,0
CG17930,1
SF2,1312
pad,7
CG14879,43
Manf,290
CG10311,729
CG17931,56
CG42446,417
CG14880,11
CG10317,0
ss,46
CG31279,2
CG17565,68
CG14881,104
mRpS33,157
ema,64
CG14894,269
CG14882,41
Pak3,1331
CG10405,0
CG14883,119
CG42232,28
CSN5,100
Gyc89Da,5
Gyc89Db,9
Dhfr,49
Sdhaf3,44
Der-2,227
Cad89D,3
Gr89a,0
Decay,0
CG42342,397
CG14891,0
CG14903,16
Scp2,5543
CG14892,18
CG10345,1439
NPF,216
CG12783,2
CG10340,234
CG17562,0
CG17560,1
CG14893,0
CG14905,1
Fas1,4287
nonA-l,126
Arl6IP1,859
CG10324,12
CCT3,308
CG14906,8
CG14907,39
modSP,385
Ubx,5
CG31275,0
Glut3,0
abd-A,0
Abd-B,0
VhaM9.7-d,0
Actn3,0
AhcyL2,38
CG18622,963
MESK4,13
CG3678,430
CG31274,2
CG17556,254
CG3534,169
Sf3a1,58
Irc,888
CG8907,6
Pxd,125
AdSL,929
CG5225,0
CG31268,20
CG4009,1
CG18213,1
CG5220,41
CG3995,24
Patr-1,243
Dad,259
Ns1,38
mRpS11,149
Keap1,248
kuk,608
GckIII,198
cal1,90
cher,475
CG34278,0
CG42779,0
CG45079,0
CG17477,0
CG31269,0
CG31265,0
CG17475,0
CG4053,0
CG31266,0
CG31267,0
CG5246,0
CG5255,15
CG5265,0
TwdlW,1
m-cup,284
Det,12
CG5285,12
CG5292,385
Mur89F,0
CG31262,1
beat-IIb,160
CG44259,5
CG44257,5
CG31418,0
CG31419,0
beat-IIa,734
Brf,153
lute,1095
sds22,150
CREG,424
Sur-8,3083
CG34279,172
CG34280,0
CG42823,0
CG42824,0
CG42798,1
CG17283,0
CG5860,0
CG5863,0
CG42821,35
CG42822,5
CG5866,0
CG33333,0
CG42834,0
CG42835,0
CG14332,0
cysu,113
CG44090,0
CG14331,13
Eh,127
CG14330,0
Dscam3,220
CG5823,169
P5cr-2,258
l(3)07882,64
SF1,597
Prx3,666
Hmx,23
CG7587,0
Sgs5,0
CG7606,0
sll,83
CG14329,0
Edg91,60
CG34281,18
CG14327,1
CG14324,0
CG14326,3
CG14323,0
AttD,44
CG14325,0
CG43175,10
CG14322,31
CG7523,185
Mps1,0
alt,578
CG7655,40
CG31251,3
CG31360,145
CG31249,61
osa,861
Pxt,0
Atg8b,0
Lgr1,42
CG14321,131
TyrRII,34
TyrR,71
CG43102,413
pasi1,173
CG7379,91
CG17803,8
CG17806,32
CG17802,39
CG17801,0
Odj,69
CG18012,149
tinc,164
Rim,2064
CG12347,0
CG43445,0
cpo,4518
DNaseII,234
CG7785,232
CG7794,0
htl,186
CG14317,0
sr,303
CG14316,0
CG14315,0
CG7218,258
Cbp20,88
CG7215,4744
Prx5,0
wrd,2081
cdm,165
CG7208,1
Arp5,13
CG12321,315
MED17,47
CG14313,3
Ssdp,1104
CG7985,158
CG44158,3
CG14314,147
CG7183,55
CG7988,17
mTerf5,44
Non3,55
CG7168,84
Mdh2,3234
repo,560
CG7156,73
14-3-3epsilon,4129
CG12320,39
CG18598,383
Ada2a,386
Rpb4,0
moi,373
Tgs1,0
CG18599,6
Vps39,34
eIF1A,7542
CG7142,3
CG14312,67
CG8064,26
CG7131,38
l(3)05822,345
Dlc90F,557
CG18600,55
CG7126,0
PKD,347
CG31235,42
CG15803,186
hmw,0
WRNexo,13
Nup43,19
gl,356
CG7675,717
CG14309,0
cona,0
Vha100-4,0
Vha100-2,547
Vti1b,229
CG12333,969
koko,15
CG7685,43
CG31122,331
CG10864,17
fru,458
CG7691,0
CG43210,0
hemo,56
CG7694,98
fray,296
qin,2
CG14304,18
CG14305,0
CG7695,356
CG14301,198
CG31224,505
CstF64,36
Cpsf73,15
Gos28,198
CG31231,0
CG31229,156
CG7702,39
CG31230,2
CG7705,765
CG7706,23
CG46318,1416
CG7708,819
Muc91C,0
CG14300,0
CG34282,0
ChAT,1307
VAChT,1108
CG34283,0
CG7714,8
CG7715,0
CG14302,2
Mekk1,115
CG7718,74
gwl,1
Epg5,69
CG7720,339
CG18208,645
CG31226,0
CG14298,375
CG14297,0
Rh2,913
CG14294,0
CG34284,0
CG14292,0
EndoA,3048
CG14291,29
Xrp1,1476
Mpc1,744
CG42613,2299
CG43732,8585
euc,510
Smu1,28
dnk,88
snRNP-U1-C,84
gukh,219
CG6005,226
CG14286,19
CG14285,4
GatA,6
NP15.6,1161
P5cr,148
Prp18,42
CG6013,114
CG6026,1
cdi,1143
mRpL55,71
ATPsynD,2130
CG6040,410
Cyp12a5,16
Cyp12a4,136
Ppcs,204
CG5835,477
CG11779,114
nos,0
Nsun5,43
CG42359,81
sqz,48
CG14282,1
CG5555,322
CG31475,164
cry,536
vib,1973
CG11703,0
CG5250,0
CG3773,53
unc79,140
CG5217,0
CG14280,8
CG44174,0
Dl,492
CG43203,0
Ino80,7
CG3581,0
CG31404,0
CG31245,0
CG3734,0
CG18493,0
CG3739,0
CG31244,1
CG5316,759
CG11626,3
CG31221,6293
CG3517,0
Dys,897
CG6255,1
CG15025,0
Cpr92A,0
CG7333,0
CG7342,89
CG17751,0
CG17752,0
CG16727,0
CG6231,1123
subdued,239
CG34138,4
Vha13,4892
Nup58,15
CG6195,63
CG31220,0
CG31219,150
CG6184,141
ort,30
CG7432,1
Naam,430
CG34286,0
GluClalpha,1309
CG6300,0
CG11659,0
CG11391,185
CG11407,230
CG11453,5
bnl,29
CG31459,1
CG4662,725
Ire1,310
CG11447,32
CG4572,195
CG4686,275
CG4562,463
CG17186,6
Arc42,126
Ask1,158
ninaE,88384
CG4733,80
CG4538,1085
Surf6,20
RhoGAP92B,348
Xport-B,12
Xport-A,2057
CG4465,0
CG4770,1
CG4462,118
CG4459,4
Hs6st,562
mira,7
CG4783,15
CG31213,0
MED25,10
CG17190,37
CG4836,0
PIG-L,344
psidin,59
CG4424,8
CG4854,9
trem,19
CG4936,29
CG10889,32
CG17193,831
CG33934,0
Indy-2,0
CG4390,140
mdlc,18
Rh3,2270
CG31206,0
CG10887,0
Gr92a,0
CG5023,384
Nlg4,290
CG17199,0
cic,738
CG4367,0
CG4362,0
CG42668,542
CG4360,510
Sirt2,184
Ir92a,0
MtnC,0
Gfrl,1404
CG4335,56
eIF3g2,0
Dic2,0
MtnB,57
Or92a,1
MFS9,331
MtnE,26
MtnD,56
Stat92E,3853
DPCoAC,94
att-ORFB,532
CG5180,36
CG15922,227
CG5191,986
CG10877,11
TFAM,206
CG5412,64
EloB,1074
Srp14,236
CG34008,1
CG16953,1279
Sep2,261
Srp72,26
PUS1,30
bon,922
CG15923,35
CG5466,169
H,152
Pi3K92E,154
Lrrk,82
GluRIIE,3
GluRIID,7
Nep4,536
Cpr92F,88
CG4000,3997
Oamb,290
CG31205,1058
Cdk2,39
CG17267,0
CG42322,505
CG31199,622
CG31200,740
Prosalpha4T1,0
Syp,5126
CG31195,751
Takl1,0
Fancd2,0
CG17270,322
CG17271,363
RpS20,3256
CG17272,168
AdSS,1453
CG31223,8
Synd,1779
CG15695,138
CG15696,3
RpS30,3450
Ir93a,1
CG3822,237
TotA,1285
TotC,770
TotB,0
TotZ,0
Ktl,4865
Grik,40
TotX,44
CG31191,24
hdly,517
Atpalpha,8024
Calx,3851
CG43446,0
CG10827,0
CG5697,410
Rlip,504
CG17278,147
Dhc93AB,27
CG12278,9
CG31189,147
CG31207,223
CG7079,500
CG17279,68
Mvl,639
Cortactin,154
AnxB9,4921
r-l,60
dmrt93B,1
HHEX,0
RhoGAP93B,513
CG7044,43
CG5745,105
Sec15,110
rtet,9
Rab11,2368
ppan,26
Bdbt,62
slmb,2406
CG5793,115
Obp93a,0
Ice2,27
CG7009,16
Usp8,799
meigo,385
SNF4Agamma,1903
cDIP,61
CG5810,9
Snmp1,184
CG5862,130
Smyd5,15
Oga,55
CG3337,131
Nelf-A,81
e,1848
CG5892,0
ETHR,43
Rab1,5028
AP-2sigma,433
CG5919,121
CG3308,1967
CG3301,593
SIFaR,560
CG17298,39
CG16791,1686
mod(mdg4),304
pre-mod(mdg4)-B,0
pre-mod(mdg4)-H,0
pre-mod(mdg4)-G,0
pre-mod(mdg4)-L,0
pre-mod(mdg4)-I,0
pre-mod(mdg4)-J,0
pre-mod(mdg4)-K,1
pre-mod(mdg4)-P,0
pre-mod(mdg4)-Z,0
pre-mod(mdg4)-T,173
pre-mod(mdg4)-E,0
pre-mod(mdg4)-C,62
pre-mod(mdg4)-AB,0
pre-mod(mdg4)-W,0
pre-mod(mdg4)-AD,0
pre-mod(mdg4)-Y,118
pre-mod(mdg4)-AE,0
pre-mod(mdg4)-X,1
pre-mod(mdg4)-V,0
pre-mod(mdg4)-U,0
pre-mod(mdg4)-O,0
pre-mod(mdg4)-N,124
pre-mod(mdg4)-AA,0
tin,0
bap,1
CG6475,0
CG7907,0
CheB93a,0
CheB93b,0
lbl,25
lbe,29
Fancm,22
C15,32
CG7956,2474
slou,7
CG15498,3
InR,967
E2f1,389
Archease,90
CG15497,9
DNApol-alpha180,0
CG31176,80
Sfp93F,0
CG42869,0
CG42870,0
CG34034,29
CG5849,306
CG31343,1
CG31233,0
CG31198,0
CG42335,0
Burs,4
GABA-B-R2,347
CG6800,0
RpI12,28
tsl,457
CASK,1556
Gr93a,0
Gr93b,0
Gr93c,0
Gr93d,0
glec,111
lsn,111
CG6569,5
Cby,6
CG31174,10
CG31431,40
CG31178,1
CG6656,213
CG34148,89
P5CDh2,0
CG31465,1
fit,1034
CG17819,1
dnd,90
CG6678,8
CG43844,2
CG6690,0
CG17843,4
Eip93F,4646
CG6332,6
Idh3b,1704
Mitofilin,1097
mRpL35,107
CG6028,207
Cchl,1008
ND-42,1205
CG13409,104
CG6015,0
CG45099,839
pit,86
Fadd,48
how,1434
CG13408,51
CG5778,188
CG5791,280
CG13407,0
Ir94a,0
Ir94b,0
Ir94c,0
CG42390,532
SKIP,354
Gld2,7
CG7084,216
CG34377,51
CG7080,0
CG33721,0
CG13862,0
CG5391,7
CG5388,0
CG5386,0
rdhB,871
Sar1,3070
PSR,199
Muted,757
CG7071,0
CG5382,150
CG5380,34
PyK,6573
CG7069,0
CG18596,26
CG34149,4
CG43342,19
CG43343,7
CG5379,1
CG7059,262
CG13857,6
CG13856,26
CG13855,5
CG13850,44
lqfR,374
Nop56,183
mats,343
pinta,191
CG13847,0
CG12499,28
CG34288,6
CG34376,162
Rpn7,550
AP-2mu,1197
CG7054,169
Pebp1,3
CG5377,82
Nrx-1,1579
Pfdn5,195
CG5376,11
CCT1,335
tHMG1,1
tHMG2,0
Octbeta1R,917
CG5346,352
CG33099,9
CG33093,2
CG5326,124
AdipoR,5676
bond,1679
sit,101
CG33110,2936
CSN6,58
Dph5,172
CG33107,52
CG6937,50
btn,0
Efa6,614
CG31156,21
CG13843,2
mRRF2,62
CG31161,1
mRpL45,108
loco,263
wake,678
Gclm,838
CG17625,1
wfs1,24
Nup133,20
cd,23
Cyp6d4,73
CCAP,71
CG6972,70
CG13842,2
CG4907,0
wge,282
Irp-1A,118
CG4813,24
CG45049,305
Takl2,4
Dcr-1,12
CG6985,7
vret,3
HP1c,154
CG17141,24
CG31139,0
rumi,9
Usp12-46,105
CG7029,1310
CG4725,20
CG4723,31
CG4721,170
CG13841,464
CG43091,138
CG43092,209
CG43093,260
CG43094,12
CG43095,34
CG7031,9
CG13840,3
CG4704,0
klg,487
CG6660,4
Tpl94D,1
Gbp3,308
Nha2,64
Or94a,0
Or94b,0
CG34375,131
CG6688,1
lmd,20
CG13833,30
CG13838,0
CG13837,0
CG17121,177
p53,63
Gr94a,0
CG17119,18
sav,108
Ublcp1,71
CG17111,314
Cow,5138
CG17110,1
CG6726,22
CG17109,0
CG6733,0
CG6738,0
Rassf,220
CenB1A,545
CG31365,114
CG31457,41
hh,7
unk,2246
VhaAC39-2,0
CG13829,0
Irk1,0
CG46310,939
cnc,3400
fzo,7
CG4467,2984
Rad60,12
EloA,224
wda,18
CG13827,96
orb,431
Cdc16,62
CG6763,4
CG17083,0
bb8,0
pnt,70
DNApol-epsilon255,5
ATPsynCF6,1074
Sec13,125
RpS3,5264
CG4408,31
CG42827,1
CG42828,0
CG4393,247
CG31515,0
CG17380,0
Ir94d,0
Ir94e,1
CG4374,95
CG43694,3
Ir94f,0
Ir94g,0
Ir94h,0
CG34289,0
Irk2,849
CG10177,2
CG10175,323
CG10170,0
CG16732,1
CG10168,0
CG10164,0
beat-IV,244
CG10182,0
CG33337,0
CG16723,0
CG10183,1
CG10184,144
CG31145,832
GILT3,4
GILT2,22
eIF3d1,439
CG16710,2
CG18754,630
SPE,346
CG10254,256
CG10252,0
prt,34
CG31468,0
Gba1a,0
CG31413,0
Gba1b,214
CG10301,1
CG10300,0
nau,1
CG10232,1
CG10365,403
Rpn9,1228
Hmgcr,544
RanBP3,127
Rpt5,847
Hrd3,129
PTPMT1,103
SdhD,1355
CG10217,207
Lsd-1,409
CG10214,104
CG10375,169
tst,97
CG10208,177
Nup98-96,76
mbc,304
CG33111,172
CG34355,1586
eIF4G2,316
Pli,1457
TfIIA-S,454
tbrd-1,0
sba,444
CG31141,0
Ndc1,10
CG13601,85
CG43999,2
CG43998,0
CG31142,35
Rpt2,930
CG13599,0
RpS19b,0
CG5854,385
Gdh,2579
CG12268,233
GluProRS,50
AP-1sigma,1066
CG31140,629
CG13603,820
CG5902,382
CG13604,147
Rab7,1499
CG33108,44
LSm3,26
KrT95D,387
Ime4,12
Miro,435
spas,173
Rox8,813
CG5986,65
Atg6,105
CG5991,292
CG6000,87
Hsp68,652
SMC1,129
eIF4EHP,2889
Syx1A,1207
CG10694,0
CG18428,140
CG13605,74
Root,23
CG13607,130
GatB,78
Tsc1,10
Sec10,101
Npc2f,2
Kal1,224
Slimp,15
p38c,11
p38a,38
CG6178,76
Myo95E,1707
CG6182,125
mRpS24,83
Apc2,8
CG5510,252
CG13606,179
CHORD,15
CG5515,121
jnj,43
CG6204,12
twin,305
CG17786,136
cav,7
Spps,12
CG13609,18
Spase22-23,394
Acp95EF,1
mask,697
beta-PheRS,29
jar,700
Orct2,118
Orct,92
CG13611,0
CG6356,495
CG34290,0
CG6364,899
CG5715,1
crb,523
Nab2,2
BRWD3,29
CG5728,62
Dis3,31
CG6432,0
Ms,1612
CG5746,252
CG6454,491
Golgin84,61
CG18528,31
CG5762,0
CG33339,0
CG33340,0
CG17784,0
CG13613,0
CG42811,0
CG42812,0
CG33341,0
CG13614,0
CG17782,0
CG17781,1
CG33342,0
CG17780,1
CG5768,0
CG13615,0
CG13616,4
nAChRalpha1,1799
CG31128,0
nAChRalpha2,108
nAChRbeta2,1069
CG13617,1
Pp1alpha-96A,1689
CG13622,4
CG13618,25
CG6607,89
CG13623,126
ana1,8
CG5789,335
Esyt2,285
REPTOR,3568
CG13625,12
mld,90
Syx18,99
atl,819
Wsck,73
CG43222,100
puf,130
ash2,109
CG31125,7
CG6695,166
CG31126,26
Ppox,47
slo,3016
CG46316,9
CG13627,0
Rpb10,281
CG13630,163
tok,1016
tld,9
asp,1
AstA,352
CG13631,893
CG42331,1
CG5805,765
Ets96B,4
CG13634,2
Ude,240
polybromo,36
lili,236
CG6980,5
CG34150,83
CG5808,3
Saf-B,1060
niki,0
RabX4,214
CG31357,294
CG43273,21
sosie,373
CG33658,0
Esp,44
CG7006,34
Nct,303
HDAC11,147
CG10899,0
ppk22,46
CG13639,311
CG13640,41
CG7016,55
CG13641,93
Elal,36
CycB3,0
CG3744,106
CG11089,3759
CG31381,9
CG31121,69
CG11069,20
CG13643,4
CG10845,0
PIG-S,21
sud1,28
CG11168,669
Mink,1
Trf4-2,0
CG11771,398
Osbp,509
ssh,256
Nmnat,207
mah,0
tnc,76
beta4GalT7,9
CG11781,183
Hr96,102
Smg6,555
CG6422,424
CG31115,1
bai,444
5PtaseI,340
CG11786,0
CG11790,367
CG11791,1220
CG31109,61
CG31111,9
stac,29
veli,588
PQBP1,26
Stt3B,252
CG11839,20
CG11836,7
shams,22
CG11920,25
fd96Ca,0
fd96Cb,4
CG33096,585
CG33095,0
CG45095,0
CG34027,1
CG13650,98
CG31108,72
CG31510,30
vig2,604
Mocs2,0
CG42503,611
Clbn,106
Bili,226
danr,59
lobo,1
dan,36
CG13653,0
Cad96Ca,270
CG13654,189
CG13663,93
CG31106,1
CG31103,130
CG11851,72
Cad96Cb,6
CG10420,50
CG11852,554
to,426
CG11854,12
bam,1
RpS27,6656
Nup37,3
Nup358,69
CG11857,1350
CG10425,109
CG11858,33
GlnRS,88
RIOK2,38
CG11891,0
CG11889,798
CG11878,1
CG10513,36
CG10514,7
CG11892,0
CG31300,42
CG31104,1
CG13658,0
CG11893,233
CG31098,185
CG31102,38
CG31097,1
CG31288,2
CG13659,3
CG31370,28
CG31436,146
CG10550,913
CG31099,0
CG31087,3
CG10559,19
CG10553,367
CG10560,157
CG10562,449
CHKov1,76
CHKov2,80
CG10669,18
CG11902,23
rha,1
tobi,9
Fur1,2169
ND-49L,0
alrm,557
CG31437,0
Muc96D,2
Vps33B,73
CG4553,16
MED28,34
XNP,190
CG5116,14
CG42488,894
Dhap-at,485
CG5112,311
CG33494,398
CG5107,0
CG5111,0
msi,2588
CG4582,1
ymp,1
Npl4,631
CG5079,54
CG5071,241
Ssadh,359
jigr1,184
Tnks,576
RASSF8,413
Lgr3,1
CG4730,6
CG5039,100
CG4743,89
CG5028,2992
RpL27,2670
CLS,129
LpR2,356
LpR1,831
CG17197,0
CG17198,0
CG17196,0
CG17195,0
CG4956,0
CG4960,0
CG31380,0
CG31093,0
BG642167,3
CG5024,0
CG17770,0
Acam,0
CG14354,0
Mst57Dc,0
Sfp96F,0
Mst57Db,0
Mst57Da,0
alpha4GT2,0
CG14545,1
CG5886,101
CG5890,395
Tsp96F,2381
SppL,583
Lnk,746
CG5913,10
CG5948,9
MCO3,0
CG31091,0
CG31089,1
CG42235,114
CG14546,0
CCAP-R,47
CG14540,0
boss,398
fid,229
Nf1,459
CG43116,0
E(spl)mdelta-HLH,0
E(spl)mgamma-HLH,0
E(spl)mbeta-HLH,151
E(spl)malpha-BFM,4
Kaz-m1,0
E(spl)m2-BFM,24
E(spl)m3-HLH,49
E(spl)m4-BFM,0
E(spl)m5-HLH,0
E(spl)m6-BFM,3
E(spl)m7-HLH,8
E(spl)m8-HLH,0
gro,530
Exo84,45
Vps2,510
Dak1,2262
Sld5,6
CG14543,27
PIG-P,0
CG42498,226
RpL34a,197
CG14544,3
CG14551,0
dysf,8
CG31324,1216
CG14556,8
CG6142,9
CG31323,789
CG31086,0
CG6073,54
CG34130,0
CG34129,0
CG12290,1182
Ald,11422
CG6154,373
CG33970,921
CG6036,0
ppk15,0
CG5432,1
CG6503,6938
CG34291,73
tx,46
Hex-t1,0
Hex-t2,1
CG5447,488
CG43117,8
Pdf,563
CG14237,0
CG14238,1
CG5455,1340
plum,315
scrib,849
TwdlM,0
TwdlP,1
TwdlB,0
TwdlL,0
TwdlO,0
TwdlK,0
TwdlJ,0
TwdlN,0
TwdlH,0
TwdlR,0
TwdlS,0
TwdlD,0
beat-VII,1010
Tb,0
TwdlQ,0
amon,3763
CG6425,6
CG5484,159
CG6420,302
CG14244,0
CG14246,8
CG14245,1
CG6403,0
CG14247,2
CG42789,0
Tl,1559
Lerp,614
IntS12,8
ball,9
His2Av,925
SPARC,1115
Rb97D,935
ms(3)K81,0
CG5500,142
ro,1
T48,389
Ets97D,56
CG46339,477
CG14252,6
CG18472,3
CG6330,987
Tsp97E,2660
Gr97a,0
CG5521,279
CG46313,381
CG14253,0
CG31075,245
CG31076,0
TwdlC,0
RYa-R,11
CG31077,0
CG6296,0
CG6295,0
CG17192,0
CG17191,1
CG6283,0
CG6277,0
CG6271,0
TwdlT,70
Nep5,5
CG34292,0
spz,323
CG43935,1
CG14257,10
Cpr97Ea,440
Cpr97Eb,890
CG14258,6
CG14259,504
eater,40
CG17189,157
caix,10
gb,100
CG5815,135
CG6066,7
CG5880,28
CG5882,0
CG6059,1
CG6051,918
Men-b,3526
grass,136
CG5909,261
ppk31,0
CG34293,133
spn-D,0
Ser,100
CG42813,600
CG42814,0
CG31064,651
CG31068,0
DNApol-alpha73,6
CG17991,0
CG18766,470
CG5984,46
CG5987,5
TfIIA-L,566
pll,58
woc,320
CG14262,0
CG14260,0
l(3)mbt,74
CG5934,201
CG5938,575
mrt,143
CG3368,62
bigmax,143
Hmu,258
CG3348,85
CG3339,2
CG3330,0
CG42534,9
CG46335,1
side,424
CG44290,0
CG43447,0
CG13978,0
Cyp6a18,0
Gr98a,0
CG43139,2
CG5402,1
CG13972,0
CG12885,3
Gr98b,0
Gr98c,0
Gr98d,0
Klp98A,619
CG5646,182
wdb,941
pins,623
CG5639,31
dsd,1093
Tusp,316
CG5612,62
CG5611,46
Mtl,539
tau,892
RpS10a,1
Mlc1,15188
unc80,148
CG5590,446
CG12883,68
Sce,41
CG31055,1
CG12880,256
CG43319,0
Acp98AB,0
CG43320,14
ALiX,711
btz,100
CG12428,592
CG12877,27
Ets98B,673
CG34353,185
Or98a,1
CG12426,1
mil,0
CG5003,111
mRpS22,96
CG33213,14
CG12259,29
BCAS2,57
RpL4,1281
mino,563
CG31053,0
NSD,58
BOD1,34
mfrn,639
Gp93,577
CG4951,21
CG5527,58
CG42487,150
CG4884,0
CG31253,0
CG31131,0
CG4849,24
betaTub97EF,349
CG4815,0
trv,939
CG34354,435
CG43125,0
CG43124,1
CG34436,0
CG34437,64
Mst98Ca,0
Mst98Cb,0
UQCR-14L,0
CG12516,0
larp,3383
Gfat2,383
Moca-cyp,85
Or98b,0
beat-VI,461
CG1894,0
Dhc98D,2
CG31051,80
Ppn,616
mIF2,22
fkh,16
Noa36,86
Hrb98DE,771
CG9986,58
CG10011,402
CG9988,0
CG14062,0
CG31050,0
CG33346,0
Sid,41
CG9990,2884
htt,274
AstA-R2,16
CG10000,0
CG9997,0
aqrs,0
CG34295,0
intr,0
CheB98a,0
wdn,65
CG1646,1116
CG1523,84
CG1647,29
WASp,335
Apc,1584
spg,263
Inx3,2108
CG33203,800
CG14529,15
CG14528,111
CG14523,42
CG14527,1
CG14526,84
Doa,1787
CG11828,2
DIP-gamma,124
wat,1505
CG14518,3
eIF4E6,1
CG1951,139
Ssl2,15
beta4GalNAcTB,72
Cpsf100,16
Slu7,12
Pkc98E,812
CG11837,22
CG11841,219
CG11842,116
CG11843,5
Sirt7,51
Cul5,112
CG11873,189
alpha-Man-Ib,682
CG11876,1960
Atg14,180
yem,40
Ctl2,129
dgt6,16
Vha100-1,1411
CG14512,44
CG14516,87
CG14511,38
CG11882,51
Pglym78,4182
eIF2D,29
Slbp,62
Rpn2,457
CG11897,234
CG11898,0
CG14509,1793
CG14515,14
CG11899,149
Mesh1,13
Cyt-c1L,0
eEF1gamma,1549
Cisd2,1505
Brd8,20
CG14507,1
Usp1,415
CG11951,65
CG31445,94
SP1029,134
stg,9
CG45544,1
CG14506,0
Cnx99A,1181
CG45546,0
Ptp99A,322
CG2321,26
CG2006,50
Spase12,236
CG2310,127
Diedel,14
CG2010,100
Trc8,227
ND-20L,0
Dr,33
CG7567,0
CG11470,0
CG31041,1
alph,1535
CG7568,6
Diedel2,0
CG1907,891
Dop1R2,412
ppk21,0
ppk20,0
ppk30,4
Obp99a,290
ppk19,0
Bub3,78
Cap-D2,7
CG7582,45
Gycalpha99B,186
Obp99c,2312
dmrt99B,7
Obp99d,55
Dup99B,0
Obp99b,323
CG15506,37
CG34296,3
Pcd,553
Naa40,12
CG18731,97
Kul,772
CG7601,81
CIA30,184
CG1969,504
Wdr24,15
IntS11,91
ATPsyngamma,3535
yata,464
kay,576
fig,0
sro,2
CG7837,39
Drice,629
CG7834,1897
CG7789,95
ncd,17
ca,108
Vps16B,11
CG7829,385
neo,16
Atg16,75
CG42592,0
Prtl99C,1
Cad99C,484
dgt1,128
CG7824,25
CG15514,174
RpS8,5977
Zip99C,598
CG34133,203
CG31038,1016
CG15517,0
CG15515,126
CG31036,23
Capa,294
trp,92691
Jon99Ciii,0
Jon99Cii,0
Jon99Ci,0
CG15522,92
alpha-Man-Ic,4
Cog7,28
CG42557,575
CG42558,0
eIF2Balpha,66
Vps13B,77
TkR99D,78
CG7896,15
Acph-1,115
CG7903,165
Sas-6,3
CG15525,68
CG11504,21
CG34298,0
Tace,1293
Nph,223
Nlp,514
CG7912,0
CG7920,2457
Mgat2,771
RpS28a,0
Axn,446
ZIPIC,16
ocn,0
janB,0
janA,155
Sry-alpha,0
Sry-beta,115
Sry-delta,37
RpL32,3419
CG7943,254
CG15528,21
CG7946,179
spn-A,36
CG15526,0
CG34317,558
CG7950,0
sima,647
CG45072,0
CG45073,0
Ppi1,0
CG31029,7
Tpi,4879
AdoR,24
CG15529,309
CG11498,5
CG31030,1308
CG31028,23
Mlc2,58690
CG1983,377
CG15530,0
Bet5,120
CG9747,813
CG15531,1
CG9743,222
RpS7,8861
Anp,0
CecA1,324
CecA2,233
CecB,121
CecC,352
CG43448,28
CG9737,9
CG9733,204
CG34299,0
CG9682,0
CG18404,0
hdc,213
CG34300,0
Fer1HCH,12931
Fer2LCH,2438
CG2217,1014
CG42740,0
CG15535,125
mRpS18C,24
CG15536,33
CG2218,333
CG15533,0
CG15534,0
CG15537,188
Osi23,1
aralar1,1452
CG2224,209
CDase,263
PH4alphaEFB,581
spdo,10
Jon99Fii,0
Jon99Fi,1
PH4alphaSG2,0
PH4alphaMP,1
PH4alphaNE1,0
CG31371,0
PH4alphaSG1,0
CG15539,0
CG34041,0
PH4alphaNE2,0
CG31524,0
CG9698,0
jdp,7777
tmod,8721
CG34155,150
CG9702,2
Rpt6R,49
CG9717,329
CG2246,552
CG31019,4
CG31021,0
PH4alphaNE3,0
CG31016,2
CG44954,0
CG2267,0
CG31013,0
PH4alphaPV,0
CG34432,0
CG34433,0
Spn100A,0
CG12069,0
Pka-C2,0
CG31010,0
eIF4H2,0
CG11313,1
CG15543,1
Npc2g,177
Npc2h,79
zfh1,79
wts,527
dj-1beta,383
cindr,438
CG15544,177
tll,0
Cpr100A,662
CG15545,0
CG15546,420
CG12071,80
CG15547,99
Sap-r,7765
Cyp4c3,48
CG33483,0
Ptx1,4
CG15549,0
CG15550,4
CG15548,0
Ctr1C,1
5-HT7,76
CG31008,3
CG31007,0
CG33773,0
CanA1,35
CG33920,1
Alp4,527
Chchd3,914
dco,1484
Sox100B,0
CG11317,434
CG15553,1
CG11318,7
Prosalpha3T,0
CG15554,12
CG15556,6
Gycbeta100B,1049
stops,702
mesh,1
bnk,0
CG1544,69
chp,4735
Zwilch,3
CG1542,87
CG15561,7
ATPsynC,35286
CG12054,1671
CG15563,1
CG15564,1
qless,805
mRpL32,68
CG1750,3
spn-F,137
CG3669,0
CG18672,0
CG18673,0
ppk24,0
pHCl-2,0
CG34347,298
gskt,0
CG1607,1970
CG31204,0
CG31002,0
Gcn2,100
PNPase,24
Gprk2,572
lox,2
CG11334,94
CG11333,1
mey,6
nyo,9
gammaCOP,317
pygo,129
rod,10
CG1635,211
CG1638,4
CG1774,100
RpL6,4192
CycG,15948
Med,149
CG11539,45
CG1792,37
pasha,69
kek6,309
CG1815,200
CG11550,475
CG42693,0
ttk,582
CstF50,35
CG11563,68
eEF1alpha2,9400
CG1890,175
CG1896,43
awd,3138
nero,136
CG1910,130
salt,0
CG2187,0
Smvt,0
CG2150,7
betaGlu,28
sip3,150
CG2126,126
faf,826
CG2118,102
Acf,69
CG42233,29
Ir100a,0
CG1971,8
CG11576,261
FeCH,317
RhoGAP100F,997
heph,2871
CG2003,223
CG2053,1
krz,1582
mod,564
Map205,540
mthl8,63
CG43149,294
Lsp1gamma,82
CG13405,0
CG12483,90
Pdk1,2746
CG6845,3
Dic61B,0
p130CAS,214
CG7049,67
Vdup1,342
CG13875,31
Mkp,0
CG34140,386
Mtch,874
rno,203
mri,44
Gk1,94
NitFhit,93
CG13876,46
CG7028,140
thoc7,52
Dis3l2,83
Kaz1-ORFB,348
pyx,25
CG13877,17
CG33229,3488
CG42846,76
CG34454,267
CG34453,30
E(bx),1237
mthl14,8
DIP2,146
wac,65
Tudor-SN,607
mRpL17,234
CG34263,0
miple1,8318
miple2,156
CG32845,1
ttm2,1
RhoGEF3,520
fwd,962
ddbt,0
CG32344,29
Atac3,58
Ptpmeg,684
mthl9,45
mthl10,110
mth,115
CG1231,17
Cdc5,135
Roc1b,1
CG1233,127
CG13884,0
trh,83
CG13891,5
klar,836
CG34267,1
CG34268,0
CG34269,0
CG17180,55
Cypl,35
Hipk,2206
Ppm1,3
Kah,224
MED14,165
CG13893,433
Reg-2,354
CG43337,1
Gale,1280
CG3402,267
MED30,23
Rev1,47
CG17129,2
CG3386,88
ebd1,45
CG3344,0
CG32483,0
RabX6,236
Vti1a,288
CG13894,23
CG13895,27
CkIIalpha-i3,40
CG13896,27
hng3,34
emc,1474
CG13898,1
Sf3b3,3426
CG42553,50
CG42554,83
CG13901,17
CG13887,1549
CG13902,28
Gr61a,2
cep290,1
CG13890,203
dpr20,126
CG12502,774
Usp10,917
CG13907,1999
CG34056,125
CG34057,8
CG13905,0
nerfin-1,7
Glut1,2418
CG12038,107
trio,2438
CG9205,160
bab1,34
bab2,367
CG13912,65
Trh,159
LysX,3
Aplip1,1469
mwh,108
CG32335,0
CG9119,237
LysB,1
LysD,0
LysE,1
LysP,5
LysS,3
CG33965,0
CG33966,0
CG9194,11
CG9192,9
Klp61F,3
CG32318,0
Psf1,0
Sac1,379
CG9129,0
CG9130,1
CG9133,0
tfc,50
CG32333,325
Rabex-5,41
scf,182
Rac1,320
CG9149,159
CG2277,486
Ctr9,208
CG9186,541
Sherpa,546
Myo61F,27
CG9184,0
ND-ACP,2167
msd1,3
msd5,9
CG2211,95
l(3)02640,353
CG2199,66
Ptp61F,336
312,53
ru,58
CG32320,53
CG9168,0
FucTD,0
CG9173,0
SA-2,0
rho,1156
Naa30B,0
stet,16
robl62A,1
CG12084,814
hfp,393
Psa,956
cue,465
Iml1,106
Ir62a,9
CG12091,1539
pns,1029
CG32313,4
Pcyt1,970
Pcyt2,237
CG12099,238
Pex10,10
CG7879,59
CG12003,3
CG12004,1360
CG13917,907
CG12104,174
CG33791,0
CG18170,82
CG12105,10
CG13926,24
CG33230,24
ABCB7,265
GC,55
CG13928,4916
nSyb,3935
metl,66
Bgb,343
alphaCOP,158
CG13919,24
CG17249,12
Bro,0
CG13920,968
Vta1,268
CG7970,212
CG7971,1006
CG7974,27
RpL23A,640
RabX5,32
CG13930,0
CG7991,12
CG12011,0
CG13931,3
drpr,1229
CG18171,9
CG12035,1
Oseg4,200
PIG-Wb,0
Gk2,348
CG13921,86
Cht2,309
CG8001,66
Dhc62B,4
CG13933,127
CG12018,17
CG2021,50
mRpL46,77
alpha-Spec,1928
dlt,8
Cdc37,191
CG12020,0
Patj,350
JTBR,134
CG42676,206
GV1,343
Cpr62Ba,7
Cpr62Bb,622
Cpr62Bc,918
CNMa,8
CG12024,173
Rap1,294
HBS1,59
CG12025,3494
CG13924,0
dre4,45
CG13937,86
Aprt,80
Tmhs,68
dsb,369
Dbx,7
CG5687,626
Mfap1,100
mu2,9
Cnb,7
mv,358
SCOT,255
CG1927,554
CG11815,0
CG1139,1
CG42841,0
CG42357,1
CG42356,0
CG34259,0
CG42355,0
sls,1485
zormin,123
CG15822,25
CG15879,16
CG5704,62
CG15820,3
CG13810,0
CG5707,193
CG8960,0
CG15878,2
Oseg2,6
CG9018,39
ACXD,76
CG32301,0
CG32305,0
CG1275,1742
CG2034,73
oxt,223
CG13807,37
ecd,82
CG13806,0
obst-I,0
CG32302,1
yellow-g,13
yellow-g2,0
MsR2,45
MsR1,422
CG13801,0
CG1317,1145
CG8993,651
mRpL23,199
CG9004,18
CG15877,12
Svil,867
CG42787,5
CG32298,0
CG32299,0
CG16762,0
Cyp4d20,56
CG1146,57
CG16758,1355
Spn,1646
CG32295,0
msn,1657
RpL8,4160
dos,363
CG16984,3
CG12182,73
CG16985,42
CG16986,151
Pxn,194
CG42245,2400
MEP-1,0
CG14949,10
CG1143,114
CG1246,0
ProRS-m,197
CG42304,0
Snup,254
Fife,1467
CG33233,2
CG33234,0
Mrtf,140
Acp62F,0
Non2,168
AhcyL1,515
CG12093,105
Atg2,197
mRpS35,109
pgant6,101
Tet,618
spz5,143
Shab,354
CG9970,0
CG32846,0
CG34025,0
Or63a,53
CPT2,198
CG2113,0
FMRFaR,84
CG32488,1
CG32487,0
aly,0
CG2162,485
Jafrac2,34
scramb2,344
Sk2,206
CG32485,724
CG1271,136
CG16753,23
CG32486,1653
CG11486,1286
Cht7,507
CG45066,0
CG45067,0
prominin-like,784
CG11537,1590
CG1291,36
Usp5,108
BtbVII,836
ND-30,608
CG15812,102
rasp,6
Asciz,8
CG32280,1276
CG32278,1102
CG32281,9
CG14963,1
CG14964,54
Girdin,217
CG42494,6
CG32284,7
CG14957,1
CG42525,0
CG14958,0
CG14965,8
Hsp83,11800
CG14966,24
CG32276,2538
gry,193
CG32271,65
CG33159,7
CG32277,0
CG33160,0
CG32269,0
CG32270,0
CG14967,95
CG12034,102
RpL28,1329
eIF1,2178
CG11505,931
CG17746,985
CG12078,0
CG43389,0
ckd,159
CG34265,13
CG14960,0
CG12017,1
CG12009,0
CG14968,101
ZnT63C,2377
Drsl2,6
Drsl3,0
Drsl4,572
Drsl5,841
PIG-C,19
CG12016,0
CG42456,1142
Strip,555
PHGPx,1423
CG14961,18
CG14969,107
Drsl1,0
Drsl6,0
kst,182
Drs,2327
YT521-B,261
CG12010,10
CG12012,387
Ids,16
sty,834
eIF5B,263
armi,8
CycJ,19
CG14971,212
CG32267,577
CG42324,42
CG43074,0
ImpE2,0
Eip63E,2230
CG10359,112
CG10357,50
CG14974,0
dar1,48
CG10862,0
CG43098,0
CG43089,15
CG32264,2113
ppk27,0
CG32266,9
ntc,45
IntS10,22
CG32262,164
CG32263,3
PIG-B,185
Scsalpha,4666
Acp63F,1
enc,1099
Rdh,148
Awh,64
Fie,1929
Gr63a,4
CG14977,152
Ccz1,35
Ubi-p63E,1930
Sc2,346
ida,15
mge,552
Eip63F-1,2802
CG10866,248
CG12766,2
CG10863,737
CG14982,202
CG10853,0
CG14983,0
CG14984,460
CG12605,124
CG43915,0
scrt,1585
CG14985,102
FoxL1,0
Mul1,222
CG11594,340
Gr64a,0
Gr64c,0
Gr64b,30
Gr64d,43
Gr64e,0
Gr64f,0
CG11593,420
Rcd5,53
CG1136,873
Dpy-30L2,0
CG18869,9
dib,3
wit,755
CG32259,0
Faa,123
Gad1,10443
CG14989,5292
CG14990,8
CG14995,688
Fit1,1114
Ack,178
Chd64,1723
ens,2305
RfC4,16
Rop,2989
Ras64B,1002
Akh,4
CG32260,17
CG1299,280
nab,1
mas,0
Ero1L,211
CG18675,0
Teh4,46
Teh2,434
Teh3,212
VhaM9.7-c,360
tipE,71
CG43367,563
CG15005,0
Cpr64Aa,131
Cpr64Ab,1
Cpr64Ac,17
Cpr64Ad,5
ImpL2,272
CG14997,90
pav,0
ago,996
CG1265,158
CG15011,17
CG1309,326
CG11586,143
VhaM9.7-a,920
CG1273,1
CG33764,0
Ctl1,88
CG11583,42
srw,1
CG1316,318
TfIIEbeta,124
Hexo1,140
CG15012,2256
Fdx2,450
dyl,3
Claspin,3
PMP34,190
CG15014,35
Cip4,366
mRpS6,34
CG33514,4
CG11342,31
DopEcR,520
CG32240,0
slow,692
Syx17,473
CG15019,122
DOR,1243
CG15020,6
nAChRbeta1,222
CG15021,65
CG12607,17
CG11345,10
CG15022,0
CG15023,4
CG15024,76
CG32241,0
CG32249,0
CG32248,2
CG11349,0
CG7465,0
CG11350,0
CG13722,252
CG13721,25
CG13720,16
NT1,6
Tie,154
CG11353,4
CG32243,91
CG11357,177
CG33777,4
CG42540,6326
Src64B,581
CG32246,0
HDAC1,104
axo,228
CG13716,0
CG32238,0
CG32236,1
CG34266,0
CG7514,0
CG18418,0
RhoGEF64C,170
CG15876,0
CG13713,1
CG13712,0
CG12493,1
CG13711,2
CG7509,87
CG18808,0
Dhc64C,243
LeuRS-m,80
CG13708,0
CG13707,87
CG32237,0
CG32235,0
Dnah3,1
CG13705,0
CG13704,0
Rh50,389
Con,668
CG17030,3
CG32232,0
ATPsynCF6L,1
CG4597,0
CG15212,0
CG15213,86
CG4603,223
CG10674,251
CG4611,10
Prpk,24
CHMP2B,109
CG10672,164
Gdap1,18
Fitm,211
AlaRS-m,51
Gen,0
Srp54k,556
shep,5748
CG4669,0
lama,131
Klp64D,217
Cyt-c1,6244
Uev1A,4136
Membrin,37
Pfdn4,180
Ir64a,1
DIP-delta,394
CG4835,0
blanks,1
CG34342,30
Lkr,43
CG13285,73
frm,235
sinu,536
Sucb,219
Sras,71
bc10,69
Msr-110,3892
l(3)psg2,16
spo,0
CG10592,2
CG5150,0
CG10591,0
TM9SF3,165
mthl2,53
Eaf6,38
Blimp-1,612
lin-28,3
sif,0
Sse,0
CG46320,5024
CG44521,9
DnaJ-1,4252
Usp47,574
CG10576,1624
Txl,468
Ppat-Dpck,153
scny,676
vito,21
Myt1,36
PGRP-LD,0
Pmi,733
Cralbp,82
Bre1,76
Tektin-C,10
S6k,1402
CG42272,13
kri,211
mad2,3
vn,96
CG5568,0
CG18586,0
CG13287,0
DNApol-epsilon58,1
CG5592,0
CG32409,37
QC,98
CG32413,0
CG10486,0
CG13288,32
CG10483,92
CG32407,140
CG33523,2248
Rcc1,153
CG33993,166
CG10479,73
PVRAP,307
alphaKap4,0
CG10477,0
yip7,0
CG6462,0
Jon65Aiv,0
Jon65Aiii,0
Jon65Aii,0
Jon65Ai,0
tant,79
CG6592,7
CG10472,1
CG42269,198
CG6602,0
CG13295,54
CG6610,42
ssp6,192
CG13293,237
CG10469,3
CG10467,35
loj,334
Ets65A,357
l(3)mbn,216
Lcp65Ag3,3
Cpr65Au,1563
Lcp65Ag2,5
Lcp65Ag1,2
Lcp65Af,0
Lcp65Ae,0
Cpr65Av,0
Cpr65Aw,0
Lcp65Ad,0
Lcp65Ac,109
Lcp65Ab2,0
Cpr65Ax1,0
Lcp65Ab1,0
Cpr65Ax2,0
Lcp65Aa,0
Acp65Aa,174
CG13297,2
Cpr65Ay,0
Cpr65Az,0
CG13296,0
CG10289,1046
CG7376,11
CG10274,56
D19B,82
CG43293,2
D19A,73
CG7386,3
Sf3b6,548
Tnpo,1425
CG8219,3
LanA,231
CG33946,22
CG13299,0
BG642312,2
CG42714,0
CG10226,355
Mdr65,231
Best2,1015
CG10163,0
ImpL3,343
CG43168,1
Or65a,0
Or65b,1
Or65c,0
CG13300,96
Sfp65A,0
CG42747,95
CG10147,143
CG8270,23
Vps8,21
sfl,864
CG32396,1
MCU,390
jv,78
ndl,0
CG8368,110
zpg,0
CG8398,527
GluRIA,111
eIF4E4,0
CG32395,0
SP1173,978
CG8519,9
ple,2655
dikar,492
velo,146
CG8549,45
CG10103,264
CG32392,18
vvl,852
Prat2,450
CG45413,3
CG14820,0
tow,196
CG10077,1294
CG9948,68
CG10075,69
Surf1,25
sgl,431
CG10064,0
Mis12,15
CG9953,243
CG10063,0
Galphai,581
CG32388,0
CG43439,0
bin,0
Mp,1336
CG17744,0
CG8641,78
CG14823,936
CG32391,2
CG34030,1
Cpr65Ea,0
Cpr65Eb,0
Cpr65Ec,0
form3,215
msl-3,21
BBS1,2
CG8629,0
CG15829,5
CG8628,0
Dbi,1301
melt,35
corn,828
CG8620,51
Dscam2,185
CG14826,1
CG14829,1
BHD,36
RpL18,2230
Neos,26
mRpL50,82
mei-P22,1
Cdc27,148
MED4,38
CG14830,599
unc-13-4A,125
CG8607,8
RhoGEF4,0
Rint1,101
CG8602,2102
CG42307,240
mus312,0
CG43780,134
CG43781,0
eco,70
lark,481
Cln7,175
CG14834,1
Srp19,45
qm,483
CTCF,78
pst,1434
Sec63,618
Sh3beta,1584
akirin,1710
SMSr,131
smid,44
CG8564,0
CG8563,2
CG32379,0
CG8562,0
CG18417,0
CG8560,6
CG42458,242
Rac2,1292
CG14835,0
sphinx1,0
sphinx2,0
CG33278,0
ppk26,25
CG42661,0
Tsp66A,0
CG42660,0
CG8543,0
CG8541,0
CG43292,0
mthl6,1
Cyp316a1,0
Cyp4d8,107
CG8539,80
CG7548,3
CG7546,354
ltl,1857
lqf,2468
CG16998,0
CG32374,0
CG32376,0
CG14837,0
frac,1
CG14838,0
CG7716,0
Pura,357
Urm1,32
CG7506,25
CG32373,11
PGRP-SD,200
CG7492,355
Ank2,10839
CG44195,6255
CG12262,1175
CG7457,80
CG8492,0
Snmp2,24
CG13685,1415
CG7409,828
Hn,604
Clk,455
CG32371,6
CG32369,493
Pdp1,1747
CG32365,13
eIF4E5,1
pbl,165
CG8281,17
CG8111,72
CG32368,598
syd,755
Srp9,625
CG43880,0
exex,3
RNaseX25,642
CG8042,132
HP4,105
CG8209,68
CG8038,39
nmo,440
bip1,29
Ect4,1258
CG42590,0
CG42591,0
CG7565,188
fan,1
CG7927,226
Arp3,599
msk,633
ldbr,6
CG7550,38
mRpL36,65
Uba2,50
CdsA,7048
CG7504,25
mus301,6
CG13676,548
CG42445,93
CG43886,1
CG13675,18
RecQ4,4
Nmt,126
mthl7,0
Uxs,350
ERR,156
Atg18a,332
MED24,52
CG7387,0
UbcE2M,380
CG8005,155
CG7366,0
CG13679,1
tut,14
CG8006,0
CG8012,1107
CG13674,2
CG13678,5
eIF4E3,1
CG7213,0
Dscam4,311
cert,481
CG7201,5
Rab19,138
Arl5,157
CG13671,41
CG7194,30
Sbp2,64
Gr66a,8
BI-1,1458
CG7185,547
CG43059,0
CG13670,0
CG34461,67
CG34462,0
Cpr66Cb,2
Pex2,41
DNApol-alpha50,9
CG7083,563
CG7182,102
GAPcenA,257
Culd,4955
Idh,5424
ImpE1,2
Jon66Ci,0
Jon66Cii,0
CG7120,193
mkg-p,0
CG33057,858
CG13667,31
Oseg1,20
Exo70,65
mtrm,4
CG32354,17
Cbl,302
Unr,1818
CG6983,4657
Gug,946
CG43163,25
ZC3H3,68
CG6745,78
CG6765,98
CG6683,37
GstO3,159
se,1986
GstO2,212
GstO1,69
foi,461
ergic53,1204
rhea,11726
CG6638,146
CG43078,3432
Nelf-E,85
RpL14,4891
CG5989,47
CG6282,892
S-Lap1,10
S-Lap2,0
GAPsec,66
Zasp66,4456
Cdc6,6
Cpr66D,24
CG13305,64
Pex7,1
Arr2,53593
h,456
SrpRbeta,301
CG32022,75
CG6511,21
CG43965,0
Cp18,2
Cp15,1
Cp19,3
Cp16,0
Prm,4897
CG13306,7
Fhos,194
CG6576,0
CG5804,0
CG13310,1
CG13311,0
CG34426,0
CG32023,0
CG34427,0
CG13312,0
CG32024,0
CG13308,0
CG13309,0
dally,1918
CG32026,3
CG43169,0
Mcm7,10
TrpA1,4
mfr,1
Tsp66E,1460
CG43783,488
orb2,2996
GNBP3,157
mRpL12,105
CG13313,0
ValRS-m,22
CG5653,71
CG5021,386
CG5026,211
pix,1192
Srp68,199
CG5644,59
CG13314,28
Galk,912
CG5068,355
CG5280,5
smg,342
CG5087,146
Doc3,1
CG5194,0
Doc2,2
Doc1,1
CG5144,8
Argk,21840
CG4911,2472
CG4942,46
teq,189
CG32032,294
CG13315,4730
bol,1495
Dhpr,624
Use1,50
nwk,1561
Rdl,1988
Slc45-1,218
CG4476,3
CG4483,0
CG4477,0
GluRIB,284
PGRP-LA,993
PGRP-LC,567
PGRP-LF,167
UGP,1998
CG32040,8
CG32039,771
Pdxk,855
CG34456,12
Klp67A,3
mRRF1,49
CG4452,653
Fdx1,44
Hsp67Bc,85
CG4456,2162
Hsp22,0
CG4461,268
Hsp26,899
Hsp67Ba,149
Hsp23,1104
Hsp27,78
CG4080,162
eIF4E1,1189
Cpr67B,579
CG4022,174
CG3689,697
CG3967,687
CG3982,18
aay,5634
Shc,106
RpS17,2820
MTF-1,102
CG42526,16
Bet3,383
Nf-YA,185
CG33926,447
CG3529,483
CG3448,13
ghi,725
phol,216
CG3552,24
CG3437,28
CG3434,30
CG44838,242
Uch-L5,432
Jarid2,117
pall,111
CG32036,4
CG32037,14
path,2533
CG3408,34
RpS9,8823
CG33703,0
CG33702,0
CG33700,0
Or67a,3
Ir67a,0
CG42673,579
Tmc,2
CG3222,0
CG3088,1729
CG3306,4
LanB2,311
CG3335,15
Or67b,1
CG8336,40
fry,152
CG8329,259
CG18179,0
CG18180,3
CNMaR,61
CG16717,77
alphaTub67C,0
CG6767,2643
CG16719,1
Ubc4,493
CG6761,2
CG16711,125
SH3PX1,200
vsg,3999
CG18178,28
CG14174,19
nbs,13
defl,9
Naa60,173
ATPsynB,4396
CG6749,45
CG42268,1780
CG8177,709
CG32052,234
Zasp67,12
Ilp1,3
Ilp2,376
Ilp3,557
Ilp4,0
CG43897,7181
Ilp5,135
I-2,455
Cdk8,22
RasGAP1,663
CG10809,92
iPLA2-VIA,605
CG8108,238
CG34382,2
Taf2,15
CalpB,1532
CG6709,0
CG14164,113
CG6707,1937
nudE,825
bma,325
CG6685,326
Dronc,651
CG6674,38
CG42455,799
vnc,0
dpr6,240
CG14160,0
CG32053,0
CG32054,0
CG42825,0
CG42826,0
dpr10,806
CG8072,0
CG6628,3
ect,38
CG8065,0
CG32055,6
scramb1,188
Or67c,0
can,0
Or67d,1
CG12362,0
Ir67b,0
Ir67c,0
Gem3,36
CG32061,0
S-Lap3,0
Rbfox1,2189
S-Lap4,3
CG6527,0
CG42521,1
CG43127,0
CG34238,0
CG14151,0
CG42536,0
CG42535,0
hay,32
CG34001,0
E(z),45
CG8009,66
CG18628,3
CG32066,835
CG14154,0
CG14153,341
CG8003,73
Adi1,233
simj,415
CG11811,465
CG33493,110
ND-13B,825
NijA,378
CG43245,5
CG12523,0
CG42831,0
tna,475
CG6418,72
Blos4,79
CG6409,971
galla-2,54
CG6404,99
Cpr67Fa1,0
Cpr67Fa2,0
Cpr67Fb,3
Aps,798
CG14147,2
klu,32
Fad2,1
CG32079,0
CG32081,0
CG43693,356
CG7888,2299
CG6321,44
Blos2,73
CG32069,65
CG32075,27
SuUR,0
CG45101,242
CG6310,56
Mocs1,228
Pfdn2,558
CG7839,18
JIL-1,196
Iyd,3
CG33947,113
Irbp18,441
APP-BP1,15
Elo68beta,0
Elo68alpha,4
CG32071,0
CG32073,0
CG12522,0
CG34012,0
CG7638,138
Sod1,4004
FoxK,332
mRpL2,102
Ufd1-like,359
NaPi-III,1566
nol,9
CG32074,0
CG14143,2
IRSp53,563
CG6216,6
Alg10,38
wls,110
CG7616,81
CG14142,620
GlcAT-P,1028
Plod,455
CG7607,782
CG14141,166
Ube3a,199
CG7600,213
CG42671,1423
Ir68a,1
scyl,5077
CG6175,324
CG7573,0
CG6168,0
CG6163,49
CG11726,0
CG44362,0
CG7560,23
CG6149,0
CG7557,0
CG12289,0
CG7551,0
CG6140,1
Vha16-3,0
Vha16-2,0
chrb,10182
CG33500,0
Sgs8,0
Sgs7,0
CG33272,0
Sgs3,0
CG7512,2
CG11714,274
Fuca,0
Mob2,4251
CG7394,156
CG33267,0
CG33490,0
CG33489,0
CG33271,0
CG33270,0
CG43390,0
CG43391,0
CG33269,0
CG32086,2
rt,36
CG7377,0
CG33268,0
CG7368,43
CG14137,2
Duba,780
CG42832,0
Muc68Ca,0
CG6084,2435
CG6083,48
PCID2,17
CG18815,1441
CG32091,829
CG6071,4
RIOK1,44
CG7339,100
CG32085,219
TfIIEalpha,182
Sugb,219
Pldn,108
CG14135,47
CG11652,191
Dnai2,6
CG11658,1991
mtTFB1,0
Ccdc56,2013
crim,90
CG14132,286
Bmcp,166
sunn,1
CG32087,0
CG6024,1285
Gr68a,0
Muc68D,0
Tim13,1
Pi3K68D,556
CG14131,7
CG5964,0
CG10907,3
Klp68D,500
CG10361,100
CG42255,0
CG14130,25
CG5946,2387
CG11597,40
RpL10Ab,14020
CG32095,31
CycA,36
CG7264,0
CG43064,31
CG12521,1
CG44837,368
CG5906,1
Sprn,0
CCDC151,1
CG5897,17
CG11588,0
SdhAL,0
byn,0
Rpt4R,0
CG5883,31
CG7252,1
CG17826,0
obst-G,0
CG7248,0
CG11570,0
CG43294,0
prc,21
Muc68E,0
CG42397,0
CG14125,0
CG43896,0
CG6938,3
CG6931,1
viaf,425
Grip163,30
Pop2,422
CG6928,48
rols,48
CG43993,0
CG6793,0
CG43638,0
Sema5c,403
CG17154,0
vers,12
ssp,108
CG11560,61
yps,2385
Ir68b,0
CG34241,0
Lsp2,2080
CG11534,15
CG5645,7
Atg12,151
ND-SGDH,1427
RhoGAP68F,378
eIF3l,214
Nrx-IV,1000
CG32099,43
CG9760,106
Rh7,290
CAH2,1078
CG6910,992
Est-6,242
thoc6,64
Est-P,1
CG11529,29
Adk1,2358
CG5626,13
app,330
CG32100,77
Pbgs,153
CG4300,939
INPP5E,166
CG4328,25
CG44355,0
Lmx1a,57
CG10418,36
CrzR,107
Ncc69,259
CG32104,8
Obp69a,180
Smyd4-2,9
CG32103,4035
ArfGAP1,356
toe,51
eyg,80
CG32102,0
CG10616,145
CG10663,59
CG33725,1
CG10660,65
CG10657,486
CG10638,101
CG10681,63
CG10646,44
vih,416
CG10654,215
sti,0
tral,1624
Gcn5,66
ver,6
eIF2beta,106
nst,226
Tsf2,317
CG34242,239
Pmm2,70
CG4069,17
sowah,330
ara,24
caup,18
mirr,21
SmD1,72
Ptp69D,61
CG32112,58
CG32109,131
Klc,552
CG10984,115
CG10973,41
CG32113,26
Hip1,98
CG32106,0
CG10969,0
CG17666,0
Atg1,1357
CG42709,238
Sap130,194
CG32110,5
Sf3a2,56
CG42588,19
CG10960,2130
CG10948,688
Wbp2,1952
Ent3,519
CG32107,1
CG10943,0
CG14120,0
CG43894,0
CG14118,22
CG12520,90
CG32117,0
CG32115,11
CG10752,0
Or69a,0
CG10748,0
CG10749,0
CG11262,0
CG11263,1
CG14117,101
CG11261,1
MICAL-like,30
CG11267,748
mRpL20,110
ste14,42
AdenoK,763
RpS12,3616
Zmynd10,0
CG17672,3
SRm160,208
RpS4,4663
Syx13,539
CG11279,83
CG14115,0
CG34428,0
CG34429,0
CG17300,0
CG11251,1
trn,57
CG33262,0
snky,0
caps,2309
CG32119,0
Sfp70A4,0
CG42481,0
CG43147,0
SP,0
CG14113,0
CG17687,4
Nplp2,6783
CG14111,0
SNCF,0
CG14107,3
ImpL1,17
CG14110,0
CG10171,202
Poc1,10
sens,3
CG10222,47
flr,531
CG32121,3
CG33263,0
CG14106,0
CG14105,78
CG10713,81
CG10154,0
CG10725,0
CG10140,1
CG14109,274
cmb,56
CG10133,17
CG10738,26
CG10116,2
CG10089,212
stv,1369
Abp1,375
Tgi,129
Spt20,147
Vps36,20
Liprin-beta,127
CG10710,9
bru3,1673
CG43184,0
CG8757,12
CG8750,0
Tsp68C,1
Hml,6
CG8745,817
dysc,961
CG13737,24
Rgl,590
CG8833,6
DCTN1-p150,312
CG32137,447
Meics,12
ssp2,0
Nxf3,3131
CG13738,2
Hsc70-1,22
CG17364,765
CG17362,0
CG9040,0
26-29-p,471
CG17361,20
CG17359,11
Nprl3,55
upSET,870
Ptip,61
endos,1155
CG6650,266
CG6661,0
Hsc70Cb,1234
Neurl4,75
CG6833,87
CG13484,51
Frl,1226
Pex1,64
btl,99
CG8100,4
Fbp1,194
Sox21a,6
Sox21b,57
D,140
nan,4
nuf,2827
saturn,8
CG7768,21
CG7924,9
CG34244,12
CG7906,35
fz,428
CG13482,28
CG13481,0
CG43120,0
CG3868,0
stwl,96
CG3919,1
bbg,67
CG9592,0
CG4613,0
CG43246,0
Mpcp2,12394
Gbs-70E,1666
CG34039,13
Lk,33
CG42758,0
HGTX,5
shd,14
CG9628,1167
RecQ5,515
dlp,288
CG43121,0
ome,135
CG4914,19
CG5048,4
goddard,0
CG13474,0
CG17177,0
CG13476,1
CG13473,6
CG13471,0
Trl,1206
CG42507,0
CG33260,11
CG9384,826
CG17173,1
mop,404
bmm,927
Tdrd3,31
CG9425,127
NHP2,118
gnu,0
CG17839,1963
CG34245,0
DCX-EMAP,33
CG13465,0
BobA,0
Tom,1
Brd,0
Ocho,0
CG3349,0
CG5114,34
mnd,184
Zip71B,342
mRpL39,75
Prosbeta2,820
Reck,125
Sytbeta,542
CG32148,0
Rpn12R,0
ind,0
CG43678,0
CG18581,0
CG12310,8
CG43679,261
CG13461,2
CG43680,95
CG18649,2
EAChm,1
CG13460,0
Plp,327
Or71a,38
sstn,63
GlyRS,96
CTPsyn,217
CG45071,46
CG13458,6
Cep135,93
CG16959,158
CG32847,0
CG13457,0
CG12316,16
Pdi,2713
CG32147,53
Pex3,237
FucTA,476
Msh6,16
Prp31,187
CG7011,44
CG6878,191
CG6888,0
Tollo,497
Best4,0
Best3,0
CG7255,139
Toll-6,437
CG33259,0
CG7804,0
Ran-like,0
CG12355,367
CG13455,3
CG7276,0
CG7275,47
CG7272,732
CG7857,22
CG7841,623
Z600,0
gdl-ORF39,198
gdl,38
Eip71CD,1966
CG13454,0
mex1,2
yellow-k,0
CG7945,128
CG33986,0
CG33985,0
CG42729,0
CG42728,0
obst-H,0
CG43248,3
CrebA,236
AGO2,722
CG7739,836
SCCRO,214
dop,326
CG16979,106
mrn,44
CG12301,22
AIMP2,132
CG7656,600
RhoGAP71E,1118
CG7650,292
CG13449,1
comm3,29
CG7372,65
CG43083,0
Eig71Ea,0
Eig71Eb,0
CG43084,0
Eig71Ec,0
Eig71Ed,0
Eig71Ee,0
Eig71Ef,0
Eig71Eg,0
Eig71Eh,0
Eig71Ei,0
Eig71Ej,0
Eig71Ek,0
CG43082,0
CG7304,0
CG7579,0
pgant8,27
CG34452,0
CG34451,1
comm2,274
CG42571,0
CG42570,0
comm,241
CG6244,0
CG13445,0
fwe,7431
CkIIalpha-i1,23
DCP2,2593
dbo,979
CG12713,33
CG18081,942
CG15715,377
meru,67
pHCl-1,2295
sff,1183
Pka-C3,243
GXIVsPLA2,702
elgi,225
CG17032,275
l(3)72Ab,75
CG10516,287
brm,41
CG17026,129
CG17029,275
CG17028,13
CG17027,411
Arl1,287
DNApol-delta,8
Hip14,680
CG5830,1175
mRpS31,86
mib1,148
Notum,41
CG42717,1
CG42716,1
CG42538,0
CG5895,157
Diap1,1355
Mbs,3349
CG33258,2
CG13075,2
Tasp1,302
CG5235,0
ClC-c,454
CG13074,3
ATPsynbetaL,1
IleRS-m,9
IntS9,18
CG43295,0
Zn72D,890
Taf4,593
Strumpellin,56
Pgm,906
SsRbeta,1005
Trs20,105
elg1,15
CG5157,1
CG5151,34
CG32152,98
CG33796,0
CG33795,0
CG33687,0
CG33688,0
CG33689,0
CG33690,0
CG13073,0
l(3)72Dn,26
CG5027,436
PDCD-5,140
MED10,169
Hsc20,32
l(3)72Dp,204
l(3)72Dr,4
CG13055,16
CG13054,20
CG13053,1
CG34247,4
CG13071,403
CG13070,0
CG13051,0
CG13069,1
CG4950,324
CG13068,7
CG34248,21
CG13067,99
CG13066,1
CG13065,313
CG13050,0
CG13064,2
CG13049,0
CG13048,0
CG13047,0
CG13046,4
CG13045,0
CG4962,1796
CG4982,1
CG13044,77
CG43249,1
CG13043,462
CG13063,120
CG13042,58
CG13062,19
Nplp3,26759
CG13041,6
CG13060,0
CG42718,0
CG13059,4
CG13040,1
CG13039,0
CG13038,34
CG13058,0
CG33061,3
CG33060,0
retinin,11656
CG13056,375
CG4998,58
CG33257,0
mRpS34,88
Golgin104,46
Tcs3,41
Pdh,13278
ringer,473
Cpr72Ea,1
Cpr72Eb,0
Cpr72Ec,470
CG4842,188
CG18814,0
roq,1889
CG4753,113
CG4729,572
RAF2,25
CG44836,6
Gagr,64
fax,5100
TMS1,2036
GluRS-m,9
TyrRS,247
CG33158,22
dsx-c73A,1
aos,473
CG43373,1502
CG42514,0
st,96
CG13033,0
CG4229,0
Mipp1,1007
CG43206,0
mbf1,1107
nxf2,2
Smn,94
Rpn12,1108
UQCR-C2,2351
Syx8,185
CG32163,44
l(3)73Ah,107
tra,143
spd-2,0
CG32165,92
CG32164,0
CG4098,0
Prosbeta6,1379
Su(P),157
CG4101,133
Mo25,522
Abl,246
Baldspot,4003
Galphaf,3
zetaCOP,393
CG13032,1
CG43954,0
Lasp,615
CG9692,0
Dab,406
CG13026,21
CG13031,1
PGRP-SB2,1
PGRP-SB1,531
Dbp73D,31
CG9701,231
CG42852,0
Nrt,338
CG13025,38
CG9705,345
CG9706,99
eIF3e,302
CG9674,22898
nudC,156
CG13024,357
TSG101,145
CG9669,101
Zcchc7,76
CG32161,6
Rh4,3127
sina,202
sinah,0
CG13029,0
CG9951,24
Lmpt,4446
CG32170,44
CG13028,2
CG13023,42
CG11905,9
CG13022,16
Cpr73D,66
Obp73a,0
Nc73EF,2016
Exn,532
CG3764,289
CG6664,466
CG7728,55
CG6652,4
a10,355
Fit2,130
CG7730,5
Ilp8,24
beg,4
scaf6,454
Papst2,42
CG14057,28
TpnC73F,43
rogdi,1468
CG7724,84
Rbp6,3107
CG6512,507
CG7707,0
CG6497,1
CG13723,0
ND-24L,0
CG13724,0
CG13725,0
Or74a,0
CG6479,33
CG13727,0
brv2,1
Mip,339
CG7692,101
tap,4
Cad74A,81
CG13728,1
CG13731,0
blot,553
Sec3,102
CG7630,5182
CG33051,15
CG33052,37
frc,681
CG32174,0
CG32176,35
CG12229,0
CG18265,166
QIL1,1043
CG7589,59
UQCR-Q,885
CG34250,299
CG13733,0
qjt,0
CG6333,0
Oatp74D,47
edin,4
U4-U6-60K,112
CG7564,663
Edc3,935
Nedd4,1615
Jon74E,0
CG7542,0
CycT,171
Eip74EF,375
Vps60,470
CG7510,593
CG7497,250
Pep,2195
CG43085,3
Ndfip,648
Krn,106
CG7484,133
Crtc,310
CG34251,1
Ccn,362
CheB74a,0
CG6052,0
CG7460,16
CG6034,1
Adgf-B,1
Adgf-A,113
Adgf-A2,2
CG32182,0
CG32181,1
CG42815,0
CG42816,0
NUCB1,284
CG5589,6
CG32187,0
CG32191,117
Cln3,51
Ir75a,2
Ir75b,1
Ir75c,0
Grd,121
CG32188,0
CG32189,0
CG5577,274
CG5567,352
MED19,177
CG7430,3344
TrpRS-m,153
CG5535,31
CG34002,0
CG7408,55
CG5506,0
CG16775,2
CG7402,5
Tsp74F,1201
Prestin,226
CG14353,65
CG5290,19
Eip75B,700
CG32192,1
CG42393,0
CG44006,4
CG44005,0
CG44004,3
CG34253,169
CG13698,423
mRpS26,64
CG5147,76
mus304,10
CG32195,110
CG7341,6
CG42853,0
Cyp312a1,6
geko,150
CG7330,2
CG13699,7
hid,311
CG7320,0
CheA75a,7
CG5103,0
CG13700,0
grim,45
rpr,60
skl,145
CG32196,57
CG4306,17
Met75Cb,0
Met75Ca,0
AstC-R2,192
CG32198,0
AstC-R1,81
CG7271,0
term,1
CG4174,0
CG13380,11
CG18234,0
CG18233,0
CG18231,0
CG32201,0
CG32199,0
not,164
bora,0
MYPT-75D,516
CG42495,32
Capr,456
GNBP2,91
GNBP1,79
CG34254,0
Sgf11,18
CG32202,59
Chmp1,743
Cyp12c1,2
CG6893,0
Dic4,0
CG12477,0
CG6885,0
MED11,145
Nufip,2
Atg3,175
ftz-f1,1103
CG14073,166
HipHop,38
Cat,1595
Indy,1031
CG6865,0
CG14074,12
Dysb,104
Grx1,238
Rad9,9
Blos3,57
Ugt,294
CG3961,2109
NijB,5
CG3902,897
RpL26,3725
arx,37
CG6843,24
CSN1b,98
CG6841,135
CG14077,30
Ir75d,0
CG6839,0
CG18223,2
CG3819,1
CG32204,483
CG43049,0
CG6836,86
CG14075,24
CG11619,20
CG34256,48
CG18135,2607
CG3808,434
SmydA-2,39
nkd,298
Acp76A,0
CG43407,0
CG3797,315
Sfxn2,872
Mkp3,1943
MESR6,153
CNPYb,233
CG10424,133
CG14079,2
Gem2,25
CG14082,462
Spn75F,7
fz2,1225
CG33647,0
mRpL21,109
rept,34
nes,969
Bet1,70
Max,331
CG42374,262
CG9666,0
CG45081,3
CG9629,389
CG14085,6
CG14088,0
CG14086,0
CG14089,0
Gbs-76A,444
fal,84
pip,248
CG32206,559
ms(3)76Ba,0
CG33062,4
Chd3,1
CG14095,0
CG14096,0
CG32214,0
825-Oak,0
CG12519,0
CG18294,0
CG32213,0
brv1,1
CG32212,0
CG9449,118
CG9451,47
CG9452,60
Cpr76Ba,1
Cpr76Bb,20
Cpr76Bc,11
Cpr76Bd,175
CG9279,38
CG43885,7
Ltn1,156
Rcd7,1
CG9300,8
Shal,1550
CG9231,717
CG9330,132
CG14100,44
ash1,74
Taf6,57
CG9368,435
lush,706
CG9372,272
Lon,248
PIG-F,89
l(3)76BDm,74
asf1,151
ms(3)76Cc,1
wnd,306
CG8786,403
Oat,59
tey,46
CG8765,170
Gbeta76C,9454
verm,2512
serp,538
Trpml,0
CG42637,0
CG42529,0
CG42638,1
Gyc76C,0
ms(3)76Ca,0
SREBP,703
CG14102,74
Ir76a,275
TORIP,32
CG15881,98
CG34116,8
CG14104,47
Kap-alpha1,592
Cyp305a1,235
cyc,253
Fibp,359
Deaf1,79
trc,171
CG32221,133
kto,8
Papss,238
Rab8,568
Usp32,468
Mi-2,206
Su(Tpl),363
Prp3,105
Mtr3,29
Rpn1,418
Su(z)12,180
Pfdn6,404
Grasp65,237
CG8004,143
RhoGDI,10912
Ac76E,338
CG32219,0
CG34258,0
CG33710,0
CG42655,0
CG42654,0
CG42263,0
CG14182,121
CG17732,0
hale,0
schuy,0
Csas,48
fln,27
Nca,721
CG7646,667
Gabat,812
Tom20,814
CG7668,147
kug,129
CG14183,1
CG14184,104
sNPF-R,337
CG14186,1612
CG14185,2
Ir76b,20
CG14187,0
CG7365,111
gig,83
obst-J,1
CG7335,0
CG7328,31
CG42674,363
Ssk,243
CG42833,0
obst-F,0
CG7298,0
CG7290,0
CG6996,0
CG7017,0
CG6933,0
CG17145,0
CG17147,0
Su(var)3-3,72
CG13813,39
CG17233,111
Clc,1362
CG6951,26
rdgC,1122
CG32228,2
gogo,51
CG17122,0
FRG1,72
Pex23,40
SCCRO4,141
CG32225,602
polo,0
alphaSnap,5990
Spn77Ba,297
Spn77Bb,0
Spn77Bc,0
Rbbp5,24
eRF1,748
CG5618,362
kin17,100
CG5665,0
DNApol-alpha60,6
Toll-9,1
in,51
CG13247,1
Ide,122
RhoBTB,544
CG5498,88
fbl,1043
CG33969,91
trbl,217
CG13248,287
zye,1
CG5282,103
CG5274,32
CG5262,70
Las,153
Psn,96
mRpL15,43
CG5872,140
CG11796,1179
CG5910,324
CG5199,50
atk,5
mag,1
CG42764,7
CG5955,194
CG32428,711
CG5969,156
isoQC,145
ZnT77C,78
ND-39,1373
CG32425,471
CG18281,0
CG17637,0
CG5078,0
CG5059,3462
mTerf3,9
CG5104,115
CG4825,218
CG4858,22
Rcd2,181
CG13250,1
knrl,107
CG13251,3
kni,35
cmpy,282
CG34260,0
CG13252,160
Gr77a,0
CG33912,0
CG43251,0
CG4074,62
CG4186,58
CG4042,63
Pitslre,305
Pex16,153
Pex14,154
CG11399,378
CG11396,71
Six4,3
CG3698,0
tzn,162
Spc105R,3
CG3634,80
HIPP1,285
CG3618,270
Pka-R1,4322
Mst77F,3
CG3288,22
CG13255,335
CSN3,148
CG11456,185
CG32432,240
Sfp77F,0
CG43931,0
CG11458,4676
fng,759
CG10589,0
Sems,0
CG10588,0
CG11037,0
CG10587,0
CG12983,2
CG33287,0
CG33286,0
CG12984,0
skd,417
CG10585,110
CG10584,45
Sin,58
CG10581,2
siz,423
CG43072,6
ko,202
CG33285,1
CG43938,4
CG33284,0
ICA69,77
CG10565,160
Ac78C,166
chb,504
AsnS,424
CG42337,469
park,20
CG34261,5
CG33054,53
CG33056,276
CG10512,587
CG10510,0
CG10508,100
CG12975,96
Ilk,768
CG43219,1
Eip78C,463
CG43218,1
CG9391,619
CG9389,2
AcCoAS,5946
ppl,287
CG12974,2
pzg,132
Cpr78Ca,4
Cpr78Cb,2
Edg78E,1
CG43702,0
Cpr78Cc,1
CG11309,431
CG7632,114
Pc,401
Rab26,148
Tsr1,118
CG7324,127
CG32436,0
ebd2,21
CG12971,2
CG32437,0
CG32440,0
rgn,589
sa,0
barc,167
CG33288,2
Aef1,227
CG5664,92
Alp1,3
Syx7,679
croc,14
Neu2,13
CG7202,0
CG7519,77
Hr78,297
Glg1,261
Est-Q,215
M6,879
SAK,10
Cdk12,158
CG7611,1477
Arv1,171
Mkrn1,1332
ppk5,2
Rpn10,1013
COX8,4130
VhaM9.7-b,2314
CG33290,0
Wnk,123
CG7173,0
CapaR,12
CG7634,0
CRIF,88
SMC5,27
CG32441,571
TfAP-2,30
S1P,3
CG11307,9
CG7166,1275
CG11306,140
MED1,206
ORMDL,85
CG32444,694
CG32445,0
Atox1,1133
CG43980,10
Cpr78E,0
CG11249,0
Als2,197
CG11248,113
Sfp78E,0
CG32447,31
CG11247,205
Rpb8,69
CG14570,0
CG14569,29
CG14568,0
CG14573,2
CG14567,53
CG14566,26
CG14572,35
CG14565,43
Syn1,662
CG14564,0
CG7370,2
eg,43
CG43895,0
CycH,5
CG7407,347
CG7414,3681
CG32448,148
CG7148,78
Nopp140,324
P5CDh1,1686
CG14563,0
mub,6950
SLC22A,100
DNApol-eta,8
CG14562,248
CG7458,0
CS-2,0
CG7470,1174
Act79B,343
CG7140,0
CG43392,0
Oct-TyrR,237
CG14561,8
CG7139,257
CG7133,83
CG7130,118
RpLP0,4657
Sfp79B,0
msopa,0
olf413,717
Rich,329
Ddx1,56
CG11523,107
Csp,3178
Srpk79D,221
Hem,151
IleRS,110
Ten-m,3121
CG32450,0
CG11449,0
laza,1005
CG11438,136
CG11437,8
CG11426,173
CG11425,202
CG43312,0
CG43331,0
CG43330,0
CG43329,1
CG11404,1
Trxr-2,0
CG14459,36
ND-B14.5AL,0
CG33766,0
CG33767,0
CG33768,0
CG33769,0
CG33770,0
CG33771,0
CG33772,0
CG14457,14
CG14455,0
CG14456,0
CG14454,0
CG12546,0
CG14453,0
CG14452,0
CG32453,0
CG45116,0
CG11370,1
ArfGAP3,450
CG32452,7
mael,6
CG14451,0
CG14450,311
CG11367,133
CG32454,8
CG11241,62
l(3)04053,160
CG7369,242
SPoCk,5814
CG14448,4
jim,2426
CG45428,2
CG11226,2
CG32462,0
CG32459,0
CG13239,4
CG33169,148
CG33170,647
CG11137,186
Arf79F,3822
CG11109,3
Chro,339
Ssl1,13
slif,604
CG11131,0
BoYb,0
CG12768,45
Mes2,122
CG32461,0
CG32457,3
nrm,425
RpL10,4370
CkIIalpha,270
CG33217,0
Vps11,38
CG34031,0
nAChRalpha4,1317
alpha-Cat,5396
ND-MLRQ,6119
AGO3,6
CG17454,223
CG40298,23
CG17698,425
CG43968,0
CG40470,21
CG40045,403
Snap25,11503
nvd,3
mRpS5,1289
scro,329
CG40472,9
ND-AGGG,91
Set1,118
MED21,150
UQCR-11,3250
CG45782,248
FASN3,0
CG40178,291
CG40160,1651
CG41284,3
CG42598,0
CG40228,772
vtd,395
RpL15,4924
Dbp80,459
eIF4B,699
CG17514,244
CG45781,11
CG46302,0
CG40498,219
rl,212
CG40191,820
Yeti,1011
l(2)41Ab,18
Maf1,1172
CG17691,523
CG41520,95
CG17684,56
MFS17,967
CG41378,66
Scp1,360
dpr21,95
CG41242,0
RYa,0
uex,363
Haspin,0
CG17683,279
RNASEK,1211
IntS3,142
Gprk1,93
RpL38,7264
Stlk,644
p120ctn,163
CG17486,74
CG17883,1231
Nipped-B,181
conu,76
CG12547,138
CG17528,439
CG14464,403
CG44102,0
Ir41a,4
TpnC41C,520
CG3107,27
gus,623
Atf6,919
Nipped-A,27
d4,111
sxc,506
CG10465,135
CG10395,35
CG30441,0
COX4L,1
CG10417,383
laccase2,911
CG30440,4
CG30438,145
TpnC4,11
Fis1,337
CG17508,1669
CG11665,677
CG1344,249
Not3,505
CG8245,433
kune,161
scaf,1531
CG17337,204
vlc,331
ap,589
l(2)09851,85
CG34200,509
CG7791,35
Gp210,196
ZnT41F,51
Or42a,3
Tsp42A,1
Or42b,1
dpr12,2430
CG44438,0
CG43366,3
CG7882,0
CG7881,8
BubR1,4
mle,100
Src42A,1084
Act42A,1318
Pngl,76
Strica,65
SCAP,296
CG14591,821
Tbce,180
CG34211,11
CG34212,24
CCHa2-R,15
CG7856,0
l(2)k09848,32
CG7849,35
SmydA-5,24
Ars2,1106
EcR,730
CG14589,3
Cyp6w1,695
CG8343,1499
CG11211,207
Ptr,132
CG30432,0
eIF3f2,0
CG30431,17
CG17994,4
l(2)k14710,386
bin3,443
tomboy40,8
Pld,16
jing,197
CG15233,0
CG33919,1
Vha16-1,33648
Trap1,68
Bap170,16
Fmo-2,344
Debcl,161
Opbp,47
geminin,68
sced,53
Dpit47,26
Adf1,568
CG15908,38
CG9410,432
Hsepi,295
PGAP3,135
CG17266,9
CG9422,74
Tdc1,106
CG15909,8
Tdc2,34
CG3270,123
Mob4,610
Rab2,2992
CG45092,533
CG3409,0
Zip42C.1,0
Zip42C.2,0
l(2)01289,1349
phtf,403
CG3267,203
Eb1,2839
CG3420,93
CG9436,444
Epac,1212
Cyp6a2,267
SdhB,986
CG15237,87
ubl,140
koi,242
CG15236,674
CG34215,124
CG9445,1
coro,1766
CG9447,17
Spn42Da,409
Spn42Db,0
Spn42Dc,191
Spn42Dd,13
Spn42De,5
CG30158,526
CG3358,46
mim,182
CheB42b,0
CheB42c,9
CheB42a,2
ppk25,0
Cyp6u1,77
CG30157,18
vimar,580
CG30156,6
CG17002,66
Tsp42Ea,13
CG30159,315
Tsp42Eb,0
CG30160,0
Tsp42Ec,3
Tsp42Ed,277
Tsp42Ee,5557
CG43646,4
CG43647,6
Tsp42Ef,665
Tsp42Eg,325
Tsp42Eh,111
Tsp42Ei,353
CG33914,1
Tsp42Ej,983
Tsp42Ek,93
Tsp42El,649
lbm,220
Tsp42En,86
Tsp42Ep,14
Tsp42Eo,21
pgant3,145
Tsp42Eq,3
Tsp42Er,6
CG12836,12
CG12831,5
esn,161
Cyp9b1,68
Cyp9b2,296
Spn43Aa,4
CG12828,0
pk,76
Spn43Ab,803
Spn43Ad,41
nec,325
CG11060,5
CG33140,3
CG30385,0
CG30384,1
Or43a,1
Ady43A,135
Gadd45,339
CG1850,0
Br140,93
Incenp,2
pwn,26
CG12164,10
Dscam1,258
cos,205
Dhx15,252
Gr43a,2
Glo1,246
Eaf,212
CG11112,0
CG11113,0
CG43123,0
CG43267,1
CG1701,0
so,232
CG11145,0
CG11123,17
sPLA2,425
CG30503,0
kappaB-Ras,795
fa2h,17
CG11125,10
Inos,3097
CG11141,116
CG11127,66
p47,375
Aldh-III,656
wech,602
Coop,58
CG1620,651
dpa,9
didum,2726
mEFTu2,88
az2,26
CG1603,55
CG1602,8
PIG-G,5
Orc1,2
Drat,6293
Cyt-b5,3370
CG2137,1
CG1598,307
Corin,699
CG30499,241
boca,175
Vps13,167
blow,112
CG1360,9
scra,20
CG1358,1828
CG43340,654
CG43341,131
CG17985,142
Rpt1,889
CG30491,67
CG30495,51
CG1339,4
CG2070,3
CG2065,92
CG2064,56
DCTN4-p62,127
CG12826,1
mRpL52,112
CG12107,247
U2A,14
LRR,387
CG30493,209
CG30496,31
CG34216,1
tor,1
CG1941,29
CG1942,40
CG1946,3
CG18812,3855
CG45093,0
CG30497,530
cn,2
CanB2,1408
CG12825,28
CG12824,3
Gapdh1,8454
mus205,19
Nop17l,468
sax,449
CG1550,39
CG1882,489
cathD,2164
CG30383,0
phr,0
Prosalpha1,0
CG18853,0
CG30382,0
CG12822,181
Atg10,69
Dgk,111
CG30377,17
CG12159,225
Cul1,1760
Or43b,6
Kdm4A,78
MFS12,5
PIG-X,64
rnh1,36
drosha,22
CG8728,180
CG30380,43
CG30379,1
CG14764,476
CG34430,0
CG34431,0
azot,0
CG30378,0
CG2906,23
CG2915,125
Sep5,31
nito,252
CG14763,6
CG8726,2547
CSN4,110
ACC,426
Nup44A,44
Dic3,0
Hey,4
CG11191,231
Odc1,56
Odc2,7
CG14762,2158
Optix,59
CG12769,265
CG17977,177
lig,1167
Vps28,332
slv,130
sut1,189
sut2,15
sut3,0
sand,29
CG8712,11
CG11210,769
Cul4,148
udd,65
Asap,626
Nup50,44
coil,20
Socs44A,564
Pbp49,0
CG42516,282
Pabp2,101
Obp44a,11366
Lpin,1060
kermit,108
CG8708,5
RagC-D,150
Rs1,42
CG30373,126
Gasz,145
Mlh1,7
CG14757,242
LRP1,506
CG14756,0
CG34217,1294
dpn,1
pnut,796
CG44439,0
CG14760,0
CG30369,0
CG14759,0
CG2291,0
CG12126,0
CG30376,0
CG30375,1
CG30371,5
pdm3,205
CG11635,2
hubl,0
spaw,0
whip,0
cola,0
swif,0
boly,0
CG18449,0
CG2127,0
CG8701,0
CG2121,94
CG43296,0
CSN7,377
Lcp1,1
Lcp2,0
Lcp3,2
Lcp4,0
Cyp4ad1,0
Cyp4e2,346
Cyp4e1,57
Mal-A1,15
Mal-A2,4
Mal-A3,0
Mal-A4,0
Mal-A5,143
Mal-A6,6
Mal-A7,0
Mal-A8,0
mtt,298
CG12780,2
Cyp6a14,16
Cyp6a13,174
CG42326,15
CG14752,41
CG43183,0
CG8736,891
CG8735,97
rgr,181
CG8642,34
Cirl,1168
Vps25,113
beta3GalTII,40
CG14749,34
CG8635,108
ptc,32
Acsl,5905
UQCR-11L,30
CG30355,0
Jon44E,0
CG8586,567
CG8738,48
CG8584,0
CG12376,1
CG14744,0
PGRP-SC1a,0
CG14743,0
PGRP-SC1b,3
PGRP-SC2,11
CG14767,3090
CG30357,11
gcl,318
CG30356,19
stmA,657
CG8740,414
CG42615,14
CG8746,0
sns,553
CG30350,3
RyR,117
CG8272,118
DCTN2-p50,212
Sec31,165
ana2,2
CG13751,290
MrgBP,23
Ggamma1,32419
CCT8,170
CG30349,55
CG8252,0
Pgi,2693
lin,50
CG34219,49
CG8248,222
Spt,85
CG8243,225
CG8237,73
AIMP1,54
PAN2,175
CG13749,9
FANCI,0
CG13748,78
CG8230,379
CG33199,177
CG8229,413
Tom7,913
babo,538
spab,444
CG8213,77
Np,0
CG8172,3
CG13744,1
CG13747,1
CG8170,3
Ance-4,69
PPO2,19
CG13743,1040
CG8197,0
ana,21
CNT2,4
CNT1,0
CG13742,0
Dbp45A,5
CG8080,113
CG13741,265
CG8078,124
CG8777,29
Vang,284
Pmm45A,339
tsu,142
Mys45A,54
Phax,49
Su(var)2-10,450
GstE13,121
CG18659,785
Hydr1,538
alc,597
CG8788,2262
CG44286,0
shrb,1098
Prp38,63
CG30344,300
CG30345,142
CG8008,287
CG8046,37
Rad51D,4
CG42382,64
Rme-8,166
Rab32,3666
CG8026,0
CG45085,4901
unpg,2
CG8027,64
VhaAC45,4186
hig,2306
Cyp4p2,8
Cyp4p1,174
Cyp4p3,65
CG30343,18
Pkn,2885
CG34141,23
CG2063,19
CG1968,231
Mad1,23
Drep2,555
Myd88,427
CG13739,145
CG13954,0
Or45a,1
CG12158,4438
l(2)03659,1
CG8800,2
Non1,801
l(2)k10201,49
CG33774,138
wun,948
wun2,141
CG13955,1
prel,1440
Pdk,547
ced-6,2762
Camta,785
CG33758,0
CG33757,0
Wnt2,11
brp,963
CG1888,238
Or45b,1
CG1809,1
Not1,1784
CG1814,185
Smyd4-1,11
Updo,234
CG12929,63
RpL31,3208
clos,9
CG1827,54
Map60,108
CG30338,20
CG1902,717
CG30340,0
CG30339,0
GstT1,125
GstT2,25
CG12926,163
Mmp2,798
Uba1,1073
CG30002,90
CG1773,35
CG10459,3
dap,263
sqa,137
CheA46a,0
trpl,1185
CG1690,0
CG1688,56
CG1698,35
CG1648,2950
lectin-46Cb,6
lectin-46Ca,0
CG34033,0
CG30001,3
dila,1
hebe,215
CG1663,11
Lsm11,4
CG1665,96
Vamp7,349
CG1667,287
Orc6,5
Prosalpha7,732
CG1671,27
PCB,1129
CG30010,43
CG46338,44
Ntmt,83
CG18446,5
CG12744,2
Sec24AB,184
CG1513,1401
CG12923,2
CG30008,4
tea,8
CG1441,164
FMRFa,66
Etf-QO,401
Mef2,1226
CG15863,62
Pal1,411
CG1418,84
CG12133,0
eIF3j,1716
CG12134,10
eve,0
TER94,3972
Pka-R2,4067
CG12128,102
CG1407,492
CG12129,32
oys,1873
CG34220,1
COX7C,5852
CG44296,3
sel,215
magu,127
Def,41
PIG-N,29
mRpL42,170
Cdc2rk,15
CG12920,0
CG1371,135
egr,225
CG2269,5780
sut4,0
Jra,499
RpLP0-like,64
14-3-3zeta,43997
Pfk,1772
dmpd,384
Ccs,34
gem,0
CG46319,3413
CG12917,2
Or46a,1
CG18011,69
KCNQ,39
mlt,714
CG34221,1
Hr3,99
CG12912,90
CG46321,20
Hdc,220
CG12209,1
CG12914,84
CG12913,229
Syb,1203
CG12911,35
CG12910,79
CAP,635
JhI-1,23
CG12909,15
Obp46a,0
Ndg,91
CG34222,2
SLO2,474
CG43200,1
CG43172,0
CG46305,0
CG43171,0
CG43201,2
CG43178,0
CG46298,0
CG43397,3
CG12902,0
CG42733,5
CG43396,0
Gr47a,0
Ir47a,10
CG12898,2
CG33477,1
CG33476,0
CG33475,5
Prx2540-2,175
CG11825,173
CG33474,6
Prx2540-1,579
CG12896,250
RanBPM,773
CG12895,164
Galphao,1854
Cyp49a1,16
Caf1-105,4
CG11777,25
whd,719
trsn,40
CG17765,589
pre-lola-G,0
lola,1987
psq,2472
CG11883,553
Git,67
Elp2,43
CG12934,2
stan,83
Rab3,2658
CG12309,0
CG12338,131
CG7220,1870
Mat1,35
CG33144,224
mthl13,0
wde,121
CG12935,19
CG7637,198
mms4,1
CG12341,162
CG7222,804
dgo,25
Prosbeta5,927
Lsm10,16
RpS15Ab,415
CG12343,192
CG12325,33
CG12344,299
LTV1,563
CG30015,483
CG30016,1
nclb,71
Taf5,65
Pex6,63
CG18003,209
CG18004,51
CG30020,93
cag,69
CG12942,51
ND-B14,500
Rpb5,81
polyph,2
Obp47a,0
Spn47C,231
luna,197
CG43188,0
CG43189,1
Cyp12d1-p,22
Cyp12d1-d,15
BBS4,8
CG13229,136
CG13231,5
CG12391,98
CG13230,0
shn,207
CG9084,0
Syx6,833
CG7737,176
metro,575
CG13218,0
CG13228,0
CG13227,0
CG34223,0
CG13217,0
CG34224,0
CG13216,0
CG13215,13
Listericin,447
CG13226,1
CG34225,2
CG34227,365
CG43112,3
Or47a,0
Cpr47Ea,29
Cpr47Eb,0
CG13223,0
Cpr47Ec,0
Cpr47Ed,6
Cpr47Ee,86
Cpr47Ef,59
TpnC47D,102
Cpr47Eg,0
CG9067,90
Vhl,263
CG9062,165
CG13220,497
Fbl6,118
CG18335,28
dare,55
CG30033,562
CG18336,26
CG42336,247
CG7741,23
Obp47b,0
Fpps,51
CG7745,80
nompA,21
CG43114,185
Or47b,1
sha,2
lambdaTry,0
kappaTry,0
zetaTry,0
etaTry,0
thetaTry,0
alphaTry,0
epsilonTry,0
betaTry,0
gammaTry,0
CG30031,0
CG30025,0
deltaTry,0
CG13202,1
iotaTry,0
CG12384,570
ix,29
san,139
Gr47b,3
CG13204,39
Tapdelta,407
CG13203,19
Tsp47F,36
Sod3,832
sprt,86
CG30022,152
Smyd4-3,3
CG30026,28
CG34054,33
Drip,1222
CG7763,2
Prip,288
qvr,502
E(Pc),527
inv,23
en,16
tou,408
Egm,44
CG9005,1552
CG9003,887
CG34228,38
Roc2,73
CG13198,0
Tret1-1,1104
Tret1-2,17
Buffy,2
CG13196,0
wal,1256
CG13197,213
Ir48b,0
pyr,1
ths,1119
CG13193,0
CG42493,2
Ir48c,0
CG13192,111
Sobp,34
CG34229,86
S2P,67
CG43190,0
Sln,107
Mtor,120
CG34230,1
Twdlbeta,1
Damm,2
CG42531,0
CG13185,10
cuff,0
ERp60,904
eEF1alpha1,30445
MCPH1,54
Zip48C,89
reb,136
exp,391
PI31,357
ADD1,96
CG30036,0
CG30037,0
GalT1,398
RnrS,95
CG34231,57
rho-7,130
CG8298,215
otk,27
otk2,24
Mppe,914
pds5,193
CG8321,834
CG43191,3
128up,113
RpIII128,16
Drep1,594
CG30039,0
CG44314,101
Drep3,128
CG8888,84
CG13186,0
jeb,252
CG18343,229
SkpB,11
Smyd4-4,13
OSCP1,6
Hen1,21
CG8878,228
CG8407,6
Prp8,56
CG13177,2
CG34232,10
Oda,32806
SmD3,6
CCT5,185
EndoG,67
CG8860,316
wash,96
CG33964,0
CG13175,211
SmF,43
Cyp6g1,499
Cyp6g2,4
Cyp6t3,14
CG8858,114
RpS11,5496
Sr-CII,0
CG13171,0
CG8854,87
CG13170,0
CG43315,0
CG43316,0
CG43244,0
CG13168,7
Vha36-2,1
Cam,38222
CG42700,404
CG8850,0
CG13164,1
CG17739,944
CG30203,15
CG30046,53
mIF3,138
CG8841,204
garz,107
CG8490,43
CG34021,0
Den1,216
CG8839,326
ana3,6
CG30047,1
CG30049,0
CG30043,0
CG33012,0
CG13160,0
CG13159,0
Cpr49Aa,24
Cpr49Ab,21
CG13155,5
CG8501,82
Cpr49Ac,158
Cpr49Ad,0
Or49a,0
CG30048,0
Cpr49Ae,1270
Cpr49Af,12
Cpr49Ag,499
CG30050,19
CG33626,0
CG33627,0
Cpr49Ah,14
CG13157,0
CG42782,0
CG8834,2
CG8520,419
CG8525,44
CG13154,13
Nup54,23
CG43204,1
DUBAI,408
Tmem18,40
Dyb,849
CG30334,6
Lac,356
dgt5,0
CG8545,55
CG8550,28
Dh44-R2,193
CG34234,7
fdl,518
s-cup,78
vis,1
achi,66
CG13151,18
CG8818,321
CG8569,41
CG33632,3
fra,213
CG33752,2
CG30056,2
CG33775,0
Cyp301a1,8
Ak6,10
stil,0
ClC-b,65
Sin3A,2015
Amph,2865
Galphaq,7467
CG45086,49118
CG30054,2
CG17760,22
muskelin,37
CG33792,0
spt4,111
CG33672,560
CG33671,0
Iswi,51
CG8785,604
CG8778,123
ZnT49B,244
CG8646,5
nemy,596
GLS,595
CG8771,11
CG13148,15
CG30053,3
Obp49a,360
CG8768,221
wuc,0
CG42663,662
Mos,3
Taz,207
mRpL18,51
ox,1132
Dgkepsilon,405
Nacalpha,1994
CG12374,0
sca,125
CG17580,0
Cyp9h1,22
Or49b,1
CG17575,0
antr,1
CG30486,1
CG17574,289
bic,5726
CG3790,62
Lfg,31
AspRS,557
Nmda1,2040
vg,11
NAT1,1953
CG13319,103
sug,10
CG17019,160
SCCRO3,198
Sans,14
CG30487,0
Mdr49,151
CG44251,0
CG44250,12
CG13321,5
Psc,22
CG33798,0
Su(z)2,371
CG13323,0
CG13324,0
Drl-2,88
CG44341,0
CG13325,0
CG3955,348
CG13326,1
Cap-G,14
Ack-like,403
TppII,429
ND-MWFE,1267
Nrk,56
CG15870,10
GLaz,325
Spt-I,356
AGBE,1190
CG33137,2
CG17724,161
Kdm4B,27
seq,0
ValRS,211
Orc3,0
CG34315,91
FLASH,10
CG34312,0
CG30058,0
CG34235,0
AQP,259
CG4627,50
CG4630,34
CG4646,150
CG17059,441
Fsn,351
Dp,653
Pex13,301
fsd,20
CG4670,911
CG4676,44
CG4679,40
GstE14,525
Mp20,4611
CG4712,0
CG4714,0
CG4716,2970
CG10799,144
CG42319,229
Dh31-R,93
CG4734,0
CG17047,0
CG17048,5
CG10814,7
CG43691,0
AttC,416
CG4744,0
IMPPP,4
CG18278,0
CG33470,0
CG30059,0
CG42321,990
CG30060,12
CG30065,0
Ser8,0
cnn,831
CG30062,58
cbs,98
arr,288
CG43192,0
cbc,43
cid,0
bbc,1866
drk,1479
mars,2
mip120,41
mEFTu1,453
Vmat,3635
CG13330,0
CG13331,0
CG13332,20
CG6145,476
CG33156,26
Roe1,122
link,0
CG13334,1
CG42807,140
CG42808,862
CG6191,211
CG45088,3235
fand,38
S-Lap5,0
CG43058,0
CG34236,0
CG12464,0
CG17716,525
CG6209,0
CG13337,2
CG18368,0
CG6220,0
CG6280,3
Cpr50Ca,4
S-Lap7,0
Cpr50Cb,47
stj,837
fl(2)d,328
CG13339,113
CG6329,17374
CG6337,0
CG6347,0
CG6357,641
Syngr,3636
CG30484,1
CG30485,1
CG6543,434
CG6553,71
tum,4
Uba3,41
CG16935,209
CG13344,148
shot,1254
DJ-1alpha,8
AGO1,3326
mRpL53,401
CG33155,0
Rpn13,863
Cp1,6293
CG42806,337
PheRS-m,114
St4,0
CG18568,1
CG6701,495
Ctf4,5
CG8067,50
RN-tre,337
mam,612
CG18371,1
Prosap,1064
CG42287,1
CG42288,0
Rcd1,101
pea,31
CG13018,64
CG13016,20
CysRS-m,55
O-fut1,80
eIF3m,1086
CG8323,165
CG18327,17
CG18324,52
CG8331,1031
mRpS16,42
cg,1743
CG30069,113
VGAT,776
Sox15,2
RpS23,8633
CG8468,492
Opa1,1715
CG8485,246
Usp20-33,146
SmydA-1,55
Mdr50,2
Hsc70-5,2174
CG8531,234
beta4GalNAcTA,119
CG8547,312
SelD,102
conv,46
Ih,1336
tej,3
Shroom,128
CG8613,514
CG8617,243
Arc1,15180
Arc2,54
Tfb1,98
CG34184,0
CG34442,1
CG34443,0
CG34444,0
Obp50a,0
Obp50c,0
Obp50b,0
Obp50d,1
CG34185,0
Obp50e,2
CG30075,0
Dh44-R1,55
CG10104,0
CG17385,377
Sin1,49
Achl,322
phyl,39
Oaz,3
PRAS40,53
Cpsf160,58
Asx,467
Cpr51A,122
CG30197,5736
ttv,222
CG30076,0
CG43919,0
LamC,422
CG12869,7
RpI1,11
Blos1,190
tra2,400
CG12868,160
CG33469,13
CG33468,0
Su(var)2-HP2,23
Sec61beta,591
CG12863,3
CG10131,50
CG43236,208
CG12862,0
CG10139,55
Adgf-E,0
CG12861,0
CG12860,0
CG12866,0
mspo,307
CG30479,0
CG30480,5
jef,2925
Dro,233
AttA,512
AttB,232
Rpn6,2388
ave,115
CG10151,29
ND-B15,1132
Trs31,42
CG12857,17
Spred,2184
BEAF-32,157
kn,41
hui,67
CG10202,0
CG10205,1446
NaPi-T,39
CG10209,75
SMC2,5
Ercc1,17
Ciao1,137
HPS1,129
CG33506,73
U3-55K,17
Pcf11,1151
Cyp6a22,55
Cyp6a17,80
Cyp6a23,57
Cyp6a19,5
Cyp6a9,166
Cyp6a20,205
Cyp6a21,35
Cyp6a8,238
Cyp317a1,405
Kank,1497
ADPS,40
CG12853,0
Lap1,185
CG10257,52
aPKC,2560
ckn,737
pcs,443
CG7639,388
CG10265,50
hbs,175
CG43101,0
Obp51a,0
CG33467,0
chn,1585
Rpb12,152
CG8089,1
CG7544,50
igl,11045
CG43068,6
Sfp51E,0
CG43829,0
GPHR,128
CG11807,119
CG42391,2
row,157
Ir51b,0
CG8093,0
CG11808,19
mRpL41,28
CG8079,588
Hex-C,392
Fs,876
scb,944
ItgaPS4,5
Trpm,363
ND-51L2,1
CG8152,38
Xpc,333
CG8155,170
Arf51F,1675
CG8157,16
CG8160,0
Hr51,3
unc-5,434
Pms2,36
dup,16
SRPK,1260
CG43729,774
Mtk,2412
CG30472,0
CG34188,0
CG8180,354
CG12964,1
Ir52a,0
Ir52b,0
Ir52c,0
Ir52d,0
GalNAc-T1,331
Khc-73,1875
CG30471,0
CG30467,30
CG8187,204
Vha36-1,2066
eIF2Bgamma,99
CG8192,23
CG12963,1
CG8195,305
Flo1,555
CG30466,35
Cdk5,233
CG8204,84
CG42524,23
fus,374
CG8207,33
Vha14-1,1096
CG30091,0
Impbeta11,33
CG30082,65
Cep89,0
CG30090,4
CG30088,0
CG30087,3
CG33460,12
CG33461,0
CG33462,0
CG42662,0
CG30080,129
CG30083,1
CG30089,139
Zasp52,674
tun,174
CG33465,1
Poxn,11
CG8249,245
CG12970,2
Gpo-1,420
Rif1,7
sli,761
CG33463,1
bdg,58
Diap2,810
bug,100
Mlf,3078
CG8299,3
Cyp4aa1,120
COX6AL,1
Strn-Mlck,274
CG8366,13
CG8314,266
Pex11,184
CG8320,197
ATPCL,792
CG8370,77
Ufc1,313
CG8389,83
CG8388,15
Prosbeta1,930
Rrp42,5
CG8397,382
CG8399,394
casp,451
CG8401,22
SP2353,1132
CG8405,489
Dg,819
mRpL34,69
CG8414,3
Rho1,5475
Ric,3332
Asph,3301
Jhedup,406
Jhe,58
CG30095,0
spin,1668
Got1,3724
CG30094,68
CysRS,97
Ext2,281
CG10731,116
lbk,318
CG10734,0
CG8435,36
Ptp52F,3
Lis-1,5030
CG8441,22
clu,806
calypso,46
CG44242,934
CG42837,3985
CG44243,4
Shark,38
mrj,1140
CG7798,0
CG15706,76
Tsf3,118
CG15701,1
CG7786,1
CG3687,0
krimp,4
CG15708,0
CngA,45
fidipidine,17
csul,20
Khc,616
CG33017,0
cato,0
prim,43
CG15705,0
CG7755,0
CG9068,0
CG30324,2
CG30099,3
JhI-26,207
CG30100,0
CG42372,278
CG7747,30
Atg9,187
Nox,7
CG8060,53
CG30096,18
CG4282,18
Vha44,1975
Hmgs,437
CG7997,168
Nup62,34
wcd,15
CG15710,0
CG30098,8
CG6262,0
CG15711,0
CG43187,0
Sema2b,1105
Menl-1,1
Menl-2,0
jtb,84
CG7848,0
CG4409,429
Parp16,8
CheB53a,14
CheB53b,0
CG15712,2
CG33458,4
CG33459,0
S-Lap8,0
knon,0
Sema2a,541
loopin-1,1
Syn2,1060
DAT,485
CG4945,65
RpS15,4198
CG4927,37
Lst,1292
Cdk4,196
RpLP2,11771
CG8311,111
CG8306,251
CG8303,525
CG5089,0
CG5065,1345
Alk,731
gprs,920
Amyrel,0
Nach,2
Picot,500
CG34457,1
CG34458,0
CG30463,703
Idgf6,897
Sfp53D,0
CG15617,30
Acp53C14a,2
Acp53C14b,1
Acp53Ea,2
Acp53C14c,3
unc-104,7502
CG34189,0
CG5267,0
CG42392,423
CG5348,8
Sod2,666
Arp53D,0
Vkor,6
resilin,43
CG5522,170
CG15919,2
CG15615,1
CG5550,0
CG34459,4
CG34460,0
Ugt37c1,0
IntS8,13
Fen1,16
Dek,847
Psi,440
eEF1beta,1640
CG6426,682
CG6421,22
CG6429,793
CG6435,403
CG8910,155
CG6472,271
inaC,1271
Pkc53E,1900
CG43788,6
CG43789,2
CG15614,0
CG34190,9
Vha16-4,0
mute,27
Ufm1,111
PIG-V,25
CG6665,141
CG9010,0
Cbp53E,6084
ste24c,1
CG30461,0
ste24b,3
ste24a,118
AsnRS-m,9
NiPp1,48
CG6805,523
Ehbp1,600
CG8963,467
Dark,1008
RhoGEF2,264
CG43328,0
CG43327,3
CG43371,0
SmydA-7,102
SmydA-6,0
CG9646,468
fat-spondin,430
tef,8
CG8950,14
CG6967,2
CG30460,123
Sply,118
CG6984,46
GstS1,1849
CG30456,172
CG15611,96
Amy-p,76
Spn53F,0
Amy-d,51
CG15605,0
Cda9,1
Acp54A1,4
CG11400,786
Gbp1,273
Gbp2,444
CG43103,310
CG43107,85
CG17290,5
CG17287,0
CG30458,0
CG30457,0
CG10953,0
CG44388,0
CG10950,0
CG43237,48
mbl,2253
CG18469,0
CG12699,0
CG43272,0
CG43108,0
CG10939,210
CG6568,41
CG30101,149
Prosalpha5,939
cnk,169
l(2)k01209,57
CG6550,29
Mtap,675
Bap55,69
Lhr,8
EDTP,117
CG18467,228
mthl4,7
mthl3,11
CG10764,1
robls54B,0
robl,488
CG14478,137
Tes,80
qkr54B,1081
insb,0
CG43110,30
veil,29
NT5E-2,42
CG30103,0
nw,11
CG34193,0
CG4847,1029
CG4853,197
APC10,49
CG4866,65
Patronin,889
eIF3b,934
Cc2d2a,3
CG34194,3
cyp33,33
RpL18A,3594
MESR4,106
Klp54D,4
CG43324,1010
CG14480,97
Ns2,136
POSH,56
UQCR-6.4,2306
CG42239,78
Rab4,919
Dcr-2,136
CG6484,11
CG14483,619
RhoGAP54D,1
icln,30
CG30105,8
Smurf,156
ND-51L1,5
CG43920,80
CG42649,3
CG10936,239
CG44403,51
rhi,13
Oxp,9
CCHa1-R,25
eIF3c,1384
CG30108,24
CG30109,167
P32,315
Sema1b,1311
HPS4,706
CG42561,46
CG42562,12
swi2,7
rdgBbeta,165
CG6424,0
CG46315,4435
CG10934,29
Dlish,58
Snx16,133
CG4975,442
CG4984,0
CG34195,18
CG6406,446
PIG-A,32
Vps50,321
Ir54a,2
sub,1
CG10931,1
CG5002,66
Sardh,9
HLH54F,3
CG5009,671
OstDelta,100
CG14488,0
CG18635,0
CG6362,1
CG33981,1501
fab1,0
aft,20
Ubc10,567
CG5033,24
Dhit,517
grh,699
olf186-F,408
olf186-M,285
CG30323,1
CG14490,2
thr,4
Mapmodulin,490
Elk,311
CG30325,0
CG30110,0
PPO1,34
CG14492,0
CG14491,0
PpY-55A,0
dpr13,577
CG5084,0
CG10910,0
CG5773,201
CG5770,0
CG5767,0
CG34005,0
CG14495,81
Muc55B,0
CG10911,0
CG10912,1
CG34386,1
CG5757,16
CG5098,37
CG5756,0
CG34196,16
stau,390
Spn55B,71
Dlip3,83
Hsf,454
Pcl,81
pAbp,38945
EMRE,390
CG5742,286
adp,78
lolal,162
CG10914,0
CG10915,408
Nup75,15
CG42518,0
MED9,560
Dgp-1,387
CG10916,213
CG5726,145
nopo,10
CG5721,218
CG33958,27
CG14499,0
CG14500,0
CG30114,0
fj,93
Ote,14
pen-2,171
sbb,363
CG14502,3
CG18536,2
CG18537,0
CG18538,0
CG18539,0
CG18540,1
CG14505,8
Tango8,1
CG43202,89
IM23,279
IM1,11910
CG18107,743
CG15067,880
IM2,11845
IM3,9937
CG16836,324
CG15065,1435
CG15068,2141
Idgf5,30
GstE10,1
GstE1,484
GstE2,178
GstE3,665
GstE4,98
GstE5,18
GstE6,178
GstE7,110
GstE8,10
GstE9,675
imd,285
Dp1,2446
CG5174,1951
PIG-O,49
Ttd14,696
slim,753
CG5189,425
CG30120,0
Prp19,56
rswl,4
CG17669,12
CG30116,430
GstE11,70
CG43066,393
CG10924,103
CG45087,17119
Pepck,0
Rgk2,390
GEFmeso,576
CG42697,21
CG10927,11
mRpS28,13
CG5323,182
CG5327,7
CG5493,393
Atg7,41
CG5335,20
Sec6,35
Eip55E,170
CG5482,864
CG30122,265
CheA56a,0
SP2637,940
CG42306,3074
Gint3,0
CG33136,3
edl,144
CG44435,0
CG44434,2
CG44433,0
CG42855,103
Sik3,219
CG15071,3
CG15073,17
Vps51,43
Hs3st-A,2020
List,509
CG33998,14
CG18609,1
CG17821,0
Cyp12b2,56
Jabba,389
Mctp,318
CG15093,392
CG15080,64
MFS15,183
MFS14,381
CG15096,906
Phb2,883
CG15097,340
CG15082,7
CG15098,4249
CG15083,132
CG15099,403
MetRS,131
CG15084,15
CG18190,0
Jheh1,70
Jheh2,279
Jheh3,2
CG43069,1
CG43070,0
CG43071,52
DptA,1834
DptB,1458
CG43109,10
sano,351
Vha100-3,0
prod,233
CG15107,65
Topors,53
CG18605,0
tn,2338
5-HT1B,154
CG43351,502
CG15115,1
CG15116,0
CG15109,1
5-HT1A,488
Ir56a,2
CG15117,92
botv,106
CG15118,629
CG15111,451
ena,961
CG10737,569
hppy,635
CG7137,21
cora,369
wbl,24
CG33454,0
CG33453,0
tbrd-2,0
rib,3
CG11906,62
CG10476,0
CG10474,0
CG18606,0
CG18607,0
FK506-bp2,1725
mip40,86
Tab2,318
CG7461,863
EndoB,914
Rgk1,512
CG34045,0
fest,5
CG11961,64
CG10051,0
CG9416,80
CG10062,62
CG10073,0
CG10081,0
CG11257,12
SdhA,3310
cer,633
hts,1075
CalpA,501
Fak,213
Spt5,118
RpL11,5894
Arl6,7
EloC,483
betaTub56D,2355
CG7744,26
mei-W68,17
par-1,5563
TBCB,143
Oseg6,9
Rep,30
hpo,380
CG15120,13
CG16926,176
CG11007,164
Ir56b,3
Ir56c,0
Ir56d,3
sm,4386
CG43111,0
CG42878,0
CG16716,2
CG42753,0
CG18367,97
CG43277,13
CG15124,0
CG15905,1
CG15125,0
CG11018,0
hrg,694
isopeptidase-T-3,111
CG15127,0
CG34198,6
CG15128,0
CG15126,0
Obp56a,288
Obp56b,2
Obp56c,5
Obp56d,4412
Obp56e,4133
Obp56f,30
CG8517,0
Or56a,1
Obp56g,541
Obp56h,101
Toll-7,621
CG44569,0
Obp56i,0
CG13872,0
CG42690,0
CG43195,0
CG42691,0
CG30447,0
CG10822,0
CG44622,0
CG44623,0
CG8654,411
CG16898,5
18w,691
CG11041,21
CG16894,0
CG11044,32
CG44624,0
CG44625,2
CG11099,856
CG13869,1
Efhc1.2,0
CG11208,137
ppk6,0
CG9864,15
Ate1,109
Hsl,344
PCNA,20
plu,0
RpS18,7430
CG8908,10
CG10444,965
CG11788,9
CG9143,56
Mpcp1,1446
CG16868,41
CG34199,14
Cpr56F,37
CkIIbeta2,0
CG11200,122
CG13868,4297
CG13871,0
tapas,171
MED8,50
CG8929,151
CG16739,0
CG13870,0
CG16741,1
CG11192,0
CG12484,294
Obp57c,1294
Obp57b,954
Obp57a,188
CG13426,0
GNBP-like3,212
CG30151,93
CG30154,213
CG18067,3180
CG13423,0
CG13427,0
CG13428,23
CG30148,96
Obp57e,0
Obp57d,0
Cpr57A,73
CG13430,0
CG18065,328
lms,2
Mgat1,129
CG43308,1
qsm,1382
Nnf1a,14
HnRNP-K,856
Hil,601
CG9945,215
CG11180,69
FAM21,13
Rcd6,103
rig,56
CG13436,5
maf-S,472
CG11110,131
CG33786,0
CG33785,201
DMAP1,13
Lrt,46
CG16799,63
CG11159,31
CG13437,18
Fem-1,1547
exu,6
galla-1,233
Gr57a,0
CG13438,0
dpr1,506
CG13442,0
CG34201,0
CG34202,0
CG13443,0
CG43709,0
CG43710,0
CG43711,0
CG43666,0
CG43667,0
CG43677,0
CG43668,0
CG15225,0
insc,134
sktl,163
CG17999,0
CG9993,0
CG15227,0
IM4,2393
IM14,4007
Ipk1,8
Cib2,5
otp,73
CG9235,0
Rx,11
Act57B,20175
CG33704,1
hbn,41
CG15649,1
CG34115,3
CG9344,123
CG15650,0
CG9313,3
CG15651,129
CG3216,0
dgt3,5
Prosalpha3,1116
CG10543,257
CG30291,57
grau,73
CG9346,17
CG3295,589
RIC-3,1950
ND-B14.7,1683
shg,600
cpa,752
CG15653,20
mRpL54,149
Cht8,0
Cht12,0
Cht4,0
Cht9,0
CG10527,1679
Treh,3323
Rbpn-5,176
CG34396,138
CG4038,18
ktub,96
CG9394,910
CG4050,187
mago,243
Magi,62
CG9406,0
Xbp1,5004
Hmg-2,55
CG15657,2
CG30389,408
CG4266,535
hng1,24
LSm1,90
Xpd,59
Pu,17671
CG4286,0
tud,1095
Lapsyn,130
Glycogenin,72
CG44245,177
CG4302,193
CG15661,88
ASPP,248
Rgk3,260
CG30391,0
CG30393,1
CG34203,3
MFS16,447
CG10505,3
CG30392,362
Sgf29,26
RpL29,5055
CG9752,4
CG42672,298
Panx,21
CG9485,931
CG33655,29
CG30394,21
dom,350
CG15666,14
CG9822,0
CG17974,53
cv-2,226
CG10795,34
eEFSec,1
Acox57D-p,82
Acox57D-d,20
Sdc,2598
Sara,309
Fkbp14,294
TAF1C-like,21
MESK2,4512
CG10494,27
CG30288,0
CG30289,1
Egfr,570
CG30286,4
CG30287,3
CG33226,0
CG30283,1
twz,348
CG30222,1
CG33225,0
CG10433,919
CG15673,48
CG18870,221
clt,12
PTP-ER,223
mahj,124
CG15674,5
CG10321,297
CG10082,1377
CG30284,0
ND-B12,912
Rae1,78
pirk,301
CG42362,397
CG42363,0
CG42364,0
CG42365,89
CG42381,322
PIG-M,0
CG42380,0
CG42379,0
NC2alpha,35
CG15676,0
stum,16
eIF3k,637
Tbp,40
CG30285,286
CG10307,25
Tim10,0
CG42497,643
Ppcdc,0
CG42496,179
CngB,81
HmgZ,1773
HmgD,646
CG30403,12
Tango11,926
CG30398,0
LBR,7
Grx1t,0
CG43982,0
CG30395,1
CG4021,0
lox2,58
CG34204,0
CG18735,0
CG4386,1
CG13492,0
CG34040,0
CG4363,0
CG4377,2
CG4372,0
CG9294,0
comr,0
Fili,162
PpN58A,0
CG43742,0
CG13488,2
CG13494,0
ppk9,0
CG34029,0
CG9304,608
Gr58c,0
Gr58b,0
Gr58a,0
dany,0
CG34370,309
CG9308,0
PpD5,0
CG13500,0
CG13501,0
Snp,610
CG44249,18
CG11475,29
CG11474,358
CG2921,76
GlcT-1,458
Synj,338
CG13502,1
CG43393,3
CG44163,6
CG11073,386
CG6613,134
Vrp1,694
CG30280,15
CG30281,37
mei-S332,34
GM130,124
NtR,96
CG34205,4
a,85
CG11269,1
gom,8
CG34206,3
CG3045,9
CG6758,109
CG11170,7
CG11275,176
MED16,5
Vps35,564
Swim,3129
CG3292,0
Alp2,0
CG3264,0
CG11291,0
ari-2,399
CG30278,0
Oatp58Da,0
Oatp58Db,0
Oatp58Dc,129
dve,54
CG5819,25
wdp,180
Gp150,7435
CG34207,4
T3dh,133
pgc,0
CG34208,105
Liprin-gamma,216
CG11298,0
Rtf1,342
wrapper,23
CG13506,685
babos,633
CG6044,1604
VepD,51
qkr58E-3,265
Mes4,69
qkr58E-1,81
qkr58E-2,491
mRpS29,80
rad50,1
CG10344,30
ppk12,0
CG10384,125
CG45062,0
CG45063,0
CG4752,77
CG4554,5
CG4610,32
px,376
gas,11
CG11362,0
dnr1,660
CG3927,2
CG4269,318
CG4294,99
RpS16,4014
Vps20,285
CG4329,3
CG33143,281
CG17807,8
Cdk9,49
bonsai,47
CG3732,158
RpS24,3703
Ugt58Fa,31
CG2852,3414
CG30195,16
CG34446,77
CG34445,64
CG3746,52
nsr,2
Cyp6d2,2
CG30196,6
CG43325,37
CG43326,0
CG13510,31
CG13511,0
CG42565,0
CG42566,3
CG4250,968
CG42867,37
CG30269,0
CG30273,212
CG13516,111
RYBP,111
Ppa,605
robo1,330
CG30259,1
Obp59a,127
Obp58b,1
Obp58c,1
Obp58d,0
CG30275,0
CG30268,0
jbug,513
CG42260,666
CG13526,0
CG13527,0
CG30270,0
blw,12015
CycB,4
stl,11
CG30271,44
CG42284,0
CG30274,80
MFS1,0
CG30265,0
CG12490,0
CG9825,0
CG9826,0
CG3649,1
CG13531,54
RpL23,4153
inaD,1177
fd59A,141
CG13532,59
PIP5K59B,83
EMC8-9,315
YME1L,144
asrij,76
Gmer,17
MED23,15
CG3700,108
nahoda,899
CG30187,10
Nup214,28
Reep1,3025
CG3788,4
CNBP,1222
CG9849,174
CG3831,10
CG42694,3
CG32834,0
CG32833,0
twi,1
CG9897,0
CG9896,585
CG42741,50
CG44252,28
CG44253,0
DCTN3-p24,307
CG9890,38
PPO3,1
l(2)k09913,1912
Fib,81
CG3085,0
Art7,27
CG43659,0
Gr59a,0
Gr59b,0
CG9877,3
CG13538,0
CG9876,13
RpL37b,0
CG42703,0
Gr59c,0
Gr59d,0
Klp59C,0
CG3215,0
CG30192,0
CG13544,0
Klp59D,0
CG43207,0
CG9899,0
CG13545,9
CG34371,350
CG13539,0
LS2,0
CG3092,0
yip3,0
RpL22-like,0
CG12782,0
CG13540,0
ord,0
CG3124,0
CG13541,0
Prosbeta5R1,0
HP1Lcsd,0
CG30412,0
CG30416,0
CG9861,0
tbrd-3,0
CG30413,0
CG3502,6
CG9863,0
CG34210,0
Rpi,309
CG3500,82
CG9875,0
CG34423,29
CG34424,396
vir,51
Ice1,3
Golgin245,356
CG13551,1540
yellow-d,108
yellow-d2,116
CG30414,8
roh,5355
eIF2Bdelta,63
CG3530,410
CG3520,10
CG9812,4141
CG30411,24
CG9815,21
Or59a,0
CG43795,484
SkpF,0
Or59b,8
Or59c,1
CG13557,0
CG13558,1
CG13559,21
CG3906,0
RabX1,136
mi,113
bw,222
ppk3,0
Gr59e,0
Gr59f,0
AIMP3,225
wmd,810
levy,4956
pita,37
Dcp-1,21
Rrp4,33
ItgaPS5,0
Pi3K59F,103
CG30184,0
apt,63
CG42559,1
CG42560,0
IM18,0
CG10332,267
CG43209,0
Eglp1,0
Eglp2,24
Eglp3,0
Eglp4,1831
retn,354
Pde8,227
St1,86
St3,280
l(2)efl,489
Pal2,2404
CG30183,28
angel,36
mRpL43,76
sigmar,902
l(2)dtl,15
l(2)not,27
l(2)tid,383
Sesn,1635
CG18128,0
egl,343
CG13560,1
CG34105,0
CG12491,0
CG11300,3
CG5532,375
sona,275
CG15800,0
CG30177,0
CG13561,0
CG5539,0
Ssrp,52
CG5543,36
Nxt1,298
CG4797,278
CG5549,1348
CG4763,0
shu,7
Snap29,335
CG5554,498
ytr,64
eIF6,121
gbb,121
bgcn,1
Pym,90
TBPH,537
CG4585,190
CG5569,20
Thiolase,707
ken,188
TM4SF,4366
CG4882,99
PHDP,2
CG5597,284
DCP1,147
DNA-ligI,7
Upf3,9
CG17658,0
CG5339,110
Lpt,27
CG13562,13
Nap1,997
kcc,899
SERCA,4319
CG2812,24
CG3735,37
Taldo,1811
Galphas,298
Orcokinin,177
CG2970,106
fzr2,0
CG3803,34
thoc5,37
CG16787,52
alpha-Catr,135
CG13566,1
Fmo-1,72
Alas,207
CG34213,20
or,205
CG10904,76
CG3065,54
mr,49
PPP1R15,496
Sox14,37
Phm,625
CG30178,0
Pask,111
CG3860,490
Unc-89,143
CG4324,5
CG3121,0
CG3907,594
CG11388,29
Adk2,895
EbpIII,23473
HSPC300,157
CG3163,33
CG30172,338
Chi,65
MAN1,32
Not11,26
IntS1,66
tsr,2278
gammaSnap1,551
sei,80
ppk29,7
CG13563,14
eEF5,9805
RpL12,2714
RpL39,5890
Rap2l,70
yki,51
CG3209,215
Mlp60A,3471
CG10339,8
CG13564,0
CG16786,47
snama,65
gek,104
enok,7
CG4049,69
CG3253,8
CG3257,1444
CG43775,1
CG43777,0
CG43776,0
tamo,171
Zfrp8,31
Naa35,45
Dat,1363
DnaJ-60,139
CG42568,0
spag,12
CG3328,160
mRpS17,202
Nop60B,838
ocm,10
cN-IIIB,67
CG3356,303
CG11406,17
CG30419,158
nord,52
Ir60a,1
CG13575,5
CG3376,251
CG13577,0
nvy,262
CG3394,63
betaTub60D,68
slbo,1
bs,85
CG44812,0
CG13578,23
mAChR-A,581
Slik,763
Rpn8,959
SerT,251
CG45069,0
PIG-Z,103
prom,123
CG42383,6
CG15873,0
Pgam5-2,0
CG3483,0
CG4563,0
CG13579,32
CG3492,2
CG3494,0
CG16837,1
CG13589,0
CG13590,0
Crtp,0
Ssl,0
Prosalpha4T2,1
CG13581,0
Letm1,625
Ir60b,2
Ir60d,0
CG4612,1421
Brca2,39
Ir60e,0
CG13585,1247
CG4622,37
CG11413,1233
ITP,1026
Nurf-38,1353
CG11414,157
uri,12
Fcp1,131
CG3511,10
Start1,342
SIFa,392
CG4681,0
pio,2666
CG13587,0
ATPsynF,5819
CG3548,390
CG3565,0
CG3570,24
CG4707,19
CG42360,77
CG42361,593
CG4741,3
Adck,18
CG13594,230
Cyp9c1,11
CG3640,0
CG4781,0
CG3663,57
Cpr60D,30
CG30161,0
ND-19,530
CG34214,1
CG4806,28
CG33228,7
Pof,42
Mmp1,3384
ST6Gal,32
Mid1,376
Usp15-31,397
spz6,8
CG3880,5
CG12848,37
CG3894,226
GstE12,1609
Eps-15,136
egg,19
Lcp9,0
CG3594,26
TyrRS-m,26
CG3589,34
key,173
Reg-5,351
ETH,4
Orc4,13
CG12849,0
CG3611,0
CG42851,0
Dll,179
CG3650,0
Atf-2,29
CG16896,24
CG30423,894
CG44247,616
NKAIN,1388
Ance-5,107
NaCP60E,3018
Tpc2,9
CG9083,3
RpL41,35507
pain,257
CG30427,370
CG3760,404
CG2811,159
Tina-1,534
CG15861,9
CG3770,26
CG2790,63
CG12851,324
CG2765,2467
CG30424,31
RpL19,4655
CG3776,74
Phk-3,327
CG2736,209
emp,799
CG3829,282
zip,320
uzip,1891
Nplp1,1226
gsb-n,6
gsb,0
gol,3459
lov,13
CG30430,0
CG43106,0
CG34038,6
Sfp60F,0
EbpII,0
Ebp,0
CG9380,1
Kr,16
CG30429,0
CG33680,0
CG30428,82
CG17636,0
RhoGAP1A,406
tyn,38
CG17707,198
CG3038,55
G9a,349
CG42376,221
cin,138
CG13377,219
CG13376,1
ewg,1489
CG3777,176
CG13375,880
CG12470,2
Or1a,1
CG32816,77
CG43181,0
CG43182,0
y,11
ac,0
sc,0
l(1)sc,0
Pgcl,0
ase,0
Cyp4g1,22
ebo,278
CG13373,18
CG32817,5
CG3176,25
CG18273,31
CG3156,55
CG17896,1454
CG17778,533
svr,1919
elav,1799
arg,61
CG4293,34
Appl,3171
vnd,0
CG13366,259
CG13365,288
Vsp37A,424
CG13369,90
CG13364,980
CG17829,66
RpL36,5975
l(1)1Bi,28
Dredd,297
su(sable),209
CG13367,52
Roc1a,1750
Hmt4-20,451
SkpA,2055
sdk,681
CG13362,0
CG5254,513
CG13361,0
CG5273,376
RpL22,5178
fz3,33
tw,35
CG13360,382
CG16989,158
Rbf,64
CG13359,2
CG13358,2
Sec22,379
CG43867,94
CG14635,0
CG3713,756
CG14634,0
CG11664,0
CG11663,0
CG3711,806
MED22,97
CG3708,0
CG3706,0
CG32815,652
TRAM,508
CG3704,70
mus81,32
CG3703,146
CG3699,154
CG3690,1
CG18823,0
TfIIA-S-2,0
CG14631,0
su(w[a]),164
CG11638,284
CG32814,6
CG3021,50
CDC45L,35
CG33082,292
CG14630,0
CG42259,206
CG14629,630
CG3655,983
CG14628,0
eIF4E7,1
CG11378,406
CG11384,0
CG11379,0
CG14627,0
CG14626,0
CG11380,34
CG14625,4
CG11381,1
CG14624,1
CG11382,0
CG11398,55
CG3638,822
CG11403,3
Atf3,256
CG32812,7
DAAM,1087
CG32811,2
fs(1)N,0
CG11409,9
Naa30A,521
MTPAP,59
Tsp2A,3
CG12773,420
CG11417,15
png,1
CG14770,447
ssx,942
AMPKalpha,1611
CG3719,679
CG32813,182
CG11448,167
futsch,2456
Gr2a,6
CG14785,2
Lrpprc2,33
CG14787,11
Ns3,48
O-fut2,56
CG14777,366
CG14778,96
CG32808,10
pck,566
CG14780,1
Rab27,53
mei-38,0
rush,326
sta,4188
inc,527
Nmdar2,151
CG14795,39
Mur2B,11
br,156
dor,38
CG3740,199
hfw,266
CG32809,884
CG14797,7
b6,254
CG14798,3
a6,145
CG3795,0
Scgdelta,395
prage,279
Adar,8083
CG32806,2
CG14810,0
CG14811,0
CG14812,510
deltaCOP,578
CG14814,1
MED18,134
Pex5,217
CG14803,4
Pgam5,82
Vps26,432
CG14817,246
CG14805,93
CG14818,623
CG14806,360
trr,75
mRpL16,56
arm,3004
CG32803,82
CG32801,5
Edem1,398
mip130,89
Rbcn-3B,879
eIF2Bepsilon,133
Ocrl,165
CG11596,142
CG3857,28
CG3587,46
Hr4,80
PIG-K,75
east,1418
Actn,1526
usp,352
CG4313,15
CG4325,135
moody,518
Sik2,165
CG4281,183
CG14054,2
CG4199,399
CG4194,6
Rtca,46
CG4045,38
CG4025,324
CG16903,70
Unc-76,3638
csw,1402
ph-d,152
ph-p,170
D2hgdh,360
Pgd,546
bcn92,68
wapl,136
Cyp4d1,4
CG3630,727
ND-B14.5A,956
Cyp4d14,1
Cyp4d2,122
Cyp4ae1,37
pn,256
Nmd3,121
CG17776,140
CG17777,26
CG3457,0
Mct1,95
CG14053,1
FarO,6
SmydA-8,486
Vinc,204
CG14052,1
pcx,420
kz,7
fs(1)K10,114
Or2a,2
crn,60
CG3191,40
CG3091,1114
CG3078,417
temp,332
CG3071,110
CG2924,556
CG2918,385
Vml,0
CG2865,253
Raf,270
CG14050,3
CG2854,0
Ilp6,24
mRpL14,71
CG2841,42
PsGEF,2600
CG12496,0
CG32797,0
gt,6
tko,169
boi,31
z,208
trol,1703
Pdfr,263
Vha36-3,20
CG13759,48
CG13760,427
wds,16
egh,427
Klp3A,16
Zw10,116
Smyd3,45
eIF3g1,877
Tsp3A,96
Seipin,88
brv3,1
PI4KIIIalpha,409
sgg,739
HLH3B,17
CG2652,0
per,315
CG2650,4394
CG2658,223
CG2662,27
Csat,194
eIF2Bbeta,135
CG2680,148
CG2681,40
CG2685,38
CG2694,54
CG2701,86
fs(1)Yb,1
fs(1)Ya,0
vilya,2
dwg,34
ttm50,187
CG2712,6
crm,8
Syx4,42
kirre,653
CG32795,257
w,0
CG12498,0
CG14416,0
CG14417,0
CG14418,0
CG14419,43
CG3526,0
CG3588,116
CG14424,0
CG32793,0
CG3592,0
CG3598,0
CG14420,0
CG14421,0
CG14422,0
CG14423,0
CG17959,0
CG3603,129
rst,195
CG4116,0
N,380
CG18508,90
Fcp3C,2
CG3939,29
dnc,691
CG14265,0
ng2,0
ng3,0
ng1,0
ng4,0
Pig1,1
Sgs4,1
CG10793,0
Myc,601
CG12535,4
CG14269,2
CG16782,15
CG10801,0
CG16781,0
CG12206,28
CG10804,669
CG10802,67
CG14270,77
CG10803,328
Gas8,5
DIP-alpha,190
CG13021,0
ppk8,1
CG2875,56
AstA-R1,355
Ilp7,1
Parg,40
Mnt,292
Rala,1299
Tlk,881
HIP-R,607
Crg-1,126
HIP,248
fd3F,0
ec,24
CG2901,1
yin,79
CG2930,25
VhaAC39-1,2459
CG15239,3
CG42541,498
CG2938,301
CG2941,47
CG32786,0
CG32783,0
Vap33,2304
lva,381
CG6428,32
CG6414,0
CG43689,71
CG6379,162
CG15375,1
Xpac,42
brn,98
cib,1714
Nsun2,85
dgt4,1
Tip60,207
tyf,1116
GlcAT-I,204
Fas2,1121
CG43288,0
CG15571,0
CG15570,0
Femcoat,0
Muc4B,0
CG43134,1
CG43135,0
CG15576,0
CG12691,0
CG15572,0
CG15577,0
CG15578,0
CG12692,0
CG15579,0
mei-9,45
CG2982,124
mRpL33,234
norpA,8039
CG12693,0
CG3626,404
CG12688,0
bi,78
CG3556,221
rb,588
CHOp24,830
CG3568,8
Usf,267
CG15912,50
CG11436,37
CG3527,67
CG11444,612
CG3546,0
CG12684,0
peb,124
CG12184,0
CG12179,7
pon,1
CG3081,2
CG3062,0
HLH4C,12
mRpL30,136
Torsin,127
Cbp80,141
CG15473,6
CG3009,729
fzr,367
Pp2C1,146
ctp,6748
l(1)G0334,4243
CG7024,5
Proc-R,277
CG15472,0
Klf15,0
CG2871,0
CG15471,0
CG6978,0
CG2861,0
CG12682,0
CG42594,188
boil,0
CG6927,0
CG32772,595
CG4041,63
CG6903,190
CG44774,310
Ptp4E,280
CG15468,0
CG12680,0
ovo,287
CG32767,778
rg,0
CG15465,5146
Rpn13R,3
CG5062,0
CG42749,36
CG3323,1
CG17764,1
Cdk7,45
snf,207
TrxT,7
dhd,2
CG4198,0
CG15930,1
Sas10,27
Rnp4F,41
Mcm3,8
CG3309,98
XRCC1,28
CanB,1665
SK,447
NAAT1,281
spoon,1305
Usp16-45,416
CG16756,56
CG15784,760
SPR,625
frma,120
CG32762,0
CG4151,1
CG12730,933
Vsx2,8
Vsx1,90
CG34435,0
CG34434,1
RhoGAP5A,85
Mlc-c,2207
l(1)G0045,6
CG42492,2410
CG42265,502
Sirt4,100
CG4119,49
Rab18,367
RpL35,4186
Tre1,74
Gr5a,1
CG42449,0
PGAP1,129
cv,656
CG3149,101
CG4096,332
CG33080,363
CG32758,1753
CG15773,2
IntS6,207
CG4078,51
CG15772,255
lin-52,84
CG15771,273
MAPk-Ak2,1577
CG42699,333
CG3097,200
CG42264,0
CG3108,1
CG15767,2
CG12239,598
Cpr5C,0
Prosbeta2R1,0
CG44329,0
CG15766,10
CG15765,1358
CG12729,0
CG43136,0
CG43137,0
CG15764,0
GAA1,171
mof,40
Usp30,398
CG16721,2354
Act5C,11644
CG4020,3
CG12236,200
Shmt,1400
CG3726,284
CG12728,386
CG32756,202
CG6041,10
CG32755,5
CG6048,0
CG6067,429
fs(1)M3,0
Grip,65
CG5966,2208
CG4766,313
mab-21,180
rux,101
MCTS1,279
CG5937,54
CG5921,116
CG43115,0
CG5928,6
Tsp5D,3239
CG4666,29
CG4660,167
raptor,492
Mipp2,0
Nep1,227
Ca-alpha1T,1121
CG32750,3
CG32751,0
CG43090,0
vanin-like,0
Btnd,0
Efr,490
sqh,1743
dtn,346
CG14445,68
Rbcn-3A,676
Spx,5
schlank,642
CG3781,109
Spt6,403
CG3566,708
Ubi-p5E,6727
CG11700,14
Top3beta,22
wuho,68
Rpt4,707
mldr,26
CG15892,6
CG15891,212
CG3815,100
CG12219,44
CG3823,119
CG15894,199
CG42240,951
CG3842,455
CG3847,450
ND-B16.6,456
kdn,436
swa,0
Marf,1642
PpV,410
CG33664,0
CG33669,0
CG33668,0
CG42340,739
CG33667,0
CG33666,0
CG33665,0
CG3918,41
CG3342,72
Spat,186
RpL7A,2876
dx,34
CG34417,1202
CG17717,1
Pat1,361
APC7,2
pigs,3093
CG14443,1
CG3226,176
Cdc7,201
CG3224,164
Ctr1A,981
CG3198,204
Mcm6,30
ND-ASHI,955
l(1)G0255,1619
CG4095,0
Pink1,347
CG44303,3
CG3184,23
CG14442,274
CG14440,76
CG14441,660
CG3168,407
RpL17,4060
CG14439,729
CG14438,41
COQ7,207
shf,84
C3G,699
pod1,180
iav,2
Nf-YC,87
xit,9
Atx-1,1
nonC,98
mAChR-C,0
CG14435,640
CG4557,105
Cht11,58
CG4558,224
CG14434,30
CG43736,846
CG14431,195
CG32732,89
CG4586,5
CG3040,159
ogre,530
bou,376
Inx7,0
Inx2,4516
cm,133
CG42308,0
CG32736,347
CG3032,8
CG4593,143
CG12541,348
CG14427,0
nullo,0
CG4607,438
Sxl,12725
CG4615,793
CG4617,137
CG8300,278
fz4,224
CG9650,98
CG1958,0
CG1677,186
CG2059,79
unc-119,749
brk,57
Atg5,252
Dok,234
CG18155,4
CG42780,0
CBP,60
CG15034,0
CG1999,0
CheA7a,228
CG42781,0
CG15035,0
CG32727,0
CG42246,50
CG42704,2
CG42705,0
CG34337,1
CG9657,223
CG15036,12
CG32726,529
CG11368,3884
CG43198,0
CG32719,0
CG43138,0
CG32720,0
CG11369,0
CG12689,0
ct,515
CHES-1-like,715
CG15478,18
Hira,20
NELF-B,113
CG12155,140
Pdp,185
Rab39,235
Tom40,551
Ir7a,0
CG34338,0
CG32718,0
CG1402,213
CG10920,0
CG1409,0
Ir7b,0
dec-1,0
Ir7c,0
Ir7d,0
Ir7e,0
Ir7f,0
Ir7g,0
CG10932,262
Nek2,2
ND-MNLL,0
CG45089,3286
p115,106
RpS6,5556
bys,88
dpr14,181
spidey,568
snz,83
hdm,1
Ykt6,287
mahe,1133
CG10778,152
RpS14a,7317
RpS14b,936
Ubr3,466
l(1)G0193,811
CG15332,0
CG15330,0
sws,224
sn,1590
Tbh,193
CG15333,0
CG2233,4028
fs(1)h,1791
mys,873
Upf2,179
CG1571,0
CG2254,752
CG2256,4
UbcE2H,5334
CG2258,1061
Gclc,1064
CG1575,18
CG2260,30
cyr,37
CG2116,47
CG10958,18
CG2120,3
Smox,1867
CG17982,48
alpha-PheRS,109
CG2129,46
CG15336,0
CG10959,21
Gbeta5,789
CG18262,27
Traf6,442
GIIIspla2,1239
CG15337,3
CG10761,0
Or7a,0
CG2278,118
slpr,193
sdt,2895
CG2147,242
sni,63
Trxr-1,2141
ND-75,2291
CG1632,165
Corp,18
CG15343,31
CG1636,346
nAChRalpha3,850
CG1387,0
CG10555,315
PIG-T,79
lawc,839
Trf2,1294
CG32712,1
Miga,194
CG1440,1044
CG12123,84
org-1,0
CG32713,0
CG15347,73
Es2,45
Sptr,195
CG33223,1
CG12116,1138
Cp7Fa,1
Cp7Fb,0
Cp7Fc,4
Cp36,0
Cp38,0
otu,0
CG33181,205
Nrg,1344
PIP82,329
IntS4,27
CG12112,106
Trf4-1,199
CG12111,1
spirit,62
CG12065,185
CG12081,272
CG12659,65
Crag,837
Caf1-180,8
oc,295
CG12772,123
CG11284,662
Ppt1,17
Ogg1,7
CG11294,18
Hexo2,274
CG2004,159
CG1785,102
l(1)G0020,40
CG1789,22
Lim1,163
CG12075,291
Moe,3153
CG1885,128
Rbm13,41
e(r),1034
rdgA,6414
CG12661,0
CG43255,4
CG10962,74
CG12662,0
Nost,203
CG15365,38
CG10970,7
CG44325,1575
CG7246,16
HP1b,185
APC4,11
CG32708,23
CG32706,0
CG6999,3
CCT2,971
CG7766,111
Bx42,374
Arfrp1,230
AP-1gamma,1229
fend,221
CG7065,92
fh,75
Bap111,40
His3.3B,28605
Ost48,111
Dlip1,6
CG9034,998
Zpr1,91
CG44532,0
mei-P26,2968
CG12115,0
CG12057,0
CG12056,84
CG12106,112
CG12118,187
su(r),290
SmydA-9,330
Obp8a,126
CG15368,29
CG15369,7
t,1247
CG15370,0
Gr8a,0
CG12121,390
Ir8a,1
mxc,15
Larp7,28
amx,84
Dsor1,107
CG17754,2383
ric8a,433
Erk7,1
CG17440,0
Cfp1,38
CG16892,45
c11.1,590
lz,93
c12.1,153
c12.2,59
CG34449,1095
CG34450,3
BCL7-like,191
mgl,1509
CG44815,0
CG32700,499
CG34028,0
CG34026,0
l(1)G0320,482
RpS28b,16808
CG15317,18
Cubn,52
LPCAT,1577
CG42395,3
Hex-A,1156
Gga,97
Lst8,312
LysRS,175
CG42797,231
Ptpmeg2,581
CG3106,1
nej,650
btd,0
Sp1,40
CG1354,453
CG32698,150
Ser7,194
CG45060,0
CG45061,0
CG32695,511
CG15247,57
CG1468,33
CG9686,2800
CG9689,1581
CG9691,4256
CG15249,5
CG1986,0
Idgf4,1968
CG1791,57
CG1889,522
CG43386,27
CG15252,0
CG32694,211
CG33557,2
CG2990,0
Cht6,66
Yp2,7861
Yp1,21725
CG15312,242
Gr9a,0
ZAP3,338
CG2972,46
CG2974,58
RhoU,36
CG12645,0
CG43902,929
CG15309,3065
ATPsyndelta,2219
CG2962,0
CG15308,0
CG34408,185
Ipod,2
Hk,3320
CG12643,756
alpha-Man-Ia,2865
CG2909,86
Gip,432
CG15306,0
CG43740,137
l(1)G0289,3563
CG32679,0
CG17841,2234
CG32686,0
CG2898,6
CG32681,0
Psf3,61
flw,4086
CG32683,233
RabX2,1
CG12640,0
Or9a,2
Neb-cGP,5653
nocte,358
CG2889,24
CG2887,0
PPP4R2r,128
CG32687,1673
spri,327
CG15296,1
Rab9D,0
Hmr,9
CG2124,29
CG1628,312
CG43347,322
Rab9Db,0
CG9806,0
X11Lbeta,332
CG2111,0
Rab9E,0
CG12637,0
stx,1107
ras,1994
Rph,61
Tango5,478
Atg8a,6401
BTBD9,26
CG15211,853
Ant2,15
sesB,49851
Imp,381
sbr,392
CG15210,400
CG15209,2004
CG32669,35
CG17333,176
CG2202,76
feo,1
sofe,5
CG2186,607
CG2157,185
CG1637,803
Ork1,50
CG1582,99
CG15208,0
CG43901,444
v,85
CG2145,616
Myo10A,92
Rab9Fa,0
Rab9Fb,0
C901,0
CG42339,115
SmydA-4,75
CG1552,1868
CG1545,121
CG1537,57
CG15203,317
sev,108
Vago,421
CG2076,455
CG2061,150
CG42249,11
Hsp60A,2927
CG11122,91
Rpt3,567
Gtp-bp,248
Klp10A,740
CG44385,2
CDK2AP1,185
ssp7,1427
CG15199,108
CG15202,31
CG15201,2385
Ran,2058
Lint-1,63
rtv,239
Dlic,2577
CG32668,1
antdh,706
CG1394,3
CG15200,1
CG11106,0
CG44422,1097
CG15198,0
Ir10a,0
sisA,0
l(1)10Bb,399
CG1657,505
Kap3,239
CG34348,280
GCS1,349
CG11756,0
CG1738,20
CG11752,317
CG1737,44
dsh,82
Pa1,751
hop,37
Tim8,608
dlg1,3092
CG15196,0
Gr10b,1
Gr10a,0
Or10a,29
Gs2,5457
Evi5,571
Sk1,154
HP5,205
CG43155,22
Cyp4g15,481
Uba5,140
Spase25,197
CG33235,1
Drak,1022
CG1572,221
PGRP-SA,169
RpII215,108
CG11699,1233
Kmn1,53
CG11697,0
CG11696,44
e(y)2,37
CG11695,316
nod,9
CG1561,10752
rho-4,212
CG2533,0
CG2247,152
CG1703,97
RPA3,46
Met,498
Ptp10D,669
CG2371,175
bif,2644
PhKgamma,563
CG2444,807
FucT6,557
Amun,202
prtp,740
Tango10,320
CG15221,15
inaF-D,0
inaF-B,363
inaF-A,4
inaF-C,28
m,11
CG9360,221
dy,1
Karl,564
CkIIbeta,759
Hsc70-3,2663
CG1578,1099
rudhira,1799
CG15741,0
Cyp28c1,29
CG15740,0
p24-1,138
CG10347,23
ATP7,478
Nrd1,21
CG1847,352
CG11802,161
CG15739,319
CG10352,181
CG10353,541
SelG,738
CG1840,11
sicily,38
wisp,0
Upf1,308
CG43156,1
pot,3804
Sclp,2145
CG10362,130
cac,1723
gd,1
tsg,0
CG18130,3
fw,201
CG1806,97
CG1492,66
regucalcin,1927
Chrac-16,80
Lsm12,273
Tango4,54
Usp7,2603
Cyp311a1,12
Cyp318a1,18
Ten-a,1157
Uch-L5R,0
Muc11A,0
CG34323,0
CG12721,0
CG15734,1
CG11356,0
CG2750,0
CG1924,0
CG32655,0
CG45603,3
CG2577,0
Ir11a,0
CG32651,0
CG2574,0
Pkcdelta,86
CG15927,1
CG15731,0
Rab40,14
CG42258,793
Cpr11A,97
Lsp1alpha,42
Mks1,0
CG2556,79
hwt,1236
Cpr11B,212
CG11138,1356
LIMK1,439
CG1824,107
Sec16,817
CG1463,138
CG2543,92
CG11085,17
CG15728,3
Aven,20
CG2540,99
Tomosyn,196
CkIalpha,1390
Tis11,1645
Smr,1206
CG15725,26
CG4004,89
ade5,6654
CG12717,162
CG3812,2788
CG32647,5230
Pde9,589
CG3775,342
CG4661,0
CG32650,0
CG32649,146
CG4407,185
CG4404,783
mRpL49,73
Brms1,154
CG4645,160
fne,794
hec,24
CG32642,0
Mur11Da,0
CG15721,0
CG12716,0
CG32643,0
rad,414
CG15719,0
CG2209,3
CG12715,0
hep,849
lic,197
CG2200,100
CG43313,146
Fer3HCH,3
CG42237,65
CG32638,739
CG15717,1111
MFS10,47
CG32645,26
CG4318,0
CG4332,82
Bap60,141
CG12096,130
Lgr4,1
CG32640,0
CG32641,60
CG12723,0
CG2453,97
sno,419
CG44437,70
REG,916
mew,285
CG32639,2
CG15742,0
comt,3102
HDAC4,921
CG15743,65
CG15744,35
CG1764,137
CG1622,261
IP3K2,592
Jafrac1,3860
RpS15Aa,12661
CG15747,169
Syt12,452
dmrt11E,0
CG1640,3805
Rbp1-like,288
Tim9a,182
Yippee,682
CG1662,763
CG1673,1285
CG12725,0
GstT4,931
CG1998,326
Set2,61
Neto,277
CG34324,0
CG15754,2
CG44428,0
CG15756,1
Cpr12A,0
CG11816,0
CG32631,0
CG32633,0
CG46311,1400
Tango13,776
up,1279
CG11178,126
Ndc80,0
BthD,1
tth,376
Tango2,22
CG2691,89
NFAT,925
Lig4,16
CG11164,6
CG15760,644
CG11162,0
CG12177,95
CG11158,88
Nadsyn,385
Nna1,1036
CG9941,401
mus101,16
g,366
Grip91,136
CG11134,112
CG11151,1633
Pdcd4,1719
CG32625,0
Rtc1,29
Yp3,21601
rdgB,3064
CtsB1,556
CG11103,88
inaE,518
CG10993,0
CG10996,0
CG11095,40
Clic,1729
Nup93-1,40
jub,90
AMPdeam,8095
mamo,1969
CG11068,0
ben,3843
Ste12DOR,0
Ste:CG33247,0
Ste:CG33246,0
Ste:CG33245,0
Ste:CG33244,0
Ste:CG33243,0
Ste:CG33242,0
Ste:CG33241,0
Ste:CG33240,0
Ste:CG33239,0
Ste:CG33238,0
Ste:CG33237,0
Ste:CG33236,0
CG12479,0
CG12480,0
betaNACtes1,0
CG1368,1
CG11581,0
CG11584,0
CG32603,0
CG12481,0
CG11585,3
CG13403,6
yl,0
CG11590,47
l(1)G0007,33
l(1)G0469,290
CG11674,0
mRpL38,104
CG42271,538
Fbxl4,486
CG1434,89
mRNA-cap,145
CG32599,4
mud,4
CG46317,9057
CG1461,595
CG13404,508
na,128
Muc12Ea,1
CG9400,481
betaNACtes2,0
betaNACtes6,0
dpr8,256
betaNACtes3,0
betaNACtes4,0
CG9411,0
CG12540,1
CG14414,67
mRpS25,71
nmdyn-D6,35
CG9413,2021
NetA,57
CG5321,112
NetB,1755
CG43088,0
hog,0
CG15890,261
CG5334,0
CG5347,0
Ag5r2,1
Ag5r,89
rut,1311
CG14408,1081
CG14411,153
CG14410,2
CG14407,292
CG32590,43
Flo2,1121
CG12539,10
CG9522,10
CG9521,118
CG9519,70
CG9518,17
CG45065,0
CG45064,13
CG9514,10
CG9512,2480
CG9509,17
CG14406,52
CG12398,0
Eo,0
CG9503,0
CG32591,12
pdgy,1216
CG9030,0
eag,306
hiw,183
be,411
CG5541,437
ND-B18,976
opm,286
dob,20
Lsd-2,872
CG33177,3
CG33178,350
CG9065,215
CG15027,20
CG5599,155
Rab3-GEF,844
CG9072,0
Cyp4s3,312
drd,234
RpL37a,7480
CG9095,50
CG43737,322
CG32588,0
CG5662,0
CG43075,0
CG43076,0
CG9101,0
PPYR1,0
CG9106,0
CG5877,102
gce,773
Top1,159
dah,3
CG9114,7
HDAC6,1107
CG9123,35
CG12608,53
CG6227,43
acj6,8
Pp1-13C,2
CG9164,575
Cngl,214
Scamp,952
Ahcy,735
CG11655,214
shtd,20
CG6299,0
CG6294,799
CG15642,94
CG15641,0
Grip128,28
CG6308,5
mh,1
CG6324,0
CG6340,1838
Gmap,185
Ac13E,284
CG42300,0
CG7860,34
CG15643,90
CG9213,31
CG42299,1
cerv,47
CG7872,322
CG9215,41
CG8097,28
CG9220,118
CG8105,0
sog,404
CG8117,0
CG8119,0
CG15646,0
CG12708,0
CG15599,0
CG8128,432
CG9240,193
Pis,7170
CG8134,204
CG9281,2158
CG15601,39
CG8184,523
CG8191,22
CG12379,17
MagR,709
Arp6,55
CG11679,27
CG8206,697
CG8944,262
CCT6,463
CG8239,48
Graf,379
CG8260,0
mRpL3,42
CG17209,9
CG8952,0
CG33172,15
CG43672,0
CG43673,0
Efhc1.1,0
Paf-AHalpha,90
mRpS30,113
Rhp,58
CG8974,1917
CG32581,0
CG15602,29
PGRP-LE,52
sd,1962
CG8509,4
Chc,1060
CG8565,0
ArgRS,52
CG8578,388
sun,5531
UBL3,348
CG15914,11
Myb,148
AlkB,9
Gbeta13F,9377
Gapdh2,12301
CG16952,215
tay,247
MSBP,2313
CG15916,131
shi,2920
CycD,69
Lrp4,1078
CG8916,15
Lcch3,183
Ranbp16,371
Stim,3650
CG8924,106
Rrp47,186
mmd,747
Or13a,0
CG42766,6
CG9170,67
CG8931,77
ND-20,1627
eIF5,242
CG46312,9843
exd,3165
CG8939,1
vap,180
CG12698,0
Muc14A,0
CG12395,0
dpr18,250
Nipsnap,991
Tob,4484
CG8958,0
CG42353,5767
CG42354,0
disco-r,107
disco,30
CG12507,1
kat80,180
Mfe2,505
Prosalpha4,1971
eas,3575
CG32576,231
UQCR-14,3032
caz,104
CG9911,23
CG3632,205
CG3679,17
CG9914,591
CG9915,38
SWIP,20
Cyp1,7033
CG9917,1821
CG32579,63
CalpC,166
CG9919,980
CG9921,389
Dsp1,3536
sl,269
U2af50,301
PIG-Q,13
nonA,414
Fur2,3944
CG9992,133
CG4239,1339
TH1,71
mei-41,5
CG9981,0
CG4301,18
Traf-like,5
AnxB11,957
hang,517
CG9947,246
rngo,256
eIF2alpha,193
CG34015,44
eIF4H1,1994
para,4020
Cnx14D,0
CG9903,0
CG9902,67
Arp2,825
Pp2B-14D,1203
CanA-14F,2557
CG13014,31
SMC3,94
Ubc7,962
CG9784,115
Nup153,536
mbt,384
CG9782,38
Rok,940
CG9777,6
RpS19a,3556
SNRPG,241
mthl1,385
CG32573,0
CG42512,401
CG9723,122
r,34
CG15865,0
CG13012,164
CG13010,2
sing,11
Axs,155
Sep4,501
CG4678,608
CG9676,1222
spheroide,0
CG9673,0
CG4653,13
CG9672,0
CG13008,3
CG34325,465
CG32572,2
goe,214
TwdlX,0
TwdlY,0
TwdlZ,0
CG32568,0
Twdlalpha,4
if,908
mRpL22,140
CG9609,136
Sap30,125
Rrp45,58
CG4768,463
CG9132,638
CG4789,132
CG9125,37
CG13005,29
ppk28,8
CG4829,147
CG46306,41
CG13004,0
RSG7,609
CG13003,188
CG4872,118
Nprl2,131
Rcp,80
DENR,153
CG4880,18
CG13002,0
CG33252,0
CG4928,570
wus,14
CG13001,53
RhoGAP15B,116
CG13000,0
Ubr1,476
CG45002,3166
CG43996,0
CG43997,0
CG43077,1
wcy,288
CG4949,74
CG8945,1
CG4955,0
CG16700,1090
CG4991,471
Arpc3B,46
CG5004,150
mei-218,8
mei-217,54
RpS5a,5241
Chchd2,706
xmas-1,8
xmas-2,62
baz,1497
CG8918,0
CG5070,0
CG32564,4
CG32563,0
CG12995,34
CG18258,1
CG5162,713
CG12998,1917
CG5172,1569
CG34327,877
CG10598,0
CG10597,0
f,20
CG8915,97
CG42854,0
CG8675,130
CG8664,0
CG5445,270
CG8661,0
Fim,1255
B-H2,58
B-H1,169
CG8611,113
CG12994,193
CG5613,114
p-cup,0
CG8568,0
CG43658,693
ppk23,6
Ankle2,163
CG12991,1153
CG12992,11
X11L,697
stas,1412
CG8326,22
corolla,0
ND-24,770
CG8289,548
CG5800,20
RhoGAPp190,282
IntS2,27
beta-Spec,3197
CG12990,3
chas,435
CG8188,364
par-6,803
CG8173,21
CG42684,236
unc-4,26
OdsH,0
CG12986,0
Socs16D,332
CG6398,965
e(y)1,13
CG8142,4
Ucp4A,626
CG15814,487
Spt7,34
CG32554,0
CG32557,0
CG6762,120
Arp8,75
CG6769,58
mnb,604
CG12985,1
CG6788,0
GSS,1
CG32495,1
CG7772,177
Vps4,685
CG6847,94
Sh,2653
CG12672,1
CG6867,20
CG15373,0
Dhc16F,2
CG7536,891
Ada3,280
CG7206,630
scu,631
RhoGAP16F,33
Mvb12,148
Taf8,5
CG7135,252
wupA,7285
CG43133,1
ari-1,617
CG43229,0
Frq1,657
Frq2,365
Andorra,0
Hesr,0
Him,1
CG33639,151
upd2,1
CG15059,0
upd3,3
upd1,0
CG6023,30
CG6123,234
CG6106,15
CrebB,1478
por,71
CG6179,55
betaCOP,326
Tsf1,3529
CG32549,643
CG34328,2
CG15056,0
CG42323,102
CG32548,2
CG6290,234
CG32551,13
CG43841,3
CG32547,52
CG43843,0
Hayan,49
psh,122
CG15046,48
CG15044,0
CG15043,2
GalNAc-T2,561
Xrcc2,0
Wnt5,19
Ggt-1,171
CG6470,1
HisRS,608
Bx,767
CG6481,0
CG15042,0
CG15047,1
CG15040,0
wgn,896
Rip11,860
CG6540,34
CG6617,195
Ing3,38
CG6659,134
fu,164
CG6696,1
phm,0
Cyp18a1,124
CCKLR-17D1,93
Cyp308a1,16
CG42302,6
CG6873,0
CG12609,0
CCKLR-17D3,84
CG6891,443
CG18259,228
CG6961,133
S6KL,231
Atg101,1541
bnb,860
CG7058,195
CG42450,1317
CG7101,30
Pvf1,321
htk,91
CG7280,58
CG7322,443
Usp39,28
CG32544,1250
CG7326,176
CG34401,866
CG7332,859
CG7358,665
SdhBL,0
CG7378,1349
CG43759,239
Diedel3,0
CG14190,0
CG34330,416
CG7406,2
CG14191,5
CG7423,0
CG15882,0
tgy,0
Obp18a,639
RhoGAP18B,473
Inx5,6
CG33939,737
CG7556,274
CG7453,429
CG33253,1
Mec2,31
HP1D3csd,6
CG7914,17
CG14194,258
CG7990,799
Ulp1,180
CG14195,0
Mur18B,1
Muc18B,0
CG7884,5
CG14196,98
CG7889,23
CG7992,0
Hs3st-B,79
rictor,173
Vav,506
CG8010,104
CG32537,65
CG32536,41
CG8028,0
CG8034,724
CG8051,85
out,707
nAChRalpha7,1728
kek5,335
CG32533,11
CG12200,0
mRpS14,180
Naa15-16,355
pcm,66
ND-18,859
CG12204,33
ksh,85
Pfrx,298
CG14200,522
l(1)G0156,4346
CoRest,1057
CG12231,0
CG32532,10
Grip84,222
car,478
Tao,1250
CG14218,16
CG14204,0
CG14219,0
CG14205,0
RpS10b,1986
CG14220,226
CG14207,4126
Shawn,0
Tyler,265
CG14210,47
Tim9b,301
CG12788,0
CG14221,28
Naa20A,118
MKP-4,231
CG14212,1
e(y)3,503
Rcd-1,306
CG12237,1309
Sec61gamma,1510
Arp10,190
Ranbp21,220
CG14215,19
CG14223,31
Ssu72,205
Zw,182
et,93
dome,177
Ubqn,1174
CG14227,0
Mer,42
CG14229,163
Cdc42,1766
CG14231,62
CG14232,148
CG14230,20
meso18E,154
CG12531,954
AP-1-2beta,563
CG14234,953
COX6B,6564
CG18809,203
CG33932,0
Rpp20,309
parvin,835
Alr,60
Pmp70,200
CG12702,0
zld,23
SkpD,0
SkpC,0
SkpE,0
pico,776
Nup205,6
THADA,259
Hers,912
amn,2
CG45486,0
CG45487,0
CG45488,0
CG45489,0
CG45490,0
CG45491,0
CG45492,0
CG45493,0
CG45494,0
CG43784,0
CG12655,31
Nep3,1008
CG17003,0
Dop2R,582
CG9570,1
fd19B,0
Or19b,0
CG42581,0
karr,0
CG34331,218
CG15322,17
CG42583,0
CG34332,0
Or19a,0
CG9572,295
Rab35,258
Phf7,1
CG9577,135
CG9581,76
CG9578,94
AnxB10,546
Sdic1,2
Sdic2,0
Sdic3,0
CG46275,0
CG46276,0
CG46277,0
Sdic4,0
sw,94
obst-A,1200
Peritrophin-A,467
CG17068,122
Rab10,3074
CG17065,34
CG42577,0
Inx6,0
CG1504,1
CG1631,1
CG12679,0
jb,1
l(1)G0004,11
Syx16,79
HERC2,118
CG15459,0
CG15458,0
Obp19a,19
Obp19b,57
Obp19c,86
Obp19d,7558
Pp4-19C,342
cactin,17
CG15456,166
CG11710,170
mal,50
CG1695,437
CG42578,2
CG32506,294
GstT3,192
RhoGAP19D,927
CG15461,3
CG1812,234
Tak1,319
CG42579,0
RunxB,19
CG42580,0
RunxA,19
Cyp6v1,96
CG1835,1
hydra,0
run,12
CG1324,0
CG15452,0
shakB,854
CG32507,7
CG15450,0
CG1314,2
I-3,0
CG11227,0
Npc1b,0
Ser6,0
CG1304,0
CG44426,0
CG11666,0
r-cup,1
CG1532,301
CG1529,96
Ntf-2,674
CG15449,90
Mgstl,712
Cbs,71
Stt3A,181
bves,635
CG32512,14
CG11566,0
stg1,90
CG15446,0
CG1503,1
unc,0
CG15445,168
CG34120,1700
CG45154,0
CG14579,0
CG1724,0
CG32521,1950
CG32523,241
CG1722,7
CG1494,0
CG1718,552
CG1801,0
Rpt6,482
CG33713,0
SLIRP1,1966
Dd,784
CG1486,343
tty,480
fliI,101
dod,120
peng,77
sol,2194
Sep1,515
waw,4920
bbx,0
slgA,2822
Hlc,333
mst,21
lcs,316
whe,550
DIP-beta,395
CG10918,1
Ir20a,0
Cyp6t1,17
GCS2alpha,624
CG17450,0
CG33502,0
CG32820,0
CG32857,0
CG32819,0
CG32500,0
DIP1,254
CG40813,0
CG41562,0
CG14621,105
CG14615,78
tilB,3
wap,557
Usp2,966
CG14613,239
CG14618,46
CG12576,2464
Cp110,520
l(1)G0196,276
CG17600,119
S6kII,541
CG17598,411
CG17599,12
CG17601,0
Cda4,200
CG12446,0
fog,784
CG42346,796
CG34334,1
CG41106,1
CG40486,559
CG40485,7767
stnA,6038
stnB,0
FucTC,0
Rab21,113
CG13865,644
zyd,835
CG12061,1
CG17167,116
CG17163,355
CG17168,138
CG17169,5
CG17159,2611
CG17162,0
su(f),31
ATbp,64
CG11023,1
l(2)gl,989
Ir21a,1
Cda5,992
dbr,90
galectin,311
CG11374,27
net,26
Zir,42
CG11377,179
Nhe1,134
Sam-S,6205
ND-15,748
CG13694,7
CG4822,1152
CG3164,1503
Gs1,2308
CG31975,5
ovm,0
CG31974,64
CG11454,152
CG42399,17
CG3709,16
CG3436,196
CG33635,59
spen,922
mRpL10,75
CG11617,43
Tbc1d15-17,215
kis,1291
CG13693,2
Rpp30,3
CG3645,12
CG17075,258
CG3345,3
mbm,21
CG11555,82
CG17078,50
smo,127
CG11601,245
CG3625,1601
Amnionless,2
CG11562,110
U2af38,125
Stip1,566
Pi3K21B,1180
Plc21C,543
CG11912,0
CG11911,0
CG33127,3
CG43755,1
CG31921,0
Ent1,174
al,0
CG4213,211
RpI135,12
AP-2alpha,2435
ebi,294
CG13690,1
RpLP1,7691
CG11885,84
CG13692,1
BBS8,6
ex,119
crq,1905
shv,1
CG4133,203
CG4297,147
MED15,44
ush,37
cbt,634
lwr,571
Spp,386
Ets21C,31
nAChRbeta3,98
rempA,11
Tspo,1148
CG11835,32
CG2794,29
Nle,21
Sf3b1,71
Ipk2,73
cold,742
Ptth,1
Pph13,158
Gsc,3
CG13689,33
lectin-21Cb,0
lectin-21Ca,0
CG2839,0
ds,124
Hsp60B,0
Eaat2,2211
GABA-B-R3,436
CG12506,7
CG13946,5
CG13947,51
Gr21a,0
CG3544,2
Pkg21D,43
Nnf1b,1
Dbp21E2,16
Saf6,46
Pex12,67
CG15880,0
PGAP2,77
Clp,28
CG3662,6691
CG3862,40
dock,673
drongo,679
CG4291,46
kraken,479
CG13949,5
CG13950,63
aru,459
dbe,37
PNUTS,524
CG15824,18
ninaA,537
Lsp1beta,183
GluRIIC,3
CG4341,640
IA-2,15857
CG4375,1
CG4415,0
S,211
ast,10
Atg4a,513
CG4629,471
mtRNApol,71
CG14339,0
CG14340,23
Pino,3384
CG4552,314
Iris,132
CG4577,1392
MFS3,31
l(2)10685,10
Tfb4,5
Vps29,140
capt,876
Tango14,60
CG5080,1064
IntS14,12
CG14341,89
Plap,93
CG31922,22
Charon,34
CG4887,119
CG4896,495
CG5126,66
Tgt,21
CG5001,173
CG5139,0
CG43348,0
CG43349,0
CG5011,0
CG14342,6
CG42329,55
CG5397,45
robo3,179
a5,234
CG5440,0
CG33923,0
CG33922,0
Cdlc2,0
CG5556,0
CG5561,0
CG31924,0
CG5565,0
CG31659,2
NLaz,1603
CG14346,0
robo2,79
CG43401,0
CG43402,93
CG31928,0
CG33128,0
CG31926,0
CG31661,0
CG18131,1
CG7420,51
CG18132,0
halo,0
Or22a,2
Or22b,1
haf,264
CG10869,1
CG31935,118
CG14352,29
RFeSP,3223
chinmo,877
cpb,379
CG17660,345
mRpL48,105
frtz,45
Rim2,1071
Eno,7796
Rrp40,19
CG31937,256
CG17652,56
CG17646,528
CG17712,86
CG17648,0
Gr22f,0
CG17650,2
Gr22e,0
Gr22d,0
Gr22c,0
Gr22b,0
Gr22a,0
CG31933,0
CG31664,8
c-cup,2
wry,1706
CG31663,116
CG7295,0
CG15358,0
Wdr62,782
CG15357,0
CG33673,0
erm,21
Der-1,598
CG15356,13
CG15362,34
CG7289,79
Got2,2078
Npc2a,1369
Obp22a,1
CG33543,413
CG15353,74
Nplp4,6
CG4238,773
CG42296,0
lectin-22C,0
Su(dx),1290
Kebab,1
Or22c,0
dpr3,45
CG12674,0
CG4259,240
GlyP,3856
tho2,95
CG11723,149
TBCD,38
AIF,120
CG15382,26
aop,195
CG10874,353
CG34172,378
CG31668,0
CG33124,0
CG15385,280
Uch,929
CG34174,1
CG10880,51
CG42371,789
CG15386,0
mio,39
papi,345
CG15387,29
sau,997
Sec24CD,472
Tengl3,0
Tengl2,0
Tengl1,0
CG4267,403
Ser12,0
CG17239,0
CG17234,0
Send1,0
CG4270,0
CG34049,0
CG17242,0
CG4271,0
CG31681,0
CG42658,0
CG17237,0
robl22E,0
CG31949,0
CG16995,0
CG9967,3
eys,1591
Rab5,2126
Axud1,419
CG3597,349
CG3609,206
CG15390,11
Atxn7,48
Eogt,43
PIG-Wa,5
CG3557,0
CG43750,0
VGlut,5574
CG18641,26
CG31948,0
CG34448,0
CG34447,0
CG9886,282
CG44139,0
dpp,321
Slh,205
oaf,1083
CG3528,0
CG3515,0
Cyp309a1,62
Cyp309a2,183
Rad1,0
Sws1,111
insv,10
Elba2,1
ND-B17.2,1205
Arpc5,202
Drp1,432
CG15394,72
CG15395,0
CG43403,0
CG9962,0
CG43851,0
CG33125,0
Prosbeta4R1,0
Or23a,1
Prosbeta4R2,0
CG9879,0
Gr23a,1
CG31690,69
CG15398,0
CG31689,514
Hrs,265
CG9961,4
Cwc25,11
Pgk,741
Bacc,4971
CG9960,0
Snapin,431
Tnpo-SR,96
CG3077,313
aph-1,150
Taf10b,153
Taf10,136
colt,284
CG2862,401
CG15399,0
Syt1,15050
daw,184
CG2964,1
G6P,18
Duox,163
CG3123,2
CG3119,20
Cpr23B,0
CG2975,3
CG18558,0
CG18557,4
CG3117,11
CG2983,2
CG3104,379
RpS21,2510
CG2991,1462
CG31694,1141
CG8813,0
CG8814,592
Prx6005,38
CG31950,15
betaggt-II,145
NTPase,1064
lilli,87
Rbp9,8551
Ts,9
Rrp1,18
gammaTub23C,114
CG9641,118
CG3165,67
CG9643,37
Chd1,393
Bem46,319
okr,46
CG3558,394
CG17265,83
CG17224,293
CG17264,26
alpha4GT1,256
CG3542,57
Sf3b2,81
CG17219,103
GABPI,235
CG17258,1
SerRS,205
CG17260,55
cnir,224
CG17221,30
CG17261,3
FASN2,2
FASN1,3960
toc,964
PpD6,0
CG15403,0
ND-B14.5B,1693
Mad,573
gkt,0
Hydr2,707
CG44002,4
CG31698,0
CG15404,0
CG34393,62
CG3347,0
CG3332,0
CG9664,187
CG9663,98
CG3277,15
CG15406,0
Fign,4
CG8837,41
CG33281,60
CG33282,0
CG3285,0
CG15408,0
E23,30
CG8838,0
CG34394,1260
CG15412,30
CG9662,66
Ptpa,60
Sfp23F,0
CG42460,0
CG34175,0
pgant2,886
CG8840,0
CG31952,0
CG2772,17
Snx1,572
CG12795,179
Cog3,43
Sec5,86
CG3246,204
msl-2,92
ND-PDSW,972
Pif1,10
CG31776,1
pgant4,4
Thor,856
CG15414,396
tim,2788
CG31954,10
LeuRS,84
CG17593,212
CG3213,0
CG8851,0
Sr-CIV,0
CG8852,23
Spindly,3
IFT57,6
drm,113
CG43815,0
sob,13
odd,18
Dot,144
CG15418,5
for,1437
Drgx,72
Sfp24Ba,0
Sfp24Bd,0
Sfp24Bb,0
Sfp24Bc,0
CG16704,980
CG3513,115
Acp24A4,18
CG43165,6
CG16713,282
IM33,2687
CG3604,72
CG10031,411
CG42464,0
CG42465,0
Sfp24C1,0
CG42467,0
CG43145,0
CG2816,43
CG31778,255
CG31777,103
cutlet,12
CG31955,104
CG2818,92
lectin-24A,4
Shaw,655
CG10019,83
CG43707,406
CG43703,1
bowl,221
CG31960,0
bark,65
Reph,745
CG3407,19
slp1,60
slp2,76
CG3964,0
Cep97,115
CG31957,36
capu,114
fred,276
CG31773,0
CG43797,0
CG34176,0
CG15422,0
CG15423,0
CG43773,0
CG43774,0
ed,1575
Sr-CIII,1
Sr-CI,70
CG2955,0
Or24a,0
TBCC,91
lectin-24Db,69
CG3714,663
ft,75
CG3702,287
RpL40,3480
CG15425,0
Art2,0
tutl,541
bdl,4130
Atet,1643
CG15429,0
Traf4,129
CG17612,9
Vps53,79
Psf2,29
Tps1,1557
CG3652,148
l(2)k05819,163
CG33003,0
Dim1,67
CG15431,675
CG43055,0
CG34177,3
CG34178,0
CG43056,0
Sfp24F,0
CG15432,94
morgue,129
Elp3,60
MFS18,159
CG15439,24
CG15440,45
ND-B8,3
Gs1l,867
RpL27A,6322
mRpL27,97
CG15435,31
CG15443,123
CG15436,16
FIG4,22
ine,60
dpy,1708
HP6,2
BG642163,0
CG15635,0
CG43798,0
CG3355,0
CG11929,0
Bsg25A,0
Elba3,0
CG3251,0
CG34351,1335
Taf12L,0
CG15631,2
CG15630,1396
CG42523,0
CG3294,33
Clect27,594
CG15629,115
CG3225,36
CG15628,700
Fnta,165
Ir25a,9
tank,186
CG12194,369
mxt,1226
CG11927,72
mRpS2,76
Mon1,140
smog,703
Cf2,281
CG3008,262
CG15625,1
CG3036,3624
CG2837,75
hoe1,2055
hoe2,172
Sgs1,0
CG14044,6
mRpL24,123
betaggt-I,324
jet,144
Jon25Biii,0
Jon25Bii,0
Jon25Bi,0
Marcal1,3
CG34124,0
CG34125,111
eIF3i,1326
Scox,106
CG3756,28
l(2)05714,44
CG14043,86
mRpL28,379
Gmd,64
CG3792,172
CG8891,79
CG8892,40
CG34126,654
Rtnl1,7177
CG31917,0
Tfb5,449
CG3887,682
vkg,950
Col4a1,1366
SP555,0
CG14042,309
CG31650,75
CG33995,2233
CG44001,0
CG44000,0
CG9121,186
eIF3h,974
senju,85
CG14036,0
His3.3A,1222
CG31918,14
Rpn11,850
qtc,1697
RpL37A,4262
pgant5,1182
CG5828,28
CG4230,1637
ND-13A,1755
Msp300,1151
Cyp28d2,41
Cyp28d1,339
CG7742,9
CG14034,14
TpnC25D,7191
tkv,400
Cyp4ac1,30
Cyp4ac2,9
Cyp4ac3,7
Bsg25D,467
Bub1,55
vri,1409
CG14024,244
Ncoa6,229
cype,2918
CG14022,108
TotM,125
fusl,292
CG12512,104
nompC,16
H15,7
mid,7
CG14020,5
CG7382,183
cl,629
Vps52,107
CG6907,78
Cap-D3,20
CG31648,58
CG31915,109
CG7277,122
tomb,0
CG14015,265
Hel25E,942
Lam,415
Oscillin,251
CG14014,0
CG18269,0
CG14013,0
CG14017,15
GluRIIA,44
GluRIIB,0
CG14011,0
CG7251,0
CG18266,0
DIP-eta,190
Cyp6a16,3
DIP-theta,76
Hsp60C,0
CG12511,0
CG7236,13
CG14007,1
CG34011,0
CG11149,0
sip1,15
CG11030,267
CG14006,0
CG11147,1098
CG11029,7
obst-E,345
CG9171,1118
CG31913,0
CG14005,70
CG7239,144
CG11034,34
CG43307,0
CG31644,0
TrissinR,59
rau,70
CG44574,0
Sfp26Ac,0
CG43185,1
CG9029,11
Acp26Ab,0
Acp26Aa,0
CG9021,0
bchs,783
CG14000,0
CG9016,19
dsf,2
Sfp26Ad,0
Gpdh,5620
CG9044,126
CG13999,126
CG13998,0
Vm26Ab,0
Vm26Ac,0
Vm26Aa,0
psd,0
CG13992,1
Ucp4C,0
Ucp4B,1
chic,2936
eIF4A,17729
ifc,537
lid,391
Tsp26A,870
Gal,137
CG9098,42
H2.0,3
CG13996,0
CG9107,50
CG9109,8
mtm,84
CG9117,12
CG31643,15
ade2,354
slmo,106
CG34179,2779
CG12393,49
CG9135,235
CG13995,69
CG34180,162
ND-51,1293
CG13994,62
Fbw5,40
CG9147,55
CG9150,22
Pfdn1,128
CG9154,29
Kr-h2,517
Kr-h1,0
CG45075,902
CG9175,51
stai,2544
CG31642,6
Arpc4,310
WDR79,15
tctn,0
B9d2,31
CG9222,0
CG13991,0
Muc26B,0
CG31639,0
CG13989,0
smal,448
Ugt37b1,0
Ddr,157
AANATL2,96
CG13983,0
CG43922,0
CG13984,2
PDZ-GEF,348
Pez,65
Cpr,1103
CG9497,410
CG9498,232
ppk7,1
ppk14,0
CG9500,0
CG9505,14
slam,0
DIP-epsilon,1226
CG9507,83
CG42370,22
CG42369,212
CG13982,130
Tig,449
Fic,87
CG9527,270
retm,2396
frj,684
Rchy1,93
CG9531,242
mmy,1040
CG9536,196
Sec61alpha,1304
Daxx,101
KFase,260
epsilonCOP,213
Phf5a,36
CG31638,544
CG9547,94
CG9550,1
CG31637,1696
eya,475
IFT52,2
COX5B,3443
CG9596,23
COX5BL,12
Ent2,122
CG13766,165
CG11319,3792
CG11050,2556
DIP-iota,0
CG34345,0
Oatp26F,3
CG31635,539
Tango1,283
CG31633,108
CG31636,26
CG11070,156
CG13771,0
CG34310,0
cup,286
Galt,175
Spn27A,476
cort,3
Nse1,4
Nhe3,1507
CG11327,3
Tsp,355
AkhR,199
Aatf,25
homer,3213
Liprin-alpha,1002
TTLL3B,3
TTLL3A,5
CG11221,297
CG31910,1
CG44271,0
CG11322,0
LUBEL,52
CG17378,738
nrv1,3153
nrv2,14631
CG17376,0
CG17377,0
CG11236,73
CG17375,0
sens-2,10
Rca1,16
l(2)k09022,25
Nha1,17
Nlg2,143
CG13773,19
Rat1,32
Wee1,226
x16,506
CG32829,1
nop5,178
Hrb27C,4639
CG43232,6
CG18304,61
Fgop2,85
ihog,19
Gas41,22
SA,47
CG13775,3
CG3430,5
Atac1,26
CG10399,23
sip2,0
Coprox,6
smt3,921
snRNP-U1-70K,393
uif,671
CG43321,1
CG43322,15
ade3,686
Pcp,27
CG31908,245
MME1,25
Rab30,344
Caper,2026
milt,2195
Mnn1,1788
CG31907,0
Sem1,1498
Nuf2,1
CG11289,1
Pvf2,66
Pvf3,1506
MICU1,210
CG4496,10
CG4497,125
CG4502,1012
CG13784,4763
mEFG1,74
Ndae1,468
CG43799,4
CG43800,3
CG13786,0
Wnt4,38
CG31909,0
wg,36
Wnt6,53
Wnt10,18
ninaC,19726
CG5149,205
gudu,2
CG5160,50
CG5171,107
CG5177,797
CG5181,142
CG15818,1
chm,66
muc,2955
CG5958,722
CG5973,497
santa-maria,605
Gr28a,0
Gr28b,5
CG6055,216
Ziz,423
CG6441,0
Obp28a,665
RapGAP1,654
Spn28B,0
Cyp4d21,68
CG6739,262
Slob,568
Myo28B1,45
CG18585,0
CG7025,0
CG43235,0
Tep2,133
Tep3,292
Ntl,1
CG33296,55
CG13793,20
CG13794,103
CG13795,132
CG13796,875
CG31904,0
Acp1,528
CG7214,875
ATPsynGL,2
CG7203,11513
CG46025,33
CG7191,59
CG7179,0
Uro,0
CG7164,0
CG7154,39
CG7149,607
LKRSDH,410
Herp,483
r2d2,135
cdc14,498
LanB1,325
CG7115,430
Rack1,11175
mts,1624
CG14537,0
CG14535,66
lectin-28C,108
TwdlE,37
Proc,732
spz3,139
CG7102,7
SmE,106
CG34132,345
Spn28Da,1
Spn28Db,0
Snoo,514
CG7231,92
pes,781
CG7227,22
Sirup,2020
Wwox,45
Spn28Dc,143
CG12560,131
CG34010,5
Tg,27
CG7367,11
baf,553
Cka,2248
CCDC53,37
RpL36A,3406
CG7466,358
poe,167
MED20,28
Trf,28
Mcr,409
Bsg,1820
mon2,321
CG8673,1
CG12375,53
CG8668,220
PAPLA1,397
CG42762,3
CG42763,12
CG43394,406
CG31606,0
Rbsn-5,27
CG8498,462
Piezo,388
CG34134,133
CG8475,3567
CG8460,23
PGAP5,207
SLC5A11,398
CG8419,22
Su(var)205,389
Ssb-c31a,187
CG8372,97
CG8360,325
CG8353,54
CG8349,0
CG8292,3
Snx6,571
Pvr,312
Spn28F,0
CG14277,1266
CG43057,3
CG8086,189
Btk29A,927
wol,193
Scgalpha,205
CG7840,59
Ostgamma,194
Mettl14,30
CG7810,46
CG7806,25
mtsh,5
strat,207
CG7781,3381
CG14275,1023
CG14274,637
CG14273,0
CG7778,454
Mur29B,1
CG7627,83
RpS13,2187
CSN8,58
Pp2A-29B,1321
CG17292,142
Wdr82,51
CG13390,24
CG17294,69
AlaRS,195
CG13392,26
Rcd4,6
Dad1,99
CG13384,1155
CG42819,0
CG42820,0
Acp29AB,0
lectin-29Ca,0
Peritrophin-15b,1
Peritrophin-15a,0
CG13385,0
CG13386,6
CG31898,6
fy,16
emb,438
CG13397,60
CG13398,398
Akap200,228
grk,35
D12,8
Chrac-14,38
mus201,5
CG31897,1
U26,193
fu12,445
prg,52
d,39
CheA29a,1
CG43796,0
CG13088,18
CG43400,0
Dh31,559
Bace,0
CG13096,35
CG13097,53
PIG-U,118
mRpL51,69
Uba4,30
CG13091,0
Acer,436
lmgA,173
lmgB,0
CG17834,138
Sema1a,676
Glt,109
CG9287,1
CG9289,0
PrBP,708
Trs23,28
Hnf4,214
CG9314,1
raw,250
CG45307,0
CG12438,0
LManIII,0
LManIV,0
LManV,0
LManVI,0
CG42710,0
SoxN,406
CG32986,0
CG32987,0
CG32988,0
CG32983,0
CG9483,0
CG42713,0
CG34398,397
Tsp29Fa,22
Tsp29Fb,135
CG9510,325
CG9515,108
C1GalTA,358
CG31886,104
CG9525,0
CG32985,0
CG32984,0
CG18088,0
CG9541,36
CG13101,82
CG18662,0
rost,533
CG9555,3
alien,150
CG17906,0
CG18661,80
Try29F,14
CG9568,0
CG13102,1
Rcd-1r,0
CG9582,0
DIP-zeta,293
CG12439,0
Toll-4,0
CG31609,0
Or30a,0
CG32982,381
CG13108,103
CG9586,174
tai,933
aust,0
borr,1
lectin-30A,0
Ggamma30A,50939
CG17005,25
Cks30A,8
Eaat1,11249
CG3748,0
CG43350,0
CG13110,0
CG34181,0
Shawl,259
Aldh,6665
CG4438,3
Mco1,120
Fbp2,136
CG42847,1
FucTB,19
scat,26
CG3769,6
RpS28-like,0
numb,958
CG33723,0
Gdi,3224
CG33298,410
Oatp30B,1439
CG31883,1
CG17855,22
Cpr30B,10
CG13113,0
CG13114,0
jp,1932
CG3838,381
Mtpalpha,802
CG31709,0
gcm,1
CG3841,0
CG4382,0
gcm2,1
Trx-2,3922
GlcAT-S,691
CG31882,1
Apoltp,275
CG33299,0
Pka-C1,2086
hoip,166
pelo,348
CG31710,169
CG4364,359
Nckx30C,2737
CG13116,337
CG13117,2094
Cyp4e3,191
zf30C,150
Taf11,25
und,508
ppk18,0
CG4017,21
CG17633,0
ppk11,8
ppk16,0
IP3K1,154
CG4036,34
CG13123,5
nAChRalpha6,471
FKBP59,279
CG34183,37
CG4537,37
mtDNA-helicase,5
Bka,63
RpS2,1311
Muc30E,0
CG13124,854
Etl1,165
Srp54,198
yip2,807
CG5885,719
CG4598,170
CG4594,29
CG4592,40
TbCMF46,0
CG42366,11
CG42367,35
Cpr30F,3
CG31712,679
Apf,67
CG4619,91
CG5853,333
CG13126,38
CG4709,0
CG5846,32
CG4658,553
CG5850,545
Dref,219
RpL13,2932
bib,49
CG31875,14
SoYb,3
CG4747,1031
Trp1,1854
CG13131,0
CG13127,0
obst-B,128
CG33301,9
Cpr31A,0
Pen,6
Spn31A,28
CG44153,73
CG13133,314
CG34109,0
CG13135,3
CG4839,27
CG13137,0
Sur,6
CG31874,0
Ripalpha,145
RpL7,5809
CG34159,840
CG5734,855
CG5731,44
CG5727,46
CG4901,24
Npc1a,197
Prosalpha6,959
CG4908,3
CG5708,239
CG5694,63
eEF1delta,493
mthl15,23
me31B,323
chico,113
bsk,688
CG31717,310
Ror,8
CG5676,819
Pten,209
Rsf1,1301
REPTOR-BP,531
Mob3,82
CG4953,94
CG4957,16
Mulk,34
trk,1
Utx,72
CG34043,0
Ufd4,58
Hand,2
CYLD,160
CG13138,0
nmd,248
CG5390,374
CG4968,115
Cdk5alpha,411
l(2)SH0834,193
Usp14,233
CG4972,117
CG5381,46
CG4995,3
RnrL,12
Schip1,89
CG5037,134
GATAd,187
SamDC,149
CG31715,257
Sps2,185
CG5022,29
CG34367,57
CG5367,0
CG5045,331
Cand1,71
pim,0
lft,389
CG5056,88
rho-5,50
CG33303,532
dpr19,518
gny,76
CG5096,1
Cdk1,0
mRpS7,131
da,602
Mdh1,1954
Cnot4,409
LSm-4,576
CG17768,0
Ir31a,4
Ip259,662
RpS27A,5080
CG5355,265
Klp31E,144
RfC3,5
pie,0
CG5168,374
SmB,58
KdelR,1131
CG5188,27
Bug22,161
TfIIB,147
TBC1D16,169
holn1,53
STUB1,171
Nse4,8
loh,21
ppk10,0
LManI,21
LManII,100
RluA-1,2441
RluA-2,164
Grip75,28
CG7456,227
CG6144,447
CG13144,16
Myo31DF,248
CG6094,62
CG7384,70
Fatp,2290
Lrr47,25
Lip4,411
CG18301,0
CG18302,101
Trim9,334
CG6138,1
w-cup,0
CG34160,0
CG34161,0
CG7329,0
CG31872,0
CG18284,0
CG17097,0
CG17098,0
CG45690,0
CG31871,10
CG17104,92
CG17105,0
CG17107,239
CG7299,345
CG7296,468
CG7294,4
CG17108,127
CG7300,286
Lip1,0
Lip2,18
CG6415,153
CG6431,1
CG6443,111
CG17118,0
EMC3,196
Dpy-30L1,9
Nup107,12
Vha16-5,0
CG12299,217
CG6729,34
CG17124,1922
CG6495,129
Ubc2,638
CG6724,28
CG17127,7
CG31869,435
CG31870,0
Nos,657
CG6508,0
CG17134,0
CG6700,676
CG17140,0
CG17139,4
Porin2,3
porin,12016
SmydA-3,18
Dnz1,251
aurB,0
Stam,236
CG12517,0
CG14071,0
CG14070,0
CG7309,0
CG14069,0
dpr2,179
CG14072,0
CG33129,1273
YL-1,43
CG16743,85
abo,9
ATPsynG,4987
SCAR,788
piwi,0
CG12253,13
CG16833,350
aub,0
lectin-33A,0
RpL9,3235
Nup154,37
Art8,24
dUTPase,64
Samuel,165
Acp32CD,0
CG14913,0
CG18666,0
CG14915,0
CG43725,0
AstC,241
AstCC,31
CG16854,76
Wdr59,64
Ge-1,86
Reps,494
l(2)gd1,207
CG6201,21
Gr32a,8
CG6230,105
CG14921,1
Csl4,53
Nup160,0
RfC38,21
CG4751,92
hgo,156
Gyc32E,9
CG31867,1
CG6287,1369
Ca-beta,426
Vm32E,1
CG4788,36
ab,276
cmet,0
cana,99
CG33695,56
Ppt2,300
mre11,27
Osi21,0
CG14926,0
salr,36
salm,32
sala,0
CG43355,3
CG6488,39
spz4,5
Dlg5,885
CG4970,0
CG14929,0
CG14930,0
CG43153,0
CG31705,1046
CG31706,396
CG34162,0
CG43438,0
kek2,419
Mst33A,0
Acp33A,0
spag4,0
CG6614,0
CG12307,0
CG4983,0
CG43167,0
CG44477,0
CG4988,0
Vha100-5,0
CG42470,0
CG42471,0
Sfp33A1,0
CG14931,0
CG14932,0
Tsp33B,0
CG14937,14
crol,1993
CycY,472
Pde1c,1904
esc,14
CG45011,0
CG45012,1
Sfp33A4,0
Sfp33A2,0
Sfp33A3,1
CG31704,209
CG44008,167
CG14933,2340
CG42486,4
Mal-B1,18
Mal-B2,497
CG42751,24
Or33a,0
Or33b,0
Or33c,3
Crys,4429
CG16964,0
CG16965,8
CG6686,1879
CG34163,82
zuc,1
dgt2,39
escl,1
Ada1-2,6
CG18789,11
Qtzl,25
Ada1-1,5
CG18787,18
CG12264,176
CG6746,402
Rh5,862
CG6734,63
dmGlut,199
CG18788,0
Tom70,76
CG6766,128
CG6785,0
CG6770,8263
Plzf,55
CG14945,812
JhI-21,180
RpL7-like,251
CG34164,0
Rab3-GAP,188
firl,65
CG14947,5
prd,0
Pex19,672
CG6712,21
Mt2,2
Ced-12,108
Patsas,236
ThrRS,352
Rab6,977
Phae1,0
Phae2,0
CG17211,28
rho-6,11
Gr33a,4
CG31760,784
CG31861,1
ZnT33D,23
CG17217,0
CG6583,292
crok,337
bru1,1289
atilla,680
CG31759,21
CG31862,11
CG43813,8
bru2,383
CG17010,0
Pkd2,2
vir-1,3482
CG6405,4
CG5446,124
CG6388,32
CG5435,4
SC35,495
eRF3,1181
Oatp33Ea,26
CG5421,2
Oatp33Eb,0
CG5418,0
bun,4935
t-cup,1
nub,23
Ref2,0
pdm2,3
CG15485,0
CCT4,333
CG6153,67
CG5780,15
PICK1,56
CG5781,0
CG17036,8
CG5776,58
spict,370
CG15484,0
CG6180,659
CG5787,73
Pih1D1,122
MRP,862
CG15483,0
kek1,688
ACXC,10
ACXB,0
ACXA,0
ACXE,0
CG16800,0
Vha68-2,1285
Vha68-3,0
CG12404,224
Vha68-1,4534
Tor,101
CG9934,601
A16,47
CG9932,2490
CG5142,4
CG43050,0
CG5122,1
CG9928,839
CG16978,1685
Pk34A,0
kmg,0
DnaJ-H,1112
Sirt1,218
Sfmbt,281
CG43925,0
CG5439,74
CG5287,213
CG31849,49
CG5458,2
CG16974,1016
Edem2,595
CG16972,34
Pect,3709
CG15482,1
kek4,89
CG9426,453
mRF1,27
Ski6,15
CG16812,85
CG15480,0
CG16813,0
CG16815,0
Prosalpha6T,0
Mabi,12
CG5867,5971
CG5945,1750
CG16820,97
l(2)k05911,2
Naa20B,0
CG31730,0
CG44085,881
CG31848,1
Drep4,516
Uvrag,163
CG31729,416
CG16824,10
CG43778,2148
CG16825,0
CG43779,20
CG16826,663
CG9395,458
CG9377,3
Nnp-1,122
CG6523,334
Tap42,33
CG31855,446
ND-B22,1514
Bdp1,0
CG6565,233
CG9302,39
beta'COP,343
loqs,1711
Ing5,71
CG7099,11
RpL24,5840
CG16957,0
CG10859,0
CG7110,45
Vm34Ca,0
CG16848,0
CG16956,0
CG42784,0
CG43850,76
Tehao,21
CG9267,63
Hsp60D,0
CG42809,3
CG42810,5
CG46308,501
B4,4326
CG33640,1
CG33641,1
CG33642,0
CG33643,0
CG33644,0
CG33645,0
CG15638,0
CG16852,0
CG9263,0
CG16853,0
kuz,840
CG9254,0
ics,311
CG18507,363
CG31814,285
CG7311,0
CG9014,0
CG31813,0
TM9SF4,565
CG43376,0
CG9008,577
p38b,708
CG16890,97
CG31731,327
CG16863,9
Sec71,186
CAH1,1728
Adat1,141
CG16865,72
CG16888,0
Sos,119
b,782
tam,19
Arpc1,155
Orc5,11
DNApol-gamma35,0
GatC,758
RpII33,18
mRpS23,45
CenG1A,729
CG33307,27
CG33306,0
CG8997,1
CG7916,2
CG7953,4
CG7968,0
Smg5,1434
Ance,67
Ance-2,19
Acyp,0
Ance-3,277
CG16886,117
CG42711,239
CG16885,1900
CG16884,1294
NimA,15
NimB1,29
NimB2,496
NimB3,25
NimB4,55
NimB5,231
He,2
NimC1,221
Cyp28a5,444
NimC2,94
rk,19
CG42692,0
bgm,325
NimC3,6
hll,186
CG18095,1
nAChRalpha5,1055
NimC4,408
CG46301,128
CG15293,733
CG31769,328
CG43332,0
CG43333,3
Dyrk2,1456
wb,68
CG32971,0
ms(2)34Fe,1
CG33090,369
CG15286,1
Send2,0
mTTF,83
l(2)34Fc,1148
CG43052,0
l(2)34Fd,13
Rab14,507
Pgant35A,64
spel1,88
ppk,13
elB,171
Pburs,5
Cpr35B,0
CG15283,0
noc,1091
CG33648,0
CG4218,0
CG3473,0
CG42680,1
osp,514
Adhr,0
Adh,63615
CG15282,184
CG34165,233
CG42685,0
CG31835,0
CG31775,0
CG42585,0
CG42586,0
CG34166,433
CG42681,1
CG42587,2
CG4691,0
CSN1a,0
CG4701,0
CG4650,177
CG18636,1
CG18420,0
CG33308,0
CG33309,0
CG42682,0
CG15279,148
CG4480,0
CG15278,0
ProtA,0
ProtB,0
CG42313,285
CG3491,0
mol,805
DCTN5-p25,142
l(2)35Be,22
NC2beta,44
THG,30
l(2)35Bd,108
GABA-B-R1,799
CG33310,2
CG31832,0
yellow-c,1010
CIAPIN1,769
Su(H),132
ck,72
CG33679,8
TfIIS,145
solo,0
vas,1
vig,2233
CG15270,310
CG15269,0
stc,295
CG4168,288
Sfp35C,0
CG43230,2
ZnT35C,3
dao,260
Pol32,29
l(2)35Cc,59
yuri,117
Cul3,470
UK114,930
CG15263,0
CG15260,0
ms(2)35Ci,0
CG15262,0
nht,0
esg,15
CG15258,0
CG44869,0
wor,0
CG4161,0
sna,0
Tim17b2,0
lace,573
Skadu,0
CG15256,0
kek3,329
CG15255,0
Semp1,0
CG15254,0
CG15253,0
CG11865,0
Or35a,4
CG7631,0
CG18480,0
CG4587,1585
CG44141,0
CG18477,0
CG18478,0
CG43923,0
CG44140,1
CG31780,0
CG31827,0
CG43924,0
CycE,17
ND-B17,1273
Mtr4,59
Gli,205
CG3793,507
wek,110
Ku80,11
CG31826,23
CG43760,0
CG18109,0
CG42876,29
CG18518,0
CG13243,0
Tektin-A,0
CG42792,5
CG7653,0
CG44475,0
Tep1,0
CG31735,0
CG31823,0
CG31821,1
beat-Ib,404
CG13244,1
CG4793,0
CG12448,0
CG18063,1
CG10839,0
beat-Ic,633
CG34167,0
CG13245,0
CG43816,5
CG31820,0
BicC,0
CG45084,0
beat-Ia,212
CG4891,0
CG4892,0
CG34168,0
Ca-alpha1D,574
CG31819,0
CG42817,581
CG42818,0
CG46309,6255
PRL-1,0
EndoGI,234
twe,6
CG4935,15
crp,633
pkaap,212
CG17329,3
CG13258,2
Cyp303a1,4
heix,301
CG17328,11
GMF,293
c(2)M,0
CG5861,186
Syx5,278
cni,651
fzy,0
cact,2786
CG4278,31
mRpL4,107
CG4440,1
CG31817,0
CG42266,1
CG44405,0
chif,155
CG42231,0
CG4455,248
CaBP1,310
jhamt,16
CG5888,258
Idgf1,79
Idgf2,280
Idgf3,70
dac,220
CG4580,2
Tpr2,2217
CG5953,1659
CG31816,0
CG42389,779
CG5968,0
CG31815,8
CG4631,18
Trpgamma,15
her,103
squ,12
grp,202
CG31807,0
CG33552,2
CG31808,11027
Cyt-c-d,11
Cyt-c-p,10873
VhaSFD,1687
CG31812,44
CG17996,137
Prosbeta4,244
CG17904,74
glu,22
ChLD3,0
LSm7,84
BuGZ,515
yellow-b,174
ppk17,0
Mhc,19045
Cyt-b5-r,1733
CG17928,117
Ugt36Ba,0
Ugt36Bb,0
Ugt36Bc,122
CG13280,3
CG13272,0
mdy,300
Cse1,52
AspRS-m,124
CG13282,5
CG13283,8
SclB,0
SclA,29
CG13284,244
CG31810,3
CG31809,34
CG6012,1
CG32832,0
CG31743,0
CG34313,1763
CG6115,628
tweek,190
CG42556,10
CG31805,1
CG12288,19
ApepP,54
beat-IIIb,881
CG44406,0
CG31806,3
CG6304,0
CG15136,0
CG12620,0
CG31784,0
beat-IIIa,381
CG34106,0
CG34169,4
Gr36a,0
Gr36b,0
Gr36c,0
CG31750,0
beat-IIIc,856
CG15140,0
CG6380,0
CG34170,0
CG45691,0
CG31804,0
Lrch,492
CLIP-190,1881
Rpb11,37
CG15141,65
CG31803,0
Dif,638
CG5043,0
CG33928,0
dl,432
CG5050,2
SPH93,8
CG18563,0
BicD,859
Sgt,427
Aac11,442
fws,67
CG5110,326
GCS2beta,293
CG5131,26
CG43645,0
CG43221,13
CG43220,9
qua,9
CG15142,0
mEFTs,227
Dhc36C,3
CG15143,0
CG15144,0
CG15145,0
CG7094,0
Oli,112
CG6870,955
Sytalpha,787
CG15147,0
CG43054,0
CadN,1003
CG43231,1
CadN2,292
CG42830,1
CG43271,0
btv,4
CG5674,62
CG5681,0
Prosbeta5R2,0
CG5693,0
CG42659,0
CG42634,8
CG42635,0
CG31740,5
elfless,4
rdo,279
Arr1,23721
ninaD,190
CG31741,0
CG15153,0
CG5755,0
CG44476,0
CG15152,1
CG5758,1644
CG31785,0
kel,1118
Socs36E,1033
CG17681,9
CG15155,9
CG5783,68
CG7200,43
CG42750,360
Ptp36E,246
CG31802,5
CG31788,2
CG31787,2
CG43362,0
Sfp36F,0
CG5790,0
CG43354,0
Fas3,980
Acp36DE,0
CG34171,43
RpS26,7364
ncm,31
bsf,118
Ntf-2r,0
CG10283,67
grnd,399
kon,121
CG10178,146
CG10211,111
Pde11,1525
CG15160,101
amos,0
CG10413,1069
CG31789,0
CG10333,53
Atac2,8
CG15161,3
MESR3,483
Cyp310a1,0
CG43338,0
CG43339,0
Mst36Fb,0
Mst36Fa,1
CG31751,606
tos,3
msl-1,289
CG10336,9
CG10383,311
CG10338,365
CG10341,30
CG10376,276
CG10343,100
Jwa,758
Faf2,674
Grip71,6
Irk3,25
CG10348,58
CG42752,0
CG15167,0
ham,42
CG43814,0
CG10570,0
CG42502,20624
CG17325,0
CG42305,2094
CG17324,5
CG17323,248
CG17322,21
CG17597,71
ScpX,377
CG10600,122
CG31752,5
CG33120,41
CG17321,242
CG10602,194
mRpL13,91
tup,137
ssp3,102
CG46304,2
CG10428,49
Nedd8,522
CG10621,762
CG10623,331
Nak,667
Tango6,8
L2HGDH,247
CG10431,18
Swip-1,1710
CG15168,132
CG15170,0
CG15169,4
CG10650,16
CG31792,0
CG31793,163
RpL30,3804
robl37BC,0
CG15172,0
Sidpn,75
hook,200
CG31800,65
mib2,301
Catsup,261
Ttc19,99
Acn,376
CG10470,59
l(2)37Bb,28
Rpn3,703
CG10492,190
Phlpp,1
CG10495,13
CG10702,68
CG17343,11
CG17572,69
CG10700,0
Lim3,107
CG17344,0
CG43731,0
amd,87
CG10561,218
Ddc,886
l(2)37Cc,774
l(2)37Cb,11
l(2)37Cd,34
AsnRS,282
DCTN6-p27,55
l(2)37Cg,5
brat,1285
CG17568,53
CG42688,0
CG46059,0
gammaTub37C,0
pigeon,157
drl,143
CG31797,0
CG17564,0
CG10750,0
dnt,53
CG13086,35
CG17349,0
CG17350,42
fon,1616
CG17549,876
CG17544,168
CG31798,0
Pax,241
Lectin-galC1,2
lectin-37Da,0
lectin-37Db,3
CG16771,75
CG13085,4
RtcB,11
Rab9,483
CG10237,1267
RanGAP,31
Hs2st,229
Top2,130
CG10026,38
tj,13
CG10195,90
CG13084,0
CG13083,0
CG10194,36
CG18094,3
CG10189,25
swm,324
Top3alpha,4
CG10188,329
Hasp,3372
CG10132,105
CG10166,64
CG10137,10
CG10165,100
CG33116,143
CG31697,2
CG13082,165
CG13081,0
ref(2)P,696
CG10337,124
Tep4,425
Tep5,0
CG13078,0
CG13077,329
spi,582
msb1l,0
CG10268,66
Hakai,161
PCNA2,65
CG10366,24
Lar,158
CG46244,3510
scw,0
CG10462,276
Nf-YB,95
CG10631,179
CG10628,25
CG10463,18
fbp,355
bsh,52
CdGAPr,398
CG10466,39
fs(2)ltoPP43,221
sick,114
CG13962,1
CG10481,0
TotF,0
Victoria,0
COX4,3614
CG34051,0
CG42866,6
CG13965,29
CG16772,126
CG10680,1265
OS9,275
Hf,295
CG43861,251
CG10659,0
sNPF,1115
barr,28
lok,32
vls,23
bwa,998
CG10730,1
pr,2160
neb,2
fok,2677
CG10747,242
CG10721,64
Taf13,167
nesd,0
mRpS18B,37
Kua,61
CG13970,0
CG10651,0
CG17571,0
CG17570,0
CG12617,0
spir,2352
La,427
RtGEF,520
Ugt37a1,1
CG16798,6
CG10947,358
CG10949,53
Arpc2,396
CG15130,7
CG31688,321
CG31683,0
CG31687,90
CG18858,0
Cdc23,22
CG2493,244
CG43233,1
CG34007,2
CG44270,0
CG31677,0
CG15475,4
CG17472,0
CG31680,0
Sfp38D,0
CG17470,2
phr6-4,6
CG2608,331
CG18810,0
CG2611,91
brun,116
CG2614,29
CG31678,203
IKKepsilon,36
Cen,112
CG2617,11
Hr38,166
CG9316,1
CarT,156
TM9SF2,1143
Fs(2)Ket,2744
CG9319,83
Ns4,77
Rhau,31
dia,543
cad,0
Pomp,1180
vari,1007
CG9328,1494
CG33322,0
CheB38b,0
CheB38a,0
CheB38c,0
CG9331,210
CG31673,176
CG31674,35
Oseg5,1
Spn38F,0
CG31676,810
CG14402,0
twit,183
CG14400,147
CG9336,1578
CG9338,348
CG31675,44
CG14401,258
sky,0
CG43739,3390
Mtp,133
RPA2,24
CG9272,12
CG9270,0
CG42238,348
Itgbn,18
CG9265,164
tadr,315
CG33511,0
CG33510,1
CG33509,5
ppk13,0
CG9259,0
CG14397,8
l(2)05287,36
CG34136,473
CG9257,280
CG46307,3600
Nhe2,1264
Dap160,1510
CG9253,12
del,1
E2f2,73
Mpp6,70
CG9249,49
CG9248,184
Nbr,238
CG9246,23
CG43345,772
CG43346,0
Acon,1667
CG31627,2
bur,789
Mcm10,6
Ret,26
CG31624,0
CG31988,1
clumsy,123
Atg18b,529
CG8679,40
CG8677,36
CG31626,0
Hr39,452
l(2)k14505,92
CG8671,565
Mondo,223
Gr39a,0
crc,0
CG46314,17585
dimm,11
Tsp39D,842
dtr,0
Gr39b,0
CG8665,166
nrv3,31012
His1:CG33801,0
His2B:CG33910,0
His4:CG33909,0
His3:CG33803,0
His1:CG31617,0
His2B:CG17949,0
His2A:CG31618,0
His4:CG31611,0
His3:CG31613,0
His1:CG33804,1
His2B:CG33908,5
His4:CG33907,0
His3:CG33806,0
His1:CG33807,0
His2B:CG33906,0
His2A:CG33808,0
His4:CG33905,0
His3:CG33809,0
His1:CG33810,0
His2B:CG33904,0
His4:CG33903,0
His3:CG33812,0
His1:CG33813,0
His2B:CG33902,0
His2A:CG33814,0
His4:CG33901,0
His3:CG33815,0
His1:CG33816,0
His2B:CG33900,0
His2A:CG33817,0
His4:CG33899,0
His3:CG33818,0
His1:CG33819,0
His2B:CG33898,0
His2A:CG33820,0
His4:CG33897,0
His3:CG33821,0
His1:CG33822,0
His2B:CG33896,0
His2A:CG33823,0
His4:CG33895,0
His3:CG33824,0
His1:CG33825,0
His2B:CG33894,0
His2A:CG33826,0
His4:CG33893,0
His3:CG33827,0
His1:CG33828,0
His2B:CG33892,0
His2A:CG33829,0
His4:CG33891,0
His3:CG33830,0
His1:CG33831,0
His2B:CG33890,0
His2A:CG33832,0
His4:CG33889,0
His3:CG33833,0
His1:CG33834,0
His2B:CG33888,0
His2A:CG33835,0
His4:CG33887,0
His3:CG33836,0
His1:CG33837,0
His2B:CG33886,0
His2A:CG33838,0
His4:CG33885,0
His3:CG33839,0
His1:CG33840,0
His2B:CG33884,0
His2A:CG33841,0
His4:CG33883,0
His3:CG33842,0
His1:CG33843,0
His2B:CG33882,0
His2A:CG33844,0
His4:CG33881,0
His3:CG33845,0
His1:CG33846,0
His2B:CG33880,0
His2A:CG33847,0
His4:CG33879,0
His3:CG33848,0
His1:CG33849,0
His2B:CG33878,0
His2A:CG33850,0
His4:CG33877,0
His3:CG33851,0
His1:CG33852,0
His2B:CG33876,0
His2A:CG33853,0
His4:CG33875,0
His3:CG33854,0
His1:CG33855,0
His2B:CG33874,0
His2A:CG33856,0
His4:CG33873,0
His3:CG33857,0
His1:CG33858,0
His2B:CG33872,0
His2A:CG33859,0
His4:CG33871,0
His3:CG33860,0
His1:CG33861,0
His2B:CG33870,0
His2A:CG33862,0
His4:CG33869,0
His3:CG33863,0
His1:CG33864,0
His2B:CG33868,109
His2A:CG33865,0
His3:CG33866,0
Lamp1,5133
nompB,1
CG2201,1450
Df31,1848
Ac3,1580
Cul2,703
CG2225,543
eEF2,6138
nolo,1019
step,1052
CG1416,484
CG31612,4
CG11630,0
tsh,47
CG11629,0
CG1421,0
CG1428,0
CG31600,0
CG11634,0
CG2528,1
CG31693,0
tio,23
CG41434,0
CG31601,0
CG34173,0
CG42597,0
CG31702,0
ttm3,0
CG31703,0
CG15219,0
CG10834,0
CG6675,157
CG3651,237
CycK,331
CG42748,2936
dunk,4
Clamp,656
CG3635,21
Ir40a,5
CG3262,559
RpL21,6938
Tif-IA,67
CG17018,0
RpL5,6652
CG17490,43
CG17493,857
Slmap,278
CG40006,210
CG40439,0
CG17715,727
lt,347
cta,664
Cht10,4
Spf45,76
CG12567,1672
Gpb5,42
Tim23,557
Pp1-Y1,0
kl-5,0
PRY,0
kl-3,0
kl-2,0
ARY,0
Ppr-Y,0
WDY,0
CG46191,0
CG46192,0
CG46193,0
Mst77Y-4,0
CG45764,0
CG45765,0
CG45766,0
Mst77Y-7,0
Mst77Y-9,0
CG45770,0
Mst77Y-13,0
Pp1-Y2,0
ORY,0
CCY,0
JYalpha,1
PlexB,56
ci,1031
RpS3A,2538
pan,3585
Ank,2070
CG32000,649
CG32006,19
CG31997,924
CG33978,296
Arl4,1853
CG2316,516
CG31998,231
Crk,2363
CG31999,88
yellow-h,123
CG1674,303
dpr7,623
RhoGAP102A,104
NfI,799
Syt7,3110
Rad23,685
Zip102B,1641
CG32850,624
PMCA,3772
Hcf,333
dati,25
lgs,197
CaMKI,2394
bip2,191
CG33941,70
Asator,4091
zfh2,867
Thd1,1003
Pur-alpha,4844
ND-49,806
Ephrin,1875
CG1909,768
onecut,2357
Eph,959
mav,50
Gat,6887
Ekar,1485
gw,1340
Slip1,472
CG11360,658
myo,856
ey,24
bt,1168
MED26,182
Sox102F,321
fd102C,4
Gyf,369
unc-13,1901
eIF4G1,551
mGluR,1570
4E-T,139
fuss,8
toy,731
PlexA,665
CG11077,130
CG11076,731
ATPsynbeta,10292
CaMKII,6303
Zyx,169
apolpp,2910
Actbeta,159
sv,163
Cals,2617
Arf102F,385
CG11155,2759
CG32017,3297
Kif3C,226
pho,347
CG33521,238
PIP4K,414
Mitf,396
Dyrk3,800
Cadps,270
mt:ND2,0
mt:CoI,0
mt:CoII,0
mt:ATPase8,0
mt:ATPase6,0
mt:CoIII,0
mt:ND3,0
mt:ND5,0
mt:ND4,0
mt:ND4L,0
mt:ND6,0
mt:Cyt-b,0
mt:ND1,0
