Geneid,"RNA STAR on dataset 4, 5, and others: mapped.bam"
Myo81F,10
Pzl,0
Parp,113
Alg-2,311
Tim17b,298
CG41128,761
CG41099,389
CG42402,402
Gfat1,1766
CG40198,135
CG12581,1342
Dsk,71
beta-Man,435
CG14636,39
aux,100
CG31516,0
DhpD,35
CG14641,100
abs,8
Gel,2198
CG14642,0
CG34305,26
TwdlF,0
TwdlG,19
CG14644,2
TwdlV,1
CG1092,5
CG9766,15
cpx,8506
CG9780,850
Vps24,377
MP1,139
Suv3,73
Syt14,250
CG9795,576
CG9776,71
Skp2,13
CG14645,0
CG1103,105
hkb,0
CG1090,1153
Sfxn1-3,674
Cont,341
tub,199
CG14646,38
CG34112,28
CG9855,229
CG9853,142
CG14647,40
lost,894
CG32944,239
CG31528,0
srl,75
CG31525,0
eIF3a,458
CG1074,45
CG9804,52
CG14650,79
CG31522,1249
CG31523,581
CG14651,0
Fip1,30
CG34357,160
CG34425,0
Mur82C,0
CG32945,0
5-HT2A,912
CG9775,2641
slx1,0
MED31,103
Dlip2,16
rpk,0
Karybeta3,756
spartin,45
CG43427,1352
eIF3f1,665
Nep2,438
tacc,1852
atms,182
CG44098,138
CG44088,0
CG14655,10
CG17387,0
ctrip,496
Hus1-like,14
CG1129,308
CG1126,0
CG14657,41
CG14658,0
CG14659,0
opa,20
laf,0
Gnf1,27
Cdep,1608
Ubc6,435
CG14661,1354
CG2016,942
CG1124,740
CG14662,0
plh,48
corto,214
CG43131,4
CG12007,49
CG12589,0
dpr16,144
CG12590,1
cno,279
Prosbeta2R2,3
CG1116,127
CG2604,822
CG14664,4
Vps37B,274
Kat60,91
Mms19,51
rtp,1328
CG12163,1553
CG33293,13
CG1113,9
CG12173,85
Hph,483
Tim17a2,0
mtd,3429
CG31538,15
Tim17b1,0
CG11999,157
CG1161,601
Prosbeta7,796
Cerk,982
CG31542,0
CG34277,0
RpII18,122
hd,3
CG14667,38
7B2,1356
kkv,181
CG14668,2
CG1172,53
CG2663,5
Orco,138
CG14669,434
CG12147,0
PEK,166
RpL35A,1849
POLDIP2,260
mRpL44,32
Snr1,48
CG45100,0
HDAC3,103
Hcs,215
ksr,231
CG31550,57
NKCC,129
Nmdar1,71
Itp-r83A,408
CG43845,37
CG2519,207
mia,1
Pcmt,193
Snm1,3
Pi4KIIalpha,89
CG14671,76
CG12746,364
CG2931,25
Rheb,409
CRMP,177
CG2926,153
rev7,14
noi,55
Vha26,2607
kra,2420
CG1427,107
asl,8
Rga,740
Atu,56
Spec2,71
CG2911,49
RpL13A,2582
CG31549,137
CG12171,133
CG31546,1
CG31548,117
CG12170,26
MTA1-like,121
Sec23,479
elm,596
MED27,7
CG2182,450
Wdr33,136
Xe7,111
Atg17,948
Rab23,16
plx,695
CG2104,0
cas,0
CG1239,12
CG2100,38
CG1236,36
Sym,30
Madm,514
CG2091,29
Sec8,133
CG2082,599
jagn,278
kat-60L1,85
Hat1,205
Rpn5,959
CG1218,57
CG2046,185
CG10979,76
CG11000,315
CG42675,206
Hpr1,23
CG46303,4
CG2023,71
dgrn,120
glob3,0
CG1208,199
CG1213,1528
CG14676,2
disp,150
CG34287,0
ECSIT,2
CG2017,592
CG34113,424
CG11373,0
Obp83a,410
Obp83b,40
Rm62,1373
CG11459,18
CG15580,0
Gasp,628
Obp83cd,48
Obp83ef,4
Obp83g,83
Vha14-2,0
CG31559,0
CG1077,0
Osi1,1
NPFR,78
Osi24,38
Osi2,103
Osi3,12
Osi4,2
Osi5,0
Osi6,0
Osi7,1
Osi8,12
Osi9,69
Osi11,0
Osi12,3
CG15597,1
CG15594,1
Osi13,0
Osi14,0
Osi15,3
Osi16,0
CG46026,0
CG31560,0
Osi17,4
Osi18,0
Osi19,1
Osi20,1
CG17917,0
CG10298,0
CG17919,476
SmD2,124
CG18048,19
Pak,388
CG42724,20
CG10286,46
CRAT,143
CG42564,0
CG1024,24
CG42537,0
TfIIFalpha,50
godzilla,1626
Dmtn,2198
gpp,418
CG9727,108
Zif,140
Neurochondrin,753
CG15186,393
CG15185,0
dpr11,487
Pif2,0
CG1137,8
CG2336,0
CG1138,0
CG31482,0
glob2,0
sowi,0
CG15177,0
sunz,0
CG31286,0
CG1315,13
Taf1,25
CG1307,145
twr,312
agt,31
lab,6
Edg84A,0
Ccp84Ag,2
Ccp84Af,0
Ccp84Ae,0
Ccp84Ad,2
Ccp84Ac,0
Ccp84Ab,69
Ccp84Aa,11
pb,71
zen2,0
CG34297,1
zen,0
bcd,0
Ama,18
Dfd,318
Scr,59
ftz,0
Antp,22
Sodh-1,535
CG1979,15
dj,0
djl,0
CG1988,0
CG1105,134
CG1965,48
Ufl1,82
CG1943,572
Ref1,209
Dpck,171
Tailor,132
alphaTub84B,4343
e(y)2b,2
Alh,205
Mlp84B,2049
CG10098,194
CG10068,107
CG31248,182
CG31493,0
Fer1,264
CG14610,0
CG2656,45
gfzf,438
Sas-4,4
MAGE,12
sas,301
CG10055,71
lap,911
CG14609,2
CG1288,0
CG14606,0
CG14605,0
thw,40
CG14607,1
CG1234,38
CG10053,4
CG1227,79
CG10050,10
Obp84a,18
Gld,179
Syt4,893
rn,25
RacGAP84C,0
CG10029,0
CG44335,0
CG31496,0
nxf4,0
CG43290,0
CG17944,0
Mst84Dd,0
Mst84Dc,0
Mst84Db,0
Mst84Da,0
CG42650,0
wa-cup,0
CG14598,10
CG1142,18
alpha-Est10,167
CG42656,32
alpha-Est9,965
Mics1,21
alpha-Est8,920
Ubc84D,3
alpha-Est7,546
alpha-Est6,0
Rtnl2,0
alphaTub84D,921
alpha-Est5,2
alpha-Est4,12
alpha-Est3,80
alpha-Est2,108
alpha-Est1,244
CG45545,0
Nlg3,452
Nlg1,94
CG2616,0
CG43254,0
pyd3,313
CG10919,0
Sp7,320
CG11286,0
CG18747,0
CG18745,0
CG18748,0
CG18746,0
CG10086,0
CG2641,14
CG18744,0
CG3014,8
CG18268,3
CG2993,185
sgll,354
CG31473,203
CG34384,296
CG17816,949
ArgRS-m,2
mRpS9,108
wtrw,497
EMC1,399
Taf7,26
Prat,21
CG2846,511
CG2678,10
CG10445,6
lds,4
dsx,466
CD98hc,1256
Os-C,101
Sfp84E,0
CG2781,1058
PIG-H,29
Kmn2,1
CG2698,45
CG2767,903
CG11052,64
CG3223,195
CG10435,60
Pbp95,4
CG2747,743
ImpE3,6
CG10903,60
CG11035,85
unc-45,153
CG43060,0
CG43618,0
CG43061,1
mAChR-B,58
CG7910,3
CG7900,30
puc,599
CG7878,96
CG9667,13
Gie,106
grn,95
CheA84a,0
CG7800,20
CG18249,47
DNApol-iota,54
Ada2b,56
CG9636,151
CG18749,891
CG33722,0
CG15864,0
mtg,131
RpA-70,58
Mcm2,8
CG9630,11
ato,0
CG11671,15
CG11672,0
CG31464,0
CG31463,0
CG9626,17
mRpL1,59
nac,24
Sgt1,264
tex,10
CG11693,2
CG11694,0
CG11698,0
CG7483,155
Coq2,15
Ctr1B,40
Poxm,11
CG7443,0
COX7A,647
Arl2,66
CG9601,15
COX7AL,0
DppIII,249
CG7352,17
Atg13,412
stck,485
CG9684,35
CG7963,0
CG45263,665
CG11737,214
CG31454,3
CG31259,1
CG11741,2
pch2,27
mRpS18A,134
CG31460,24
Cenp-C,5
5-HT2B,91
Cyp313b1,11
Mkk4,307
SLIRP2,25
Dhod,9
CG11753,86
CG42489,151
bel,1267
p,151
CG8032,147
CG8036,2141
mRpL19,91
CG9773,61
CG11755,43
CG8043,3
CG33325,0
CG44227,0
hb,6
Cks85A,99
CG8112,130
TMEM216,236
CG11760,23
CG8136,7
nom,8
ouib,0
CG8159,17
ranshi,8
M1BP,89
CG8202,26
CG9801,374
CG8223,126
CG11768,4
CG34135,301
CG8236,0
CG13318,7
CG34301,3
Pif1A,4
Pif1B,6240
CG33191,0
CG33189,15
CCT7,243
CG9839,34
hng2,6
CG9837,92
CG9821,742
CG8369,5695
IscU,642
CG8379,83
pyd,1216
osk,0
skap,927
CG11964,24
CG11966,0
CAHbeta,123
RagA-B,77
CG11970,41
E(var)3-9,42
CG11975,128
CG31100,202
CG11977,0
CG11980,49
Prosbeta3,688
CG11982,156
CG11983,9
Kcmf1,1223
Sf3b5,194
CG11986,9
tgo,62
neur,52
hyx,34
Nmdmc,1029
Rel,1420
Mst85C,94
Kdm2,145
beag,45
Ada,5
pum,876
CG11997,6
D1,241
Vps15,85
CG8420,6
St2,3
CG16734,7
CG16736,2
Ibf2,22
Ibf1,39
VhaM8.9,891
sage,40
TrpRS,102
Vps16A,80
CG8861,853
HP1e,0
CG12951,0
CG16749,3
Aduk,65
pasi2,171
CG45050,4836
CG43675,0
CG18473,8
CG8129,72
FER,2109
CG34117,81
RpL34b,519
CG8132,74
CG9356,99
CG8135,78
CG42511,0
CG44261,0
betaTub85D,16
Task7,205
alpha-Man-IIa,61
ps,2396
GstZ1,22
GstZ2,159
CG16779,308
phu,18
RhoL,297
CG8149,83
rump,224
Ras85D,709
Rlb1,15
mRpL47,102
JHDM2,34
CG8176,295
by,53
mura,200
RnpS1,39
CG9386,2
CG8199,106
AP-1mu,490
MBD-like,27
CG9393,59
Vps45,62
CG16789,19
CG16790,30
CG9396,593
CG9399,427
Kap-alpha3,1148
CG8273,14
CG8301,197
P58IPK,505
bocks,50
CG8312,1078
CG9427,274
CG8319,10
Calr,609
SpdS,677
Scm,144
Dh44,249
Fst,0
CG43441,0
CG8358,7
CG16817,833
nmdyn-D7,4
CG9444,21
eca,0
CG18542,0
Unc-115b,2
p24-2,0
CG32939,0
Unc-115a,812
trbd,625
dmt,18
hyd,137
FoxP,257
alphaTub85E,44
CG12950,399
Pnn,77
CG34409,164
CG31415,2
CG12948,120
PpD3,77
CG16908,18
Rpt3R,0
CG8412,153
CG8417,404
Snap24,431
CG8478,2
MED6,137
CG8481,720
CG9471,88
Whamy,0
topi,3
RpS29,4030
CG12947,16
MtnA,2886
CG8500,387
CG12945,146
CG8507,160
CG8516,29
CG9467,102
CG8526,1
FBXO11,319
CG8534,0
eloF,0
CG16904,0
CG9459,0
CG9458,0
CG42857,0
CG34302,0
Teh1,113
Glut4EF,1355
Art4,79
Spn85F,3
CG5359,20
Mical,310
CG31407,7
CG3909,51
CG11722,89
mtTFB2,9
CG12811,197
ohgt,162
Fancl,0
Npc2e,0
Npc2d,0
Npc2c,0
nerfin-2,2
CG5361,0
Fmr1,336
CG3940,506
gammaSnap2,59
ATPsynepsilonL,13
knk,271
tws,328
TAF1B,35
CG42759,11
Invadolysin,835
CG6254,17
Best1,429
CG12814,483
Syn,1212
Timp,844
CG12420,0
CG12817,39
CG34107,0
CG42795,138
CG3999,110
Sirt6,11
pont,93
CG43143,172
CG6293,53
Bruce,209
CG12818,12
sle,15
CG12592,0
CG18545,0
CG31406,0
jumu,38
Rfx,89
cwo,1365
mthl11,0
CG6325,86
Irp-1B,316
Rrp46,22
CG6345,15
CG46270,0
Cyp12e1,5
hth,1698
CG6465,46
CG14688,970
Skeletor,489
pug,596
CG14683,421
CG31391,1
CG31467,10
CG14684,0
CG31278,23
CG31373,4
CG14689,0
CG4073,0
tomboy20,1
TkR86C,95
CG14691,0
CG31272,16
MED7,102
Cap-H2,284
TfIIFbeta,105
CG45076,0
fau,0
CG45078,0
Desi,16
mRpL37,55
Rbp1,124
Art1,105
Mcm5,9
CG14687,571
CG14692,6
CG14693,2
CG4089,76
Cad86C,84
CG42394,257
CG4565,9
CG6567,60
CG4511,146
CG4570,3
CG14694,30
CG6574,204
SelR,881
Tsp86D,227
Fdh,413
CG4596,94
Sodh-2,132
CG14695,6
Tpc1,501
CG14696,105
Leash,52
Adk3,245
CG6621,58
Tengl4,0
CG34114,1320
CG43449,0
CG6629,0
Ugt86Dd,186
CG4706,0
CheA86a,0
Ugt86Di,3
Ugt86Dc,3
Ugt86Da,129
CG4757,14
Ugt86De,1
Ugt35b,229
Ugt35a,26
Ugt86Dj,0
Ugt86Dh,0
CG18577,5
cu,984
SdhC,813
Tctp,4537
ZnT86D,163
RpS25,2134
CG4820,13
CG6689,21
CG6693,60
RpL3,2318
scpr-C,2
CG17726,4
GCC88,120
CG17187,56
CG14701,75
Arfip,221
CG17721,53
CG31441,0
CG31388,21
scpr-B,1
scpr-A,0
CG17734,470
CG5214,1170
pros,573
KP78a,0
KP78b,67
mRpL40,51
mgr,183
Irbp,14
Ranbp9,75
CG6723,276
CG45676,21
ninaG,18
CG5270,148
CG18643,12
RpL24-like,629
CG5276,28
CG6744,11
CG5281,173
sals,79
CG17230,60
PGRP-LB,173
dpr5,116
dpr4,914
CG14708,0
CG10898,117
fabp,168
sea,14233
Mrp4,216
CG6790,0
CG5342,0
wkd,319
CG6791,148
Jupiter,248
CG14710,24
CG6808,26
CG14711,32
CG6813,5
CG18764,28
CG14712,8
Csk,1013
Elp1,13
CG42327,472
CG14715,119
CG18476,32
Taf12,57
Ho,441
CG6830,52
CG6834,63
CG6908,319
Fer3,0
CG14717,0
CG14718,0
I-t,0
CG14720,0
CG12594,305
CG14721,38
Blm,4
CG14722,97
CG6923,41
CG43062,0
Lk6,2746
l(3)neo38,356
CG17360,249
HisCl1,120
Sbf,96
ClC-a,1156
glo,194
COX5A,1113
CG6950,138
CG6959,1194
sad,3
CG6962,13
CG31368,22
mthl5,103
CG6971,1
Cad87A,498
CG34307,0
CG14731,0
CG31211,66
Hsp70Aa,6
Hsp70Ab,1426
CG3281,52
aurA,1
CG12213,75
GC1,357
Tango9,577
GC2,133
CG10005,7
CG18547,35
CG12224,6
CG3397,0
mfas,817
Tk,122
Ect3,398
KLHL18,162
GCC185,118
DCAF12,40
Spt3,7
CG31358,0
CG42505,0
CG42504,0
ssp5,0
CG14736,0
CG14739,0
CG14740,0
ATP8B,176
dpr17,334
CG4702,34
dpr15,209
Cpn,354
eIF3d2,0
CG43450,0
CG3809,0
CG4830,1
Cog1,76
CG14742,19
CG4860,6
CG10014,0
CG17404,4
CG12256,4
CG3916,0
Pglym87,0
Cyp313a5,0
Cyp313a2,0
Cyp313a3,0
CG3942,0
svp,251
CG44037,0
CG44038,0
CG17738,3
Sfp87B,0
CG10013,0
CG44956,0
CG10038,25
CG10041,4
MBD-R2,30
CG4115,221
Tim17a1,0
GstD10,16
GstD9,41
GstD1,1607
GstD2,47
GstD3,128
GstD4,4
GstD5,9
GstD6,0
GstD7,1
GstD8,16
CG10035,1
GstD11,19
CG34402,44
CG33098,53
CG10096,36
CG10097,0
Cyp9f3,13
lig3,30
Cyp9f2,307
CG5167,300
CG5196,154
Dip-C,338
pps,115
Scgbeta,107
CG17202,32
Pp1-87B,461
NANS,2
CG5641,58
CG5245,3
Prosalpha2,718
Aos1,58
CG5844,89
Desat2,3
CG17207,0
Desat1,3122
CG5538,12
CG18549,485
CG5509,12
trus,94
CG5961,187
CG12267,2
CG5608,57
Hsp70Ba,1184
Hsp70Bbb,1
Hsp70Bb,1862
Hsp70Bc,0
Octbeta3R,406
Hug,55
Octbeta2R,3332
Vha55,791
Snx3,581
Not10,30
CG11600,0
CG6753,112
Dtg,61
CG6225,289
CG14395,4
Gnmt,76
CG43630,0
mbo,22
Cyp313a4,9
kar,316
Su(fu),21
CG31347,0
Arp1,332
CG14391,0
NijC,433
Past1,175
CG12279,89
mus308,5
Men,4184
CG5724,0
CG5999,9
beat-Vc,230
CG31345,256
beat-Va,374
CG10126,362
d-cup,0
CG10909,0
beat-Vb,96
grsm,203
Spc25,7
Cyp304a1,3
CG14384,1
CG7381,83
CG7091,2
Paip2,466
CG31342,89
CG14383,0
yellow-f,29
yellow-f2,123
CG7488,22
CG17327,311
CG44194,0
CG7518,304
CG8031,146
CG11656,0
CtBP,1054
CG46280,151
CG46281,146
l(3)87Df,75
ry,116
CG11668,7
snk,0
CG11670,0
CG45122,1
Hsc70-2,4
CG31157,0
CG7966,76
pic,112
sim,3
CG43063,0
timeout,2
CG34308,4
2mit,658
CG8138,0
CG8508,0
CG14380,0
CG8141,0
CG8483,618
CG8476,2
Ace,1386
CG11686,149
Ravus,10
Su(var)3-7,23
TBC1D5,61
CG8630,486
CG15888,4
CG15887,4
Osi22,1
wntD,0
CG8773,0
CG8774,0
CG32473,143
CG43208,0
CG44142,22
CG45080,53
PK2-R2,18
PK2-R1,23
poly,216
Dic1,263
CheA87a,6
Lip3,1
CG34309,21
CG9813,365
CG8870,0
mRpS21,204
Droj2,1376
CG9799,62
CCHa2,522
CG14374,1
CG14377,0
GILT1,793
CG33977,66
yellow-e3,0
yellow-e2,0
yellow-e,203
Ir87a,0
Act87E,1095
yrt,272
CG14372,261
CG42778,0
CG31337,3
CG14370,0
CG14369,0
CG9759,38
CG9757,2
CG9269,0
CG10841,1
sqd,1338
rin,346
Rbp4,0
Hrb87F,71
B52,522
Task6,432
CG9588,159
Lkb1,149
omd,30
flfl,465
f-cup,434
ninaB,477
Adgf-D,332
Adgf-C,48
CG31469,15
primo-1,167
primo-2,0
CG34383,650
Ubc87F,0
CG9312,125
Cht5,635
CG9297,1725
CG9288,424
CG42375,0
CG9286,65
Dip-B,523
tal-1A,0
tal-3A,0
tal-AA,141
tal-2A,0
Mst87F,1
Nsf2,44
CG31495,17
CG14362,0
E5,42
ems,4
Art9,0
Art6,0
CG31517,0
CG9926,0
Ipp,531
CG9925,0
Orc2,3
rdx,603
Cyp6d5,541
CG3061,1008
CG9922,125
foxo,1250
Npc2b,2311
CCHa1,30
CG9920,5
PK1-R,10
CG12402,170
Kif19A,12
Abi,109
twf,41
140up,49
RpII140,65
CG14356,4
CG14355,0
CG42500,1
CG9722,0
CG44215,0
CG31533,0
CG31327,0
CG3199,0
Dop1R1,172
CG9649,279
CG31326,18
CG33109,11
Sp212,25
CG9631,82
CG9624,0
CG43291,5
CG9616,4
MetRS-m,3
CG43179,0
CG14840,0
CG14841,0
CG14839,0
trx,690
red,344
CG3259,2
su(Hw),95
RpII15,46
CG31321,154
Crz,94
PR-Set7,107
Afti,218
ATPsynE,1119
spn-B,10
NK7.1,410
HEATR2,58
soti,0
cv-c,449
natalisin,36
HtrA2,9
mRpL11,73
CG8461,29
Pde6,756
CG34273,0
Cyp313a1,409
CG14854,7
CG14850,1
CG14851,0
CG8087,0
CG14852,0
CG31313,2173
CG8066,60
Cys,7341
CG7987,163
stumps,273
CG14853,462
put,560
His4r,1589
CG7886,4
Cad88C,15
l(3)L1231,164
CG3505,90
Hexim,47
Rad17,3
BigH1,0
Meltrin,713
kibra,37
CG7530,563
eff,2392
jvl,371
smp-30,425
CG7362,0
CG14855,23
CG14856,19
CG14857,1
btsz,817
CG3610,0
CG3631,147
Rrp6,31
CG33331,7
CG33332,2
CycC,92
UQCR-C1,1511
CG7265,52
CG14860,1
Nup93-2,20
CG3817,23
RpS5b,4
VhaPPA1-1,896
Sdr,50
RpL10Aa,0
dpr9,1171
CG6966,2783
CG42788,363
CG6912,80
CG3984,1
CG3987,13
GlyS,436
Gyc88E,134
Mf,7943
CG6752,23
CG42542,520
Spn88Ea,348
Spn88Eb,96
Mau2,20
CG6654,11
CG4210,47
SIDL,62
CG12241,104
Rpb7,30
CG31344,235
Caf1-55,164
Art3,36
mRpS10,72
CG34316,2
tefu,7
Hsc70-4,6724
CG42404,52
eIF2gamma,5
Su(var)3-9,0
Set,94
ATPsynO,1883
CG14864,2
Zip88E,18
Cp190,202
CG4338,48
MRG15,35
l(3)neo43,150
Tm1,5575
CG45218,5
Tm2,3292
CG14866,5
CG6276,97
CG44040,0
ear,93
CG6236,88
ea,239
mRpL9,41
FK506-bp1,113
Sra-1,78
CG6218,358
SerRS-m,46
Surf4,420
CG31301,96
CG42727,142
CG42726,0
Trs33,40
CG5038,21
Atg4b,39
CG5044,188
ldlCp,66
Trax,46
CG6171,37
CG34404,375
CG14868,138
CG6136,19
Ccm3,377
Rbp,281
h-cup,0
CG6125,59
Atx2,467
CG6118,2
Act88F,35
AdamTS-A,319
B9d1,1
Rh6,2163
Trissin,42
obe,21
CG5213,0
CG44014,91
CG44013,0
AOX1,185
AOX2,0
AOX3,282
AOX4,8
pxb,69
CG31446,0
CG5399,198
CG5404,37
CG31294,0
CG34274,1
CG4520,0
CG12784,0
CG5623,0
CG4525,6
CG5614,0
CG9590,59
CG9589,5
c(3)G,10
Acyp2,201
nsl1,220
CG9593,4
alpha-Man-IIb,507
rec,2
CG4576,52
CG43318,0
CG43317,0
Arpc3A,158
ND-23,896
spn-E,1
Pbp45,6
cv-d,114
CG4546,5
Hmt-1,278
CG31183,87
CG9632,0
CG14877,12
glob1,1189
EndoU,1
CG45105,6
Fbxl7,225
CG34276,9
CG5478,0
blp,299
Sap47,4370
CG31088,0
CG4287,338
CG5516,37
CG32856,28
Rbf2,2
mor,92
Hel89B,681
srp,266
GATAe,0
pnr,71
CG10264,0
CG10407,86
IKKbeta,78
CG5013,39
msps,410
CG10185,16
Mhcl,550
CG32855,27
sxe2,334
Akt1,798
Sb,24
CG5903,862
CG5916,86
Fer2,24
CG6006,129
CG8925,33
CG8927,244
Bin1,91
sra,758
CG6126,426
CG31287,0
mtSSB,5
tara,122
bor,153
asun,15
Mst89B,0
Mat89Ba,9
gish,2495
Zip89B,91
Sulf1,1210
CG44044,0
CG6901,0
CG17929,0
CG17930,0
SF2,170
pad,7
CG14879,14
Manf,201
CG10311,540
CG17931,345
CG14880,86
CG10317,0
ss,41
CG31279,1
CG17565,89
CG14881,17
mRpS33,194
ema,210
CG14894,167
CG14882,15
Pak3,555
CG10405,0
CG14883,50
CG42232,6
CSN5,81
Gyc89Da,9
Gyc89Db,16
Dhfr,47
Sdhaf3,42
Der-2,132
Cad89D,2
Decay,1
CG42342,423
CG14891,0
CG14903,7
Scp2,1796
CG14892,24
CG10345,2498
NPF,137
CG12783,56
CG10340,172
CG17562,0
CG17560,0
CG14893,0
CG14905,1
Fas1,978
nonA-l,47
Arl6IP1,330
CG10324,10
CCT3,143
CG14906,6
CG14907,28
modSP,217
Ubx,1
CG31275,0
Glut3,0
abd-A,0
Abd-B,1
VhaM9.7-d,0
Actn3,0
AhcyL2,215
CG18622,667
MESK4,0
CG3678,175
CG31274,2
CG17556,145
CG3534,136
Sf3a1,45
Irc,1348
CG8907,9
Pxd,576
AdSL,411
CG5225,0
CG31268,1
CG4009,0
CG18213,3
CG5220,85
CG3995,28
Patr-1,40
Dad,177
Ns1,73
mRpS11,114
Keap1,160
kuk,268
GckIII,256
cal1,50
cher,740
CG34278,0
CG42779,0
CG45079,0
CG17477,0
CG31269,0
CG31265,0
CG17475,0
CG4053,0
CG31266,0
CG31267,0
CG5246,0
CG5255,5
CG5265,1
TwdlW,0
m-cup,174
Det,8
CG5285,16
CG5292,66
Mur89F,0
CG31262,0
beat-IIb,327
CG44259,3
CG44257,3
CG31418,0
CG31419,0
beat-IIa,808
Brf,75
lute,254
sds22,100
CREG,238
Sur-8,676
CG34279,0
CG34280,0
CG42823,0
CG42798,1
CG17283,0
CG5863,0
CG42821,8
CG42822,2
CG5866,0
CG33333,0
CG42834,0
CG14332,0
cysu,150
CG44090,0
CG14331,2
Eh,148
Dscam3,218
CG5823,402
P5cr-2,477
l(3)07882,39
SF1,86
Prx3,324
Hmx,11
CG7587,0
Sgs5,1
CG7606,0
sll,126
CG14329,0
Edg91,21
CG34281,2
CG14327,1
CG14324,0
CG14326,0
CG14323,1
AttD,23
CG43175,10
CG14322,28
CG7523,112
Mps1,3
alt,308
CG7655,59
CG31251,9
CG31360,87
CG31249,36
osa,134
Pxt,0
Atg8b,0
Lgr1,49
CG14321,23
TyrRII,10
TyrR,17
CG43102,1029
pasi1,60
CG7379,93
CG17803,22
CG17806,26
CG17802,14
CG17801,2
Odj,32
CG18012,105
tinc,242
Rim,380
CG12347,0
CG43445,0
cpo,680
DNaseII,118
CG7785,52
CG7794,3
htl,364
CG14317,0
sr,197
CG14316,0
CG14315,0
CG7218,77
Cbp20,109
CG7215,0
Prx5,759
wrd,1277
cdm,105
CG7208,0
Arp5,24
CG12321,252
MED17,38
CG14313,5
Ssdp,816
CG7985,76
CG44158,2
CG14314,98
CG7183,14
CG7988,1
mTerf5,35
Non3,43
CG7168,134
Mdh2,1561
repo,253
CG7156,47
14-3-3epsilon,1361
CG12320,8
CG18598,253
Ada2a,0
Rpb4,0
moi,0
Tgs1,126
CG18599,14
Vps39,20
eIF1A,1918
CG7142,6
CG14312,59
CG8064,38
CG7131,8
l(3)05822,684
Dlc90F,239
CG18600,33
PKD,547
CG31235,65
CG15803,60
hmw,1
WRNexo,9
Nup43,28
gl,145
CG7675,1224
CG14309,0
cona,0
Vha100-4,1
Vha100-2,630
Vti1b,239
CG12333,318
koko,10
CG7685,20
CG31122,68
CG10864,33
fru,690
CG7691,0
CG43210,56
hemo,0
CG7694,10
fray,309
qin,4
CG14304,18
CG14305,1
CG7695,72
CG14301,606
CG31224,237
CstF64,22
Cpsf73,16
Gos28,62
CG31231,4
CG31229,133
CG7702,95
CG31230,1
CG7705,19
CG7706,15
CG46318,0
CG7708,426
CG14300,0
CG34282,0
ChAT,0
VAChT,753
CG34283,0
CG7714,12
CG7715,0
CG14302,0
Mekk1,460
CG7718,73
gwl,0
Epg5,29
CG7720,670
CG18208,475
CG31226,0
CG14298,364
CG14297,0
Rh2,395
CG14294,0
CG34284,0
CG14292,0
EndoA,811
CG14291,21
Xrp1,4785
Mpc1,752
CG42613,4179
CG43732,0
euc,325
Smu1,39
dnk,48
snRNP-U1-C,53
gukh,60
CG6005,74
CG14286,6
CG14285,3
GatA,39
NP15.6,763
P5cr,201
Prp18,27
CG6013,83
CG6026,1
cdi,877
mRpL55,78
ATPsynD,1057
CG6040,621
Cyp12a5,9
Cyp12a4,126
Ppcs,8
CG5835,210
CG11779,51
nos,0
Nsun5,0
CG42359,318
sqz,114
CG14282,0
CG5555,146
CG31475,718
cry,701
vib,474
CG11703,0
CG5250,0
CG3773,5
unc79,128
CG5217,0
CG14280,12
CG44174,1
Dl,307
CG43203,0
Ino80,5
CG3581,0
CG31404,0
CG31245,1
CG3734,0
CG18493,0
CG3739,0
CG31244,0
CG5316,296
CG11626,1
CG31221,1775
CG3517,0
Dys,539
CG6255,1
CG15025,0
Cpr92A,1
CG7333,0
CG7342,113
CG17751,0
CG17752,0
CG16727,0
CG6231,1292
subdued,253
CG34138,4
Vha13,2507
Nup58,15
CG6195,122
CG31220,86
CG31219,103
CG6184,86
ort,112
CG7432,0
Naam,214
CG34286,1
GluClalpha,1152
CG6300,0
CG11659,0
CG11391,37
CG11407,264
CG11453,4
bnl,189
CG31459,0
CG4662,122
Ire1,193
CG11447,6
CG4572,80
CG4686,120
CG4562,79
CG17186,5
Arc42,166
Ask1,536
ninaE,62832
CG4733,169
CG4538,471
Surf6,7
RhoGAP92B,656
Xport-B,2167
Xport-A,0
CG4465,2
CG4770,0
CG4462,236
CG4459,2
Hs6st,497
mira,24
CG4783,2
CG31213,0
MED25,12
CG17190,29
CG4836,0
PIG-L,211
psidin,30
CG4424,8
CG4854,8
trem,16
CG4936,25
CG10889,24
CG17193,195
CG33934,1
Indy-2,0
CG4390,78
mdlc,15
Rh3,413
CG31206,0
CG10887,0
CG5023,188
Nlg4,465
CG17199,0
cic,635
CG4367,0
CG4362,0
CG42668,529
CG4360,177
Sirt2,275
MtnC,0
Gfrl,507
CG4335,48
eIF3g2,0
Dic2,0
MtnB,48
Or92a,1
MFS9,286
MtnE,22
MtnD,24
Stat92E,1536
DPCoAC,671
att-ORFB,0
CG5180,37
CG15922,140
CG5191,1945
CG10877,15
TFAM,137
CG5412,42
EloB,682
Srp14,107
CG34008,2
CG16953,569
Sep2,455
Srp72,63
PUS1,60
bon,540
CG15923,5
CG5466,52
H,95
Pi3K92E,331
Lrrk,120
GluRIIE,6
GluRIID,10
Nep4,201
Cpr92F,29
CG4000,2051
Oamb,460
CG31205,698
Cdk2,18
CG17267,1
CG42322,137
CG31199,112
CG31200,564
Prosalpha4T1,0
Syp,2234
CG31195,100
Takl1,0
Fancd2,2
CG17270,160
CG17271,104
RpS20,2867
CG17272,178
AdSS,512
CG31223,44
Synd,426
CG15695,51
CG15696,5
RpS30,3026
CG3822,110
TotA,939
TotC,311
TotB,2
TotZ,0
Ktl,714
Grik,10
TotX,14
CG31191,27
hdly,243
Atpalpha,7383
Calx,1904
CG43446,0
CG10827,0
CG5697,237
Rlip,146
CG17278,351
Dhc93AB,8
CG12278,2
CG31189,52
CG31207,189
CG7079,181
CG17279,17
Mvl,498
Cortactin,133
AnxB9,1983
r-l,25
HHEX,1
RhoGAP93B,432
CG7044,53
CG5745,50
Sec15,51
rtet,28
Rab11,1308
ppan,13
Bdbt,72
slmb,971
CG5793,360
Ice2,99
CG7009,14
Usp8,363
meigo,168
SNF4Agamma,1236
cDIP,41
CG5810,30
Snmp1,44
CG5862,97
Smyd5,31
Oga,53
CG3337,64
Nelf-A,98
e,2451
CG5892,0
ETHR,45
Rab1,3120
AP-2sigma,363
CG5919,59
CG3308,1132
CG3301,160
SIFaR,147
CG17298,49
CG16791,616
mod(mdg4),399
pre-mod(mdg4)-B,0
pre-mod(mdg4)-H,0
pre-mod(mdg4)-G,81
pre-mod(mdg4)-L,0
pre-mod(mdg4)-I,0
pre-mod(mdg4)-J,0
pre-mod(mdg4)-K,0
pre-mod(mdg4)-P,0
pre-mod(mdg4)-Z,360
pre-mod(mdg4)-T,0
pre-mod(mdg4)-E,71
pre-mod(mdg4)-C,0
pre-mod(mdg4)-AB,0
pre-mod(mdg4)-W,0
pre-mod(mdg4)-AD,0
pre-mod(mdg4)-Y,0
pre-mod(mdg4)-AE,0
pre-mod(mdg4)-X,0
pre-mod(mdg4)-V,0
pre-mod(mdg4)-U,129
pre-mod(mdg4)-O,0
pre-mod(mdg4)-N,0
pre-mod(mdg4)-AA,190
tin,0
bap,2
CG6475,0
CG7907,0
CheB93a,0
CheB93b,0
lbl,10
lbe,21
Fancm,16
C15,13
CG7956,260
slou,8
CG15498,1
InR,837
E2f1,492
Archease,78
CG15497,0
DNApol-alpha180,0
CG31176,102
Sfp93F,0
CG42869,0
CG42870,0
CG34034,5
CG5849,18
CG31343,0
CG31233,0
CG31198,0
CG42335,0
Burs,2
GABA-B-R2,246
RpI12,17
tsl,256
CASK,1655
Gr93a,0
glec,132
lsn,125
CG6569,8
Cby,6
CG31431,101
CG31178,2
CG6656,141
CG34148,216
P5CDh2,5
CG31465,1
fit,192
CG17819,1
dnd,158
CG6678,5
CG43844,1
CG17843,0
Eip93F,640
CG6332,5
Idh3b,953
Mitofilin,700
mRpL35,80
CG6028,118
Cchl,912
ND-42,1255
CG13409,127
CG6015,72
CG45099,0
pit,36
Fadd,10
how,526
CG13408,31
CG5778,230
CG5791,105
CG42390,263
SKIP,521
Gld2,4
CG7084,609
CG34377,39
CG7080,0
CG13862,0
CG5391,6
CG5388,0
CG5386,0
rdhB,1213
Sar1,1043
PSR,89
Muted,0
CG7071,422
CG5382,144
CG5380,22
PyK,7241
CG7069,15
CG18596,51
CG34149,5
CG43342,8
CG43343,23
CG5379,108
CG7059,195
CG13857,5
CG13856,240
CG13855,4
CG13850,108
lqfR,284
Nop56,115
mats,297
pinta,55
CG13847,0
CG12499,14
CG34288,2
CG34376,192
Rpn7,735
AP-2mu,324
CG7054,442
Pebp1,2
CG5377,93
Nrx-1,1421
Pfdn5,219
CG5376,21
CCT1,163
tHMG1,0
tHMG2,0
Octbeta1R,146
CG5346,482
CG33099,5
CG33093,7
CG5326,213
AdipoR,1852
bond,1316
sit,47
CG33110,1546
CSN6,84
Dph5,107
CG33107,25
CG6937,55
Efa6,384
CG31156,26
CG13843,1
mRRF2,6
CG31161,22
mRpL45,106
loco,529
wake,458
Gclm,614
CG17625,3
wfs1,48
Nup133,24
cd,3
Cyp6d4,41
CCAP,27
CG6972,127
CG13842,5
CG4907,0
wge,120
Irp-1A,56
CG4813,21
CG45049,280
Takl2,0
Dcr-1,19
CG6985,5
vret,0
HP1c,93
CG17141,16
CG31139,2
rumi,52
Usp12-46,125
CG7029,585
CG4725,4
CG4723,17
CG4721,160
CG13841,74
CG43091,18
CG43092,62
CG43093,37
CG43094,9
CG7031,1
CG13840,2
CG4704,0
klg,271
CG6660,0
Tpl94D,0
Gbp3,106
Nha2,144
CG34375,130
CG6688,2
lmd,27
CG13833,31
CG13838,0
CG17121,152
p53,40
CG17119,79
sav,39
Ublcp1,104
CG17111,1361
Cow,1629
CG17110,180
CG6726,1
CG17109,0
CG6733,0
CG6738,0
Rassf,130
CenB1A,558
CG31365,39
CG31457,36
hh,6
unk,2
VhaAC39-2,0
CG13829,0
Irk1,340
CG46310,0
cnc,2823
fzo,7
CG4467,854
Rad60,35
EloA,192
wda,26
CG13827,58
orb,258
Cdc16,15
CG6763,42
CG17083,0
bb8,0
pnt,177
DNApol-epsilon255,2
ATPsynCF6,688
Sec13,189
RpS3,3118
CG4408,0
CG42827,4
CG4393,111
CG31515,0
CG17380,0
CG4374,214
CG43694,2
CG34289,0
Irk2,767
CG10177,0
CG10175,473
CG10170,0
CG16732,0
CG10168,0
CG10164,0
beat-IV,253
CG10182,0
CG10184,134
CG31145,1118
GILT3,10
GILT2,112
eIF3d1,442
CG18754,1
SPE,185
CG10254,167
CG10252,0
prt,46
CG31468,0
Gba1a,0
CG31413,0
Gba1b,51
CG10300,0
nau,3
CG10232,4
CG10365,568
Rpn9,662
Hmgcr,637
RanBP3,59
Rpt5,785
Hrd3,294
PTPMT1,132
SdhD,693
CG10217,154
Lsd-1,1276
CG10214,50
CG10375,298
tst,26
CG10208,95
Nup98-96,147
mbc,296
CG33111,31
CG34355,832
eIF4G2,12
Pli,821
TfIIA-S,267
tbrd-1,2
sba,239
CG31141,0
Ndc1,19
CG13601,33
CG43999,0
CG43998,1
CG31142,20
Rpt2,623
CG13599,2
RpS19b,1
CG5854,80
Gdh,1729
CG12268,548
GluProRS,28
AP-1sigma,279
CG31140,617
CG13603,274
CG5902,248
CG13604,244
Rab7,922
CG33108,17
LSm3,72
KrT95D,459
Ime4,8
Miro,206
spas,218
Rox8,1039
CG5986,50
Atg6,155
CG5991,494
CG6000,58
Hsp68,1963
SMC1,59
eIF4EHP,78
Syx1A,1066
CG10694,1
CG18428,182
CG13605,45
Root,6
CG13607,75
GatB,38
Tsc1,61
Sec10,47
Npc2f,8
Kal1,414
Slimp,6
p38c,1
p38a,82
CG6178,80
Myo95E,189
CG6182,32
mRpS24,66
Apc2,13
CG5510,104
CG13606,98
CHORD,77
CG5515,176
jnj,46
CG6204,30
twin,333
CG17786,30
cav,10
Spps,23
CG13609,11
Spase22-23,246
Acp95EF,0
mask,171
beta-PheRS,50
jar,1065
Orct2,84
Orct,113
CG13611,0
CG6356,1328
CG34290,0
CG6364,94
CG5715,0
crb,610
Nab2,0
BRWD3,58
CG5728,31
Dis3,36
CG6432,2
Ms,477
CG5746,129
CG6454,191
Golgin84,39
CG18528,35
CG5762,0
CG33340,0
CG42812,0
CG17782,0
CG17781,0
CG17780,0
CG5768,1
CG13616,0
nAChRalpha1,446
CG31128,0
nAChRalpha2,227
nAChRbeta2,195
CG13617,0
Pp1alpha-96A,950
CG13622,1
CG13618,33
CG6607,108
CG13623,204
ana1,8
CG5789,230
Esyt2,530
REPTOR,1854
CG13625,12
mld,153
Syx18,52
atl,564
Wsck,63
CG43222,57
puf,76
ash2,357
CG31125,31
CG6695,42
CG31126,11
Ppox,52
slo,861
CG46316,0
CG13627,5
Rpb10,226
CG13630,92
tok,679
tld,4
asp,0
AstA,119
CG13631,151
CG42331,7
CG5805,376
Ets96B,3
CG13634,6
Ude,66
polybromo,28
lili,140
CG6980,1
CG34150,58
CG5808,11
Saf-B,151
niki,3
RabX4,244
CG31357,97
CG43273,46
sosie,339
Esp,102
CG7006,50
Nct,29
HDAC11,50
CG10899,21
ppk22,68
CG13639,66
CG13640,22
CG7016,31
CG13641,51
Elal,31
CycB3,3
CG3744,206
CG11089,1996
CG31381,14
CG31121,218
CG11069,102
CG13643,14
CG10845,1
PIG-S,0
sud1,0
CG11168,97
Mink,0
Trf4-2,1
CG11771,149
Osbp,440
ssh,273
Nmnat,130
tnc,43
beta4GalT7,20
CG11781,178
Hr96,61
Smg6,245
CG6422,160
CG31115,0
bai,276
5PtaseI,101
CG11786,2
CG11790,490
CG11791,2337
CG31109,72
CG31111,25
stac,113
veli,306
PQBP1,26
Stt3B,100
CG11839,19
CG11836,49
shams,61
CG11920,30
fd96Ca,0
fd96Cb,4
CG33096,0
CG33095,362
CG45095,1
CG13650,271
CG31108,4
CG31510,54
vig2,270
Mocs2,296
CG42503,0
Clbn,82
Bili,552
danr,23
lobo,0
dan,27
CG13653,0
Cad96Ca,163
CG13654,86
CG13663,47
CG31106,0
CG31103,244
CG11851,17
Cad96Cb,11
CG10420,9
CG11852,253
to,57
CG11854,4
bam,0
RpS27,1710
Nup37,8
Nup358,173
CG11857,1399
CG10425,63
CG11858,75
GlnRS,55
RIOK2,48
CG11891,522
CG11889,0
CG11878,1
CG10513,22
CG10514,6
CG11892,0
CG31300,39
CG31104,1
CG13658,0
CG11893,226
CG31098,81
CG31102,57
CG31097,0
CG31288,7
CG13659,9
CG31370,43
CG31436,106
CG10550,1019
CG31099,0
CG31087,1
CG10559,0
CG10553,164
CG10560,101
CG10562,217
CHKov1,56
CHKov2,38
CG10669,22
CG11902,22
rha,0
tobi,0
Fur1,1156
ND-49L,0
alrm,330
CG31437,0
Muc96D,1
Vps33B,21
CG4553,15
MED28,57
XNP,440
CG5116,223
CG42488,0
Dhap-at,186
CG5112,154
CG33494,112
CG5107,1
CG5111,0
msi,472
CG4582,0
ymp,1
Npl4,123
CG5079,40
CG5071,22
Ssadh,380
jigr1,361
Tnks,371
RASSF8,467
Lgr3,6
CG4730,19
CG5039,30
CG4743,67
CG5028,1090
RpL27,1235
CLS,371
LpR2,477
LpR1,462
CG17197,0
CG17198,0
CG17196,0
CG17195,0
CG4956,0
CG4960,0
CG31380,0
CG31093,0
BG642167,0
CG5024,0
CG17770,0
Acam,0
CG14354,0
Mst57Dc,0
Sfp96F,0
Mst57Db,0
Mst57Da,0
alpha4GT2,0
CG14545,2
CG5886,32
CG5890,112
Tsp96F,442
SppL,390
Lnk,423
CG5913,19
CG5948,14
MCO3,0
CG31091,0
CG31089,0
CG42235,229
CG14546,0
CCAP-R,41
CG14540,1
boss,392
fid,104
Nf1,148
CG43116,0
E(spl)mdelta-HLH,0
E(spl)mgamma-HLH,0
E(spl)mbeta-HLH,113
E(spl)malpha-BFM,2
Kaz-m1,0
E(spl)m2-BFM,19
E(spl)m3-HLH,58
E(spl)m4-BFM,0
E(spl)m5-HLH,0
E(spl)m6-BFM,0
E(spl)m7-HLH,4
E(spl)m8-HLH,0
gro,411
Exo84,33
Vps2,336
Dak1,289
Sld5,2
CG14543,10
PIG-P,218
CG42498,0
RpL34a,75
CG14544,0
CG14551,0
dysf,4
CG31324,1590
CG14556,15
CG6142,6
CG31323,234
CG31086,163
CG6073,40
CG34130,0
CG34129,0
CG12290,445
Ald,2243
CG6154,134
CG33970,1697
CG6036,0
CG5432,0
CG6503,3809
CG34291,58
tx,90
Hex-t1,3
Hex-t2,0
CG5447,141
CG43117,10
Pdf,125
CG14238,0
CG5455,602
plum,162
scrib,360
TwdlM,0
TwdlP,0
TwdlB,0
TwdlL,0
TwdlO,0
TwdlK,0
TwdlJ,0
TwdlN,0
TwdlH,0
TwdlS,0
TwdlD,0
beat-VII,213
Tb,0
TwdlQ,0
amon,1271
CG6425,0
CG5484,61
CG6420,204
CG14244,0
CG14246,22
CG14245,1
CG6403,0
CG14247,3
CG42789,0
Tl,773
Lerp,376
IntS12,9
ball,13
His2Av,460
SPARC,692
Rb97D,136
ms(3)K81,0
CG5500,261
ro,1
T48,480
Ets97D,32
CG46339,572
CG14252,15
CG18472,1
CG6330,698
Tsp97E,224
Gr97a,0
CG5521,299
CG46313,0
CG14253,145
CG31075,175
CG31076,2
TwdlC,0
RYa-R,18
CG31077,1
CG6296,0
CG6295,0
CG17192,0
CG17191,1
CG6283,0
CG6277,0
CG6271,0
TwdlT,25
Nep5,12
CG34292,0
spz,724
CG43935,0
CG14257,31
Cpr97Ea,906
Cpr97Eb,700
CG14258,13
CG14259,828
eater,30
CG17189,186
caix,10
gb,48
CG5815,20
CG6066,12
CG5880,19
CG6059,1
CG6051,1081
Men-b,1046
grass,245
CG5909,370
CG34293,45
spn-D,0
Ser,85
CG42813,97
CG42814,0
CG31064,239
CG31068,0
DNApol-alpha73,9
CG17991,0
CG18766,447
CG5984,21
CG5987,8
TfIIA-L,459
pll,54
woc,138
CG14262,0
CG14260,0
l(3)mbt,101
CG5934,168
CG5938,762
mrt,107
CG3368,28
bigmax,78
Hmu,112
CG3348,108
CG3330,0
CG46335,2
side,547
CG44290,0
CG43447,0
CG13978,0
Cyp6a18,0
Gr98a,0
CG43139,1
CG5402,1
CG12885,9
Klp98A,145
CG5646,101
wdb,1458
pins,180
CG5639,43
dsd,279
Tusp,188
CG5612,59
CG5611,11
Mtl,164
tau,412
RpS10a,1
Mlc1,5605
unc80,123
CG5590,588
CG12883,31
Sce,47
CG31055,1
CG12880,109
Acp98AB,0
CG43320,13
ALiX,551
btz,38
CG12428,352
CG12877,9
Ets98B,346
CG34353,325
CG12426,1
mil,0
CG5003,48
mRpS22,73
CG33213,13
CG12259,24
BCAS2,26
RpL4,1273
mino,1248
CG31053,0
NSD,34
BOD1,25
mfrn,531
Gp93,392
CG4951,24
CG5527,47
CG42487,0
CG4884,28
CG31253,0
CG31131,0
CG4849,0
betaTub97EF,881
CG4815,0
trv,247
CG34354,439
CG43124,0
CG34436,1
CG34437,37
Mst98Ca,0
Mst98Cb,0
UQCR-14L,0
CG12516,0
larp,2271
Gfat2,237
Moca-cyp,734
beat-VI,196
CG1894,0
Dhc98D,3
CG31051,55
Ppn,624
mIF2,20
fkh,34
Noa36,41
Hrb98DE,233
CG9986,21
CG10011,317
CG9988,0
CG14062,1
CG31050,0
Sid,18
CG9990,1984
htt,68
AstA-R2,37
CG10000,0
CheB98a,0
wdn,56
CG1646,241
CG1523,75
CG1647,28
WASp,148
Apc,177
spg,449
Inx3,251
CG33203,347
CG14529,3
CG14528,25
CG14523,20
CG14527,0
Doa,599
CG11828,3
DIP-gamma,451
wat,1999
CG14518,4
eIF4E6,11
CG1951,22
Ssl2,14
beta4GalNAcTB,33
Cpsf100,24
Slu7,16
Pkc98E,1401
CG11837,41
CG11841,146
CG11842,51
CG11843,4
Sirt7,22
Cul5,33
CG11873,323
alpha-Man-Ib,230
CG11876,1534
Atg14,87
yem,61
Ctl2,523
dgt6,8
Vha100-1,678
CG14512,24
CG14516,71
CG14511,13
CG11882,57
Pglym78,1887
eIF2D,37
Slbp,60
Rpn2,498
CG11897,243
CG11898,0
CG14509,289
CG14515,7
CG11899,337
Mesh1,18
Cyt-c1L,0
eEF1gamma,490
Cisd2,473
Brd8,21
CG14507,1
Usp1,88
CG11951,208
CG31445,65
SP1029,117
stg,20
CG45544,0
CG14506,0
Cnx99A,491
CG45546,0
Ptp99A,511
CG2321,5
CG2006,20
Spase12,190
CG2310,80
Diedel,3
CG2010,103
Trc8,228
ND-20L,0
Dr,15
CG7567,0
CG31041,0
alph,546
CG1907,1061
Dop1R2,187
ppk30,0
Obp99a,196
Bub3,41
Cap-D2,6
CG7582,102
Gycalpha99B,327
Obp99c,13037
dmrt99B,7
Obp99d,38
Dup99B,0
Obp99b,198
CG15506,79
CG34296,3
Pcd,15
Naa40,6
CG18731,109
Kul,283
CG7601,46
CIA30,129
CG1969,194
Wdr24,13
IntS11,69
ATPsyngamma,1329
yata,448
kay,906
fig,0
sro,0
CG7837,35
Drice,253
CG7834,467
CG7789,104
ncd,16
ca,140
Vps16B,27
CG7829,120
neo,7
Atg16,106
CG42592,1
Prtl99C,0
Cad99C,385
dgt1,47
CG7824,47
CG15514,117
RpS8,1489
Zip99C,1254
CG34133,183
CG31038,1785
CG15517,0
CG15515,55
CG31036,37
Capa,237
trp,8188
Jon99Ciii,0
Jon99Cii,1
Jon99Ci,0
CG15522,292
alpha-Man-Ic,7
Cog7,36
CG42557,0
CG42558,587
eIF2Balpha,39
Vps13B,25
TkR99D,83
CG7896,66
Acph-1,70
CG7903,54
Sas-6,2
CG15525,61
CG11504,58
CG34298,1
Tace,64
Nph,128
Nlp,134
CG7912,4
CG7920,1467
Mgat2,567
RpS28a,0
Axn,242
ZIPIC,13
ocn,0
janB,51
janA,68
Sry-alpha,361
Sry-beta,0
Sry-delta,45
RpL32,1573
CG7943,140
CG15528,57
CG7946,117
spn-A,78
CG15526,0
CG34317,0
CG7950,343
sima,1108
CG45072,0
Ppi1,2
CG31029,16
Tpi,2229
AdoR,100
CG15529,72
CG11498,14
CG31030,443
CG31028,17
Mlc2,18147
CG1983,88
CG15530,0
Bet5,154
CG9747,681
CG15531,1
CG9743,193
RpS7,2665
Anp,0
CecA1,251
CecA2,413
CecB,83
CecC,298
CG43448,26
CG9737,1
CG9733,177
CG34299,0
CG9682,0
CG18404,0
hdc,125
CG34300,0
Fer1HCH,6799
Fer2LCH,1046
CG2217,0
CG42740,1566
CG15535,53
mRpS18C,56
CG15536,27
CG2218,244
CG15533,0
CG15537,251
Osi23,0
aralar1,856
CG2224,103
CDase,560
PH4alphaEFB,636
spdo,6
Jon99Fii,0
Jon99Fi,0
PH4alphaSG2,0
PH4alphaMP,1
PH4alphaNE1,1
CG31371,0
PH4alphaSG1,0
CG15539,0
CG34041,0
PH4alphaNE2,0
CG31524,0
CG9698,0
jdp,1311
tmod,2911
CG34155,72
CG9702,2
Rpt6R,88
CG9717,178
CG2246,665
CG31021,0
PH4alphaNE3,0
CG31016,0
CG44954,0
CG2267,0
CG31013,0
PH4alphaPV,0
CG34432,0
CG34433,0
Spn100A,2
CG12069,0
Pka-C2,0
CG31010,0
eIF4H2,0
CG11313,0
CG15543,0
Npc2g,77
Npc2h,35
zfh1,14
wts,645
dj-1beta,180
cindr,1455
CG15544,191
tll,0
Cpr100A,627
CG15545,1
CG15546,116
CG12071,60
CG15547,1649
Sap-r,5208
Cyp4c3,53
CG33483,0
Ptx1,14
CG15549,0
CG15550,0
CG15548,0
Ctr1C,0
5-HT7,161
CG31008,3
CG31007,2
CG33773,0
CanA1,62
Alp4,2396
Chchd3,534
dco,888
Sox100B,0
CG11317,174
CG15553,6
CG11318,3
Prosalpha3T,0
CG15554,7
CG15556,15
Gycbeta100B,408
stops,635
mesh,0
bnk,0
CG1544,84
chp,3476
Zwilch,1
CG1542,79
CG15561,1
ATPsynC,10001
CG12054,832
CG15563,1
CG15564,0
qless,268
mRpL32,44
CG1750,7
spn-F,56
CG3669,2
CG18672,0
CG18673,0
pHCl-2,0
CG34347,283
gskt,1
CG1607,382
CG31204,0
CG31002,0
Gcn2,57
PNPase,11
Gprk2,716
lox,44
CG11334,81
CG11333,0
mey,1
nyo,11
gammaCOP,253
pygo,149
rod,6
CG1635,103
CG1638,4
CG1774,151
RpL6,3142
CycG,3475
Med,176
CG11539,32
CG1792,27
pasha,71
kek6,146
CG1815,66
CG11550,292
ttk,285
CstF50,19
CG11563,67
eEF1alpha2,1614
CG1890,151
CG1896,11
awd,952
nero,39
CG1910,234
salt,0
CG2187,0
Smvt,0
CG2150,0
betaGlu,23
sip3,179
CG2126,41
faf,550
CG2118,137
Acf,129
CG42233,44
CG1971,9
CG11576,407
FeCH,514
RhoGAP100F,442
heph,759
CG2003,78
CG2053,0
krz,203
mod,276
Map205,420
mthl8,916
CG43149,30
Lsp1gamma,67
CG13405,0
CG12483,17
Pdk1,3294
CG6845,26
Dic61B,4
p130CAS,190
CG7049,14
Vdup1,995
CG13875,86
Mkp,593
CG34140,0
Mtch,459
rno,156
mri,129
Gk1,384
NitFhit,57
CG13876,27
CG7028,55
Dis3l2,25
Kaz1-ORFB,108
pyx,131
CG13877,42
CG33229,1221
CG42846,64
CG34454,126
E(bx),261
mthl14,0
DIP2,246
wac,205
Tudor-SN,181
mRpL17,104
miple1,1462
miple2,217
CG32845,0
ttm2,4
RhoGEF3,419
fwd,977
ddbt,1
CG32344,14
Atac3,31
Ptpmeg,850
mthl9,37
mthl10,139
mth,201
Cdc5,37
Roc1b,0
CG1233,227
CG13884,0
trh,79
CG13891,5
klar,1821
CG34267,5
CG34268,0
CG34269,0
CG17180,46
Cypl,32
Hipk,666
Ppm1,2
Kah,133
MED14,90
CG13893,674
Reg-2,497
CG43337,0
Gale,1956
CG3402,107
MED30,5
Rev1,18
CG17129,23
CG3386,47
ebd1,93
CG3344,1
RabX6,47
Vti1a,100
CG13894,52
CG13895,19
CkIIalpha-i3,56
CG13896,52
hng3,15
emc,572
CG13898,1
Sf3b3,277
CG42553,47
CG42554,128
CG13901,30
CG13887,496
CG13902,11
Gr61a,3
cep290,1
CG13890,71
dpr20,80
CG12502,320
Usp10,227
CG13907,1933
CG34056,186
CG34057,7
nerfin-1,1
Glut1,1055
CG12038,45
trio,743
CG9205,232
bab1,7
bab2,194
CG13912,158
Trh,37
LysX,1
Aplip1,645
mwh,219
CG32335,2
CG9119,437
LysB,0
LysD,0
LysE,1
LysP,2
LysS,2
CG33965,0
CG33966,1
CG9194,17
CG9192,0
Klp61F,0
CG32318,0
Psf1,5
Sac1,338
CG9129,1
CG9130,0
CG9133,1
tfc,78
CG32333,98
Rabex-5,51
scf,506
Rac1,165
CG9149,74
CG2277,439
Ctr9,131
CG9186,656
Sherpa,985
Myo61F,42
CG9184,0
ND-ACP,1382
msd1,1
msd5,6
CG2211,38
l(3)02640,558
CG2199,38
Ptp61F,245
312,46
ru,32
CG32320,0
CG9168,0
FucTD,0
CG9173,0
SA-2,0
rho,436
Naa30B,0
stet,8
robl62A,0
CG12084,562
hfp,1025
Psa,1054
cue,166
Iml1,78
CG12091,734
pns,298
CG32313,0
Pcyt1,551
Pcyt2,284
CG12099,1064
Pex10,47
CG7879,439
CG12003,4
CG12004,768
CG13917,1440
CG12104,38
CG33791,53
CG18170,0
CG12105,0
CG13926,9
CG33230,207
ABCB7,0
GC,56
CG13928,1599
nSyb,1623
metl,159
Bgb,317
alphaCOP,382
CG13919,25
CG17249,8
Bro,0
CG13920,827
Vta1,183
CG7970,84
CG7971,890
CG7974,28
RpL23A,36
RabX5,4
CG13930,0
CG7991,54
CG12011,0
CG13931,2
drpr,1176
CG18171,70
CG12035,1
Oseg4,3
PIG-Wb,0
Gk2,162
CG13921,70
Cht2,257
CG8001,30
Dhc62B,0
CG13933,103
CG12018,13
CG2021,57
mRpL46,66
alpha-Spec,1005
dlt,23
Cdc37,127
CG12020,14
Patj,252
JTBR,81
CG42676,22
GV1,449
Cpr62Ba,8
Cpr62Bb,531
Cpr62Bc,366
CNMa,7
CG12024,40
Rap1,342
HBS1,47
CG12025,923
dre4,52
CG13937,245
Aprt,70
Tmhs,66
dsb,483
Dbx,5
CG5687,771
Mfap1,36
mu2,7
Cnb,1
mv,102
SCOT,369
CG1927,1765
CG11815,0
CG1139,0
CG42841,0
CG42355,1
sls,539
zormin,171
CG15822,30
CG15879,16
CG5704,62
CG15820,0
CG13810,0
CG5707,360
CG8960,0
CG15878,1
CG9018,47
ACXD,11
CG32301,0
CG1275,1600
CG2034,19
oxt,88
CG13807,19
ecd,47
CG13806,0
obst-I,0
CG32302,0
yellow-g,1
yellow-g2,0
MsR2,89
MsR1,132
CG13801,0
CG1317,848
CG8993,361
mRpL23,138
CG9004,10
CG15877,40
Svil,1882
CG42787,8
CG32298,0
CG32299,1
CG16762,0
Cyp4d20,105
CG1146,123
CG16758,2277
Spn,572
CG32295,1
msn,664
RpL8,1476
dos,245
CG16984,6
CG12182,102
CG16985,52
CG16986,224
Pxn,374
CG42245,0
MEP-1,599
CG14949,4
CG1143,47
CG1246,1
ProRS-m,31
CG42304,100
Snup,0
Fife,728
CG33233,0
CG33234,0
Mrtf,228
Acp62F,0
Non2,121
AhcyL1,280
CG12093,62
Atg2,137
mRpS35,105
pgant6,60
Tet,492
spz5,142
Shab,413
CG9970,0
CG32846,0
CG34025,0
Or63a,9
CPT2,102
CG2113,0
FMRFaR,87
CG32488,0
CG32487,0
aly,0
CG2162,943
Jafrac2,22
scramb2,75
Sk2,110
CG32485,495
CG1271,248
CG16753,11
CG32486,780
CG11486,408
Cht7,333
CG45066,0
CG45067,3
prominin-like,566
CG11537,1053
CG1291,75
Usp5,122
BtbVII,327
ND-30,536
CG15812,46
rasp,7
Asciz,3
CG32280,309
CG32278,292
CG32281,40
CG14963,1
CG14964,40
Girdin,70
CG42494,120
CG32284,3
CG14957,2
CG42525,0
CG14958,0
CG14965,5
Hsp83,4700
CG14966,37
CG32276,743
gry,75
CG32271,72
CG32269,0
CG32270,0
CG14967,60
CG12034,98
RpL28,779
eIF1,1022
CG11505,295
CG17746,487
CG12078,0
CG43389,1
ckd,264
CG34265,9
CG14960,1
CG12017,0
CG12009,2
CG14968,177
ZnT63C,555
Drsl2,17
Drsl3,1
Drsl4,347
Drsl5,699
PIG-C,6
CG12016,294
CG42456,0
Strip,305
PHGPx,1304
CG14961,15
CG14969,189
Drsl6,0
kst,525
Drs,1778
YT521-B,121
CG12010,4
CG12012,286
Ids,5
sty,813
eIF5B,305
armi,49
CycJ,11
CG14971,101
CG32267,163
CG42324,139
CG43074,2
ImpE2,0
Eip63E,1159
CG10359,44
CG10357,43
CG14974,0
dar1,47
CG10862,0
CG43098,0
CG43089,3
CG32264,2180
ppk27,2
CG32266,1
ntc,0
IntS10,22
CG32262,90
CG32263,5
PIG-B,121
Scsalpha,1425
Acp63F,0
enc,177
Rdh,26
Awh,65
Fie,816
CG14977,38
Ccz1,39
Ubi-p63E,3080
Sc2,122
ida,3
mge,334
Eip63F-1,1328
CG10866,131
CG12766,4
CG10863,572
CG14982,134
CG10853,1
CG14983,0
CG14984,234
CG12605,150
CG43915,0
scrt,288
CG14985,65
FoxL1,0
Mul1,38
CG11594,771
Gr64c,18
Gr64b,0
Gr64d,0
Gr64e,22
CG11593,138
Rcd5,24
CG1136,519
Dpy-30L2,0
CG18869,1
dib,0
wit,292
CG32259,1
Faa,226
Gad1,2794
CG14989,150
CG14990,10
CG14995,601
Fit1,335
Ack,253
Chd64,434
ens,129
RfC4,33
Rop,1945
Ras64B,151
Akh,4
CG32260,0
CG1299,132
nab,0
mas,1
Ero1L,136
CG18675,1
Teh4,10
Teh2,595
VhaM9.7-c,121
tipE,242
CG43367,662
CG15005,0
Cpr64Aa,36
Cpr64Ab,0
Cpr64Ac,1
Cpr64Ad,2
ImpL2,165
CG14997,102
pav,0
ago,326
CG1265,57
CG15011,13
CG1309,236
CG11586,102
VhaM9.7-a,522
CG1273,2
Ctl1,82
CG11583,35
CG1316,91
TfIIEbeta,156
Hexo1,177
CG15012,548
Fdx2,235
dyl,1
Claspin,2
PMP34,190
CG15014,13
Cip4,110
mRpS6,24
CG33514,6
CG11342,16
DopEcR,830
CG32240,2
slow,779
Syx17,482
CG15019,80
DOR,1243
CG15020,7
nAChRbeta1,182
CG15021,141
CG12607,6
CG11345,4
CG15022,0
CG15023,0
CG15024,80
CG32241,0
CG32249,0
CG32248,0
CG11349,0
CG7465,0
CG11350,1
CG13722,508
CG13721,10
CG13720,20
NT1,4
Tie,347
CG11353,14
CG32243,98
CG11357,436
CG42540,1504
Src64B,292
CG32246,0
HDAC1,115
axo,224
CG32238,0
CG32236,3
CG34266,0
CG7514,0
CG18418,0
RhoGEF64C,448
CG15876,0
CG13713,3
CG13712,2
CG12493,1
CG13711,6
CG7509,49
CG18808,13
Dhc64C,188
LeuRS-m,54
CG13708,4
CG13707,104
CG32237,0
CG32235,0
Dnah3,1
CG13705,0
CG13704,0
Rh50,378
Con,430
CG17030,1
ATPsynCF6L,0
CG15212,0
CG15213,88
CG4603,179
CG10674,184
CG4611,28
Prpk,24
CHMP2B,131
CG10672,208
Gdap1,18
Fitm,209
AlaRS-m,37
Gen,0
Srp54k,378
shep,2051
CG4669,0
lama,354
Klp64D,158
Cyt-c1,2187
Uev1A,1219
Membrin,80
Pfdn4,223
DIP-delta,190
CG4835,0
blanks,1
CG34342,10
Lkr,29
CG13285,44
frm,78
sinu,75
Sucb,180
Sras,45
bc10,31
Msr-110,2651
l(3)psg2,5
spo,0
CG10592,0
CG5150,0
CG10591,0
TM9SF3,66
mthl2,39
Eaf6,18
Blimp-1,143
lin-28,1
sif,2617
Sse,1
CG46320,0
CG44521,3
DnaJ-1,3131
Usp47,302
CG10576,391
Txl,433
Ppat-Dpck,82
scny,261
vito,28
Myt1,12
PGRP-LD,1120
Pmi,0
Cralbp,86
Bre1,45
Tektin-C,4
S6k,615
CG42272,10
kri,102
mad2,3
vn,323
CG5568,0
CG18586,0
CG13287,1
DNApol-epsilon58,0
CG5592,0
CG32409,44
QC,63
CG32413,0
CG13288,40
CG10483,99
CG32407,209
CG33523,570
Rcc1,90
CG33993,143
CG10479,94
PVRAP,350
alphaKap4,0
CG10477,0
yip7,0
Jon65Aiv,0
Jon65Aiii,0
Jon65Aii,0
Jon65Ai,0
tant,84
CG6592,4
CG10472,1
CG42269,182
CG6602,4
CG13295,64
CG6610,43
ssp6,101
CG13293,78
CG10469,48
CG10467,62
loj,172
Ets65A,179
l(3)mbn,307
Lcp65Ag3,0
Cpr65Au,919
Lcp65Ag2,0
Lcp65Ag1,0
Lcp65Af,0
Lcp65Ae,0
Cpr65Av,1
Cpr65Aw,0
Lcp65Ad,0
Lcp65Ac,78
Lcp65Ab2,0
Cpr65Ax1,0
Lcp65Ab1,0
Cpr65Ax2,0
Lcp65Aa,0
Acp65Aa,57
CG13297,1
Cpr65Ay,0
CG13296,0
CG10289,213
CG7376,5
CG10274,14
D19B,54
CG43293,1
D19A,21
CG7386,5
Sf3b6,289
Tnpo,253
CG8219,7
LanA,147
CG33946,6
CG13299,1
BG642312,0
CG42714,0
CG10226,997
Mdr65,350
Best2,734
ImpL3,181
CG43168,0
CG13300,83
Sfp65A,0
CG42747,88
CG10147,39
CG8270,22
Vps8,39
sfl,1286
CG32396,1
MCU,441
jv,11
ndl,1
CG8368,54
zpg,0
CG8398,343
GluRIA,190
eIF4E4,0
SP1173,782
CG8519,62
ple,3323
dikar,71
velo,222
CG8549,30
CG10103,231
CG32392,17
vvl,551
Prat2,1541
CG45413,0
CG14820,1
tow,204
CG10077,502
CG9948,32
CG10075,124
Surf1,31
sgl,205
CG10064,0
Mis12,7
CG9953,379
CG10063,2
Galphai,440
CG32388,0
CG43439,0
bin,0
Mp,1800
CG17744,0
CG8641,17
CG14823,150
Cpr65Ea,0
Cpr65Eb,0
Cpr65Ec,0
form3,292
msl-3,35
BBS1,1
CG8629,0
CG15829,3
CG8628,0
Dbi,858
melt,54
corn,1073
CG8620,57
Dscam2,179
CG14826,0
CG14829,0
BHD,15
RpL18,2382
Neos,17
mRpL50,20
Cdc27,202
MED4,33
CG14830,636
unc-13-4A,190
CG8607,17
RhoGEF4,0
Rint1,33
CG8602,1893
CG42307,0
mus312,173
CG43780,0
CG43781,408
eco,18
lark,331
Cln7,255
CG14834,7
Srp19,111
qm,131
CTCF,38
pst,687
Sec63,470
Sh3beta,880
akirin,1301
SMSr,114
smid,138
CG8564,0
CG8563,2
CG32379,0
CG8562,0
CG18417,0
CG8560,28
CG42458,205
Rac2,1113
CG14835,0
CG33278,4
ppk26,3
CG42661,0
Tsp66A,0
CG42660,0
CG8543,0
CG8541,0
CG43292,0
mthl6,0
Cyp4d8,92
CG8539,97
CG7548,5
CG7546,159
ltl,1179
lqf,1523
CG14837,2
frac,2
CG14838,0
CG7716,1
Pura,484
Urm1,22
CG7506,48
CG32373,19
PGRP-SD,73
CG7492,317
Ank2,1135
CG44195,1373
CG12262,996
CG7457,13
CG8492,3
Snmp2,152
CG13685,296
CG7409,704
Hn,4600
Clk,323
CG32371,1
CG32369,564
Pdp1,1706
CG32365,29
eIF4E5,1
pbl,213
CG8281,38
CG8111,79
CG32368,496
syd,850
Srp9,117
CG43880,0
exex,0
RNaseX25,75
CG8042,165
HP4,34
CG8209,80
CG8038,19
nmo,202
bip1,24
Ect4,1640
CG42591,1
CG7565,113
fan,1
CG7927,90
Arp3,279
msk,460
ldbr,4
CG7550,21
mRpL36,33
Uba2,52
CdsA,2453
CG7504,27
mus301,1
CG13676,274
CG42445,231
CG43886,1
CG13675,7
RecQ4,1
Nmt,32
Uxs,67
ERR,482
Atg18a,179
MED24,73
CG7387,0
UbcE2M,122
CG8005,11
CG7366,0
CG13679,2
tut,1
CG8006,0
CG8012,823
CG13674,7
CG13678,2
eIF4E3,0
CG7213,0
Dscam4,174
cert,254
CG7201,7
Rab19,24
Arl5,178
CG13671,17
CG7194,13
Sbp2,30
BI-1,1620
CG7185,206
CG43059,0
CG13670,7
CG34461,9
CG34462,0
Cpr66Cb,1
Pex2,41
DNApol-alpha50,21
CG7083,438
CG7182,76
GAPcenA,240
Culd,309
Idh,2552
ImpE1,20
Jon66Ci,0
Jon66Cii,0
CG7120,183
mkg-p,100
CG33057,0
CG13667,7
Oseg1,20
Exo70,42
mtrm,5
CG32354,104
Cbl,136
Unr,2126
CG6983,1519
Gug,415
CG43163,52
ZC3H3,45
CG6745,16
CG6765,68
CG6683,20
GstO3,160
se,1325
GstO2,133
GstO1,21
foi,222
ergic53,81
rhea,1176
CG6638,47
CG43078,2376
Nelf-E,109
RpL14,1748
CG5989,53
CG6282,624
S-Lap1,3
S-Lap2,0
GAPsec,62
Zasp66,2226
Cdc6,1
Cpr66D,46
CG13305,87
Pex7,4
Arr2,29952
h,195
SrpRbeta,76
CG32022,73
CG6511,18
CG43965,0
Cp18,2
Cp15,0
Cp19,0
Cp16,0
Prm,1109
CG13306,11
Fhos,250
CG6576,0
CG5804,0
CG13310,0
CG13311,0
CG34426,0
CG32023,0
CG34427,0
CG13312,0
CG32024,0
CG13309,0
dally,513
CG32026,3
CG43169,0
Mcm7,13
TrpA1,3
mfr,2
Tsp66E,594
CG43783,326
orb2,36
GNBP3,42
mRpL12,56
CG13313,0
ValRS-m,19
CG5653,81
CG5021,337
CG5026,167
pix,496
Srp68,67
CG5644,186
CG13314,36
Galk,933
CG5068,225
CG5280,5
smg,214
CG5087,138
Doc3,0
CG5194,0
Doc2,0
Doc1,2
CG5144,7
Argk,5425
CG4911,85
CG4942,16
teq,283
CG32032,246
CG13315,3918
bol,546
Dhpr,324
Use1,42
nwk,303
Rdl,408
Slc45-1,1005
CG4476,11
CG4483,0
CG4477,0
GluRIB,179
PGRP-LA,918
PGRP-LC,273
PGRP-LF,87
UGP,1906
CG32040,8
CG32039,315
Pdxk,342
CG34456,3
Klp67A,4
mRRF1,55
CG4452,77
Fdx1,15
Hsp67Bc,128
CG4456,1
Hsp22,949
CG4461,133
Hsp26,1578
Hsp67Ba,66
Hsp23,696
Hsp27,88
CG4080,273
eIF4E1,1713
Cpr67B,853
CG4022,129
CG3689,211
CG3967,644
CG3982,17
aay,7402
Shc,95
RpS17,2621
MTF-1,186
Bet3,0
Nf-YA,166
CG33926,412
CG3529,254
CG3448,4
ghi,232
phol,173
CG3552,26
CG3437,6
CG3434,27
CG44838,826
Uch-L5,246
Jarid2,94
pall,75
CG32036,5
CG32037,21
path,1315
CG3408,8
RpS9,2193
CG33700,0
Or67a,1
CG42673,491
Tmc,6
CG3222,1
CG3088,1164
CG3306,0
LanB2,85
CG3335,36
CG8336,71
fry,243
CG8329,3
CG18179,0
CG18180,0
CNMaR,75
CG16717,113
alphaTub67C,20
CG6767,230
CG16719,0
Ubc4,332
CG6761,0
CG16711,87
SH3PX1,164
vsg,436
CG18178,29
CG14174,12
nbs,15
defl,25
Naa60,110
ATPsynB,1885
CG6749,3
CG42268,1576
CG8177,309
CG32052,165
Zasp67,0
Ilp1,4
Ilp2,199
Ilp3,167
Ilp4,0
CG43897,2937
Ilp5,48
I-2,228
Cdk8,27
RasGAP1,159
CG10809,72
iPLA2-VIA,167
CG8108,280
CG34382,10
Taf2,15
CalpB,358
CG6709,91
CG14164,0
CG6707,676
nudE,636
bma,194
CG6685,25
Dronc,961
CG6674,50
CG42455,0
vnc,360
dpr6,308
CG14160,0
CG32053,0
CG32054,0
CG42825,0
dpr10,254
CG8072,0
CG6628,0
ect,24
CG8065,0
scramb1,168
can,0
CG12362,0
Gem3,6
CG32061,0
S-Lap3,0
Rbfox1,600
S-Lap4,5
CG6527,0
CG42521,0
CG43127,0
CG34238,0
CG14151,0
CG42536,0
CG42535,0
hay,46
CG34001,0
E(z),77
CG8009,52
CG18628,6
CG32066,417
CG14154,0
CG14153,26
CG8003,63
Adi1,218
simj,469
CG11811,79
CG33493,13
ND-13B,696
NijA,463
CG43245,3
CG12523,0
CG42831,0
tna,926
CG6418,31
Blos4,57
CG6409,684
galla-2,101
CG6404,40
Cpr67Fa1,0
Cpr67Fa2,0
Cpr67Fb,0
Aps,526
CG14147,2
klu,51
Fad2,0
CG32081,0
CG43693,336
CG7888,1702
CG6321,28
Blos2,61
CG32069,115
CG32075,18
SuUR,9
CG45101,0
CG6310,16
Mocs1,67
Pfdn2,310
CG7839,33
JIL-1,137
Iyd,3
CG33947,165
Irbp18,257
APP-BP1,64
Elo68beta,0
Elo68alpha,1
CG32073,0
CG12522,0
CG34012,0
CG7638,117
Sod1,1671
FoxK,147
mRpL2,75
Ufd1-like,488
NaPi-III,3164
nol,9
CG32074,0
CG14143,2
IRSp53,1518
CG6216,1
Alg10,25
wls,60
CG7616,26
CG14142,50
GlcAT-P,480
Plod,362
CG7607,411
CG14141,140
Ube3a,64
CG7600,159
CG42671,1026
Ir68a,8
scyl,4028
CG6175,357
CG7573,0
CG6163,33
CG11726,0
CG7560,20
CG6149,0
CG7557,0
CG12289,0
CG7551,0
CG6140,0
Vha16-3,0
Vha16-2,0
chrb,3539
Sgs8,0
Sgs7,0
Sgs3,0
CG7512,2
CG11714,0
Fuca,63
Mob2,1035
CG7394,20
CG33267,35
CG33490,0
CG33489,0
CG33271,0
CG33270,0
CG43390,0
CG43391,0
CG33269,0
CG32086,0
rt,76
CG33268,0
CG7368,24
Duba,902
Muc68Ca,0
CG6084,1571
CG6083,51
PCID2,16
CG18815,890
CG32091,1137
RIOK1,37
CG7339,33
CG32085,431
TfIIEalpha,231
Sugb,183
Pldn,31
CG14135,16
CG11652,148
Dnai2,3
CG11658,610
mtTFB1,854
Ccdc56,0
crim,67
CG14132,136
Bmcp,89
sunn,1
CG32087,0
CG6024,180
Muc68D,0
Tim13,4
Pi3K68D,341
CG14131,11
CG5964,1
CG10907,16
Klp68D,334
CG10361,137
CG42255,0
CG14130,23
CG5946,428
CG11597,190
RpL10Ab,1862
CG32095,36
CycA,26
CG7264,0
CG43064,26
CG12521,0
CG44837,72
CG5906,0
Sprn,0
CG5897,79
CG11588,0
SdhAL,1
byn,0
Rpt4R,0
CG5883,15
CG7252,0
CG17826,0
obst-G,0
CG7248,0
CG11570,0
CG43294,0
prc,24
CG42397,0
CG14125,0
CG43896,0
CG6938,6
CG6931,0
viaf,125
Grip163,12
Pop2,336
CG6928,30
rols,235
CG43993,0
CG6793,0
CG43638,0
Sema5c,398
CG17154,0
vers,34
ssp,57
CG11560,9
yps,604
CG34241,0
Lsp2,335
CG11534,51
CG5645,15
Atg12,114
ND-SGDH,932
RhoGAP68F,290
eIF3l,295
Nrx-IV,547
CG32099,48
CG9760,54
Rh7,178
CAH2,2347
CG6910,891
Est-6,266
thoc6,25
Est-P,0
CG11529,25
Adk1,1917
CG5626,0
app,709
CG32100,33
Pbgs,26
CG4300,106
INPP5E,171
CG4328,33
CG44355,0
Lmx1a,30
CG10418,21
CrzR,88
Ncc69,1907
CG32104,6
Obp69a,39
Smyd4-2,17
CG32103,1431
ArfGAP1,391
toe,13
eyg,38
CG32102,5
CG10616,116
CG10663,36
CG10660,313
CG10657,331
CG10638,58
CG10681,66
CG10646,41
vih,213
CG10654,29
sti,0
tral,474
Gcn5,60
ver,18
eIF2beta,362
nst,131
Tsf2,144
CG34242,72
Pmm2,81
CG4069,25
sowah,75
ara,25
caup,22
mirr,9
SmD1,66
Ptp69D,77
CG32112,174
CG32109,92
Klc,655
CG10984,98
CG10973,30
CG32113,27
Hip1,221
CG32106,0
CG10969,0
CG17666,2
Atg1,1080
CG42709,271
Sap130,97
CG32110,6
Sf3a2,36
CG42588,61
CG10960,1902
CG10948,46
Wbp2,444
Ent3,289
CG32107,0
CG10943,1
CG14120,0
CG43894,0
CG14118,8
CG12520,8
CG32117,0
CG32115,11
CG10752,1
CG10748,0
CG10749,0
CG11262,0
CG11263,0
CG14117,90
CG11261,9
MICAL-like,67
CG11267,461
mRpL20,101
ste14,20
AdenoK,403
RpS12,2266
Zmynd10,1
CG17672,3
SRm160,204
RpS4,3276
Syx13,290
CG11279,49
CG17300,0
CG11251,0
trn,252
caps,1321
CG32119,0
Sfp70A4,0
CG42481,0
CG43147,0
SP,0
CG14113,0
CG17687,0
Nplp2,5644
CG14111,0
SNCF,0
CG14107,3
ImpL1,9
CG14110,0
CG10171,17
Poc1,4
sens,4
CG10222,10
flr,230
CG32121,6
CG14106,0
CG14105,55
CG10713,126
CG10154,0
CG10725,0
CG10140,0
CG14109,273
cmb,208
CG10133,3
CG10738,92
CG10089,168
stv,606
Abp1,330
Tgi,122
Spt20,65
Vps36,23
Liprin-beta,62
CG10710,9
bru3,381
CG43184,0
CG8757,5
CG8750,1
Tsp68C,1
Hml,11
CG8745,404
dysc,1792
CG13737,37
Rgl,887
CG8833,15
DCTN1-p150,243
CG32137,164
Meics,14
ssp2,0
Nxf3,377
CG13738,0
Hsc70-1,114
CG17364,689
CG17362,0
CG9040,0
26-29-p,517
CG17361,0
CG17359,8
Nprl3,62
upSET,648
Ptip,27
endos,747
CG6650,89
CG6661,31
Hsc70Cb,971
Neurl4,112
CG6833,60
CG13484,30
Frl,757
Pex1,81
btl,182
CG8100,0
Fbp1,192
Sox21a,8
Sox21b,94
D,36
nan,3
nuf,1616
saturn,13
CG7768,24
CG7924,4
CG34244,29
CG7906,43
fz,334
CG13482,11
CG13481,0
CG43120,2
CG3868,0
stwl,38
CG3919,7
bbg,111
CG9592,0
CG4613,0
Mpcp2,2941
Gbs-70E,1350
CG34039,84
Lk,18
CG42758,0
HGTX,13
shd,40
CG9628,1069
RecQ5,31
dlp,113
CG43121,0
ome,151
CG4914,68
CG5048,5
goddard,1
CG13474,0
CG17177,0
CG13476,0
CG13473,3
CG13471,0
Trl,240
CG42507,1809
CG33260,9
CG9384,534
CG17173,3
mop,162
bmm,968
Tdrd3,18
CG9425,374
NHP2,146
gnu,0
CG17839,2922
CG34245,0
DCX-EMAP,43
CG13465,0
BobA,0
Tom,0
Brd,0
Ocho,0
CG3349,0
CG5114,65
mnd,215
Zip71B,260
mRpL39,80
Prosbeta2,582
Reck,167
Sytbeta,166
CG32148,0
Rpn12R,0
ind,0
CG43678,1
CG18581,1
CG12310,4
CG43679,94
CG13461,3
CG43680,40
CG18649,0
EAChm,2
CG13460,0
Plp,518
sstn,29
GlyRS,144
CTPsyn,211
CG45071,10
CG13458,16
Cep135,9
CG16959,203
CG32847,1
CG13457,2
CG12316,36
Pdi,1164
CG32147,19
Pex3,368
FucTA,184
Msh6,10
Prp31,81
CG7011,59
CG6878,394
CG6888,0
Tollo,137
Best4,0
Best3,0
CG7255,196
Toll-6,132
CG33259,0
CG7804,0
Ran-like,0
CG12355,709
CG13455,2
CG7276,0
CG7275,51
CG7272,396
CG7857,16
CG7841,465
Z600,0
gdl-ORF39,0
gdl,43
Eip71CD,356
CG13454,0
mex1,1
CG7945,482
CG33986,0
CG33985,0
CG42729,0
CG42728,0
obst-H,0
CG43248,4
CrebA,106
AGO2,1605
CG7739,407
SCCRO,312
dop,359
CG16979,44
mrn,3
CG12301,10
AIMP2,148
CG7656,279
RhoGAP71E,494
CG7650,72
CG13449,2
comm3,152
CG7372,0
CG43083,0
Eig71Ea,0
Eig71Eb,0
CG43084,0
Eig71Ec,0
Eig71Ed,0
Eig71Ee,0
Eig71Ef,0
Eig71Eg,0
Eig71Eh,0
Eig71Ei,0
Eig71Ej,0
Eig71Ek,0
CG7579,0
pgant8,3
CG34452,0
CG34451,2
comm2,124
CG42571,1
CG42570,1
comm,107
CG6244,0
CG13445,0
fwe,904
CkIIalpha-i1,16
DCP2,1640
dbo,217
CG12713,18
CG18081,683
CG15715,198
meru,28
pHCl-1,576
sff,511
Pka-C3,405
GXIVsPLA2,112
elgi,96
CG17032,223
l(3)72Ab,76
CG10516,249
brm,6
CG17026,189
CG17029,124
CG17028,9
CG17027,182
Arl1,240
DNApol-delta,21
Hip14,211
CG5830,518
mRpS31,141
mib1,70
Notum,11
CG42717,1
CG5895,440
Diap1,2772
Mbs,1012
CG33258,1
CG13075,3
Tasp1,46
CG5235,3
ClC-c,570
CG13074,0
ATPsynbetaL,0
IleRS-m,5
IntS9,12
Zn72D,162
Taf4,348
Strumpellin,92
Pgm,457
SsRbeta,426
Trs20,48
elg1,20
CG5157,2
CG5151,238
CG32152,0
CG13073,8
l(3)72Dn,24
CG5027,260
PDCD-5,117
MED10,183
Hsc20,7
l(3)72Dp,269
l(3)72Dr,6
CG13055,17
CG13054,5
CG13053,1
CG34247,7
CG13071,227
CG13070,0
CG13051,5
CG13069,0
CG4950,122
CG13068,8
CG34248,15
CG13067,22
CG13066,0
CG13065,109
CG13050,1
CG13064,1
CG13049,0
CG13048,0
CG13047,0
CG13046,6
CG13045,0
CG4962,362
CG4982,2
CG13044,58
CG43249,2
CG13043,386
CG13063,93
CG13042,62
CG13062,3
Nplp3,2680
CG13041,4
CG13060,4
CG42718,0
CG13059,3
CG13040,2
CG13039,0
CG13038,42
CG13058,1
CG33061,0
CG33060,1
retinin,4153
CG13056,170
CG4998,27
mRpS34,125
Golgin104,44
Tcs3,15
Pdh,10783
ringer,343
Cpr72Ea,2
Cpr72Eb,0
Cpr72Ec,250
CG4842,183
CG18814,0
roq,172
CG4753,65
CG4729,333
RAF2,31
CG44836,13
Gagr,34
fax,1540
TMS1,575
GluRS-m,6
TyrRS,104
CG33158,21
dsx-c73A,1
aos,182
CG43373,287
CG42514,651
st,103
CG13033,0
CG4229,0
Mipp1,357
CG43206,0
mbf1,262
nxf2,14
Smn,63
Rpn12,585
UQCR-C2,2471
Syx8,115
CG32163,105
l(3)73Ah,120
tra,12
spd-2,1
CG32165,0
CG32164,109
CG4098,33
Prosbeta6,797
Su(P),83
CG4101,65
Mo25,401
Abl,377
Baldspot,774
Galphaf,23
zetaCOP,288
CG13032,0
CG43954,1868
Lasp,0
CG9692,0
Dab,407
CG13026,12
CG13031,0
PGRP-SB2,0
PGRP-SB1,299
Dbp73D,15
CG9701,370
CG42852,0
Nrt,276
CG13025,50
CG9705,254
CG9706,171
eIF3e,388
CG9674,2784
nudC,158
CG13024,481
TSG101,105
CG9669,101
Zcchc7,55
CG32161,3
Rh4,1648
sina,327
sinah,0
CG13029,1
CG9951,28
Lmpt,3203
CG32170,33
CG13028,2
CG13023,25
CG11905,11
CG13022,7
Cpr73D,308
Obp73a,0
Nc73EF,484
Exn,302
CG3764,303
CG6664,299
CG7728,29
CG6652,2
a10,117
Fit2,144
CG7730,4
Ilp8,14
beg,13
scaf6,21
Papst2,108
CG14057,66
TpnC73F,26
rogdi,198
CG7724,89
Rbp6,1248
CG6512,632
CG7707,0
CG6497,0
CG13723,0
ND-24L,0
CG13725,0
CG6479,19
brv2,0
Mip,219
CG7692,21
tap,2
Cad74A,72
CG13728,0
CG13731,2
blot,245
Sec3,70
CG7630,2612
CG33051,20
CG33052,13
frc,0
CG32174,1224
CG32176,31
CG12229,1
CG18265,66
QIL1,1235
CG7589,176
UQCR-Q,759
CG34250,184
CG13733,0
qjt,2
CG6333,2
Oatp74D,171
edin,5
U4-U6-60K,69
CG7564,78
Edc3,277
Nedd4,1214
Jon74E,0
CG7542,2
CycT,133
Eip74EF,518
Vps60,343
CG7510,734
CG7497,289
Pep,446
CG43085,7
Ndfip,4
Krn,45
CG7484,130
Crtc,266
CG34251,0
Ccn,384
CG7460,14
CG6034,0
Adgf-B,0
Adgf-A,40
Adgf-A2,1
CG32182,0
CG32181,0
CG42815,0
CG42816,3
NUCB1,167
CG5589,2
CG32187,12
CG32191,56
Cln3,47
Grd,171
CG32188,0
CG32189,0
CG5577,82
CG5567,204
MED19,171
CG7430,1840
TrpRS-m,56
CG5535,43
CG7408,98
CG5506,0
CG16775,1
CG7402,29
Tsp74F,749
Prestin,456
CG14353,56
CG5290,48
Eip75B,1023
CG32192,0
CG42393,0
CG44006,4
CG44005,0
CG44004,1
CG34253,257
CG13698,704
mRpS26,43
CG5147,91
mus304,13
CG32195,41
CG7341,2
CG42853,0
Cyp312a1,11
geko,173
CG7330,0
CG13699,2
hid,44
CG7320,0
CG5103,0
CG13700,0
grim,24
rpr,52
skl,29
CG32196,45
CG4306,13
Met75Cb,0
Met75Ca,0
AstC-R2,134
CG32198,0
AstC-R1,100
CG7271,0
term,0
CG4174,3
CG13380,0
CG18234,0
CG18231,0
CG32201,0
CG32199,0
not,199
bora,0
MYPT-75D,958
CG42495,11
Capr,116
GNBP2,208
GNBP1,144
Sgf11,51
CG32202,55
Chmp1,711
Cyp12c1,2
CG6893,0
Dic4,0
CG12477,0
CG6885,0
MED11,39
Nufip,2
Atg3,155
ftz-f1,1101
CG14073,199
HipHop,11
Cat,1490
Indy,551
CG6865,0
CG14074,24
Dysb,34
Grx1,290
Rad9,2
Blos3,33
Ugt,163
CG3961,896
CG3902,659
RpL26,1841
arx,16
CG6843,40
CSN1b,118
CG6841,44
CG14077,0
CG18223,0
CG3819,0
CG32204,459
CG43049,0
CG6836,447
CG14075,12
CG11619,25
CG34256,12
CG18135,1210
CG3808,17
SmydA-2,31
nkd,262
CG43407,0
CG3797,285
Sfxn2,621
Mkp3,1397
MESR6,89
CNPYb,48
CG10424,62
CG14079,2
Gem2,13
CG14082,290
fz2,1273
mRpL21,66
rept,48
nes,174
Bet1,205
Max,171
CG42374,0
CG9666,260
CG45081,5
CG9629,158
CG14085,0
CG14086,3
Gbs-76A,277
fal,207
pip,41
CG32206,365
ms(3)76Ba,0
CG33062,7
Chd3,1
CG14095,0
CG14096,0
CG32214,0
825-Oak,0
CG12519,0
CG18294,0
CG32213,0
brv1,0
CG32212,1
CG9449,94
CG9451,43
CG9452,88
Cpr76Ba,0
Cpr76Bb,9
Cpr76Bc,20
Cpr76Bd,402
CG9279,187
CG43885,4
Ltn1,14
Rcd7,5
CG9300,19
Shal,715
CG9231,205
CG9330,259
CG14100,17
ash1,44
Taf6,25
CG9368,52
lush,115
CG9372,586
Lon,114
PIG-F,47
l(3)76BDm,64
asf1,188
ms(3)76Cc,0
wnd,359
CG8786,65
Oat,57
tey,41
CG8765,77
Gbeta76C,5148
verm,991
serp,1222
Trpml,1
CG42637,0
CG42529,0
CG42638,0
Gyc76C,3
ms(3)76Ca,0
SREBP,530
CG14102,12
Ir76a,37
TORIP,37
CG15881,168
CG34116,19
CG14104,24
Kap-alpha1,209
Cyp305a1,190
cyc,233
Fibp,161
Deaf1,120
trc,193
CG32221,99
kto,24
Papss,255
Rab8,520
Usp32,508
Mi-2,118
Su(Tpl),481
Prp3,166
Mtr3,42
Rpn1,445
Su(z)12,44
Pfdn6,462
Grasp65,234
CG8004,122
RhoGDI,671
Ac76E,221
CG32219,0
CG34258,0
CG42655,0
CG42654,0
CG42263,0
CG14182,116
hale,0
schuy,0
Csas,251
fln,6
Nca,501
CG7646,2383
Gabat,706
Tom20,450
CG7668,248
kug,264
CG14183,16
CG14184,50
sNPF-R,170
CG14186,962
CG14185,0
Ir76b,9
CG14187,0
CG7365,160
gig,31
obst-J,0
CG7335,0
CG7328,79
CG42674,732
Ssk,171
CG42833,0
obst-F,0
CG7298,0
CG7290,0
CG6996,0
CG7017,0
CG6933,0
CG17145,0
CG17147,0
Su(var)3-3,95
CG13813,20
CG17233,82
Clc,1268
CG6951,6
rdgC,506
gogo,97
CG17122,2
FRG1,94
Pex23,71
SCCRO4,94
CG32225,284
polo,2
alphaSnap,1543
Spn77Ba,775
Spn77Bb,1
Spn77Bc,0
Rbbp5,2
eRF1,735
CG5618,3720
kin17,47
DNApol-alpha60,1
Toll-9,0
in,50
CG13247,6
Ide,434
RhoBTB,283
CG5498,110
fbl,754
CG33969,38
trbl,203
CG13248,211
zye,1
CG5282,188
CG5274,31
CG5262,103
Las,86
Psn,178
mRpL15,42
CG5872,13
CG11796,4792
CG5910,347
CG5199,26
atk,36
mag,1
CG42764,0
CG5955,89
CG32428,220
CG5969,57
isoQC,181
ZnT77C,38
ND-39,1717
CG32425,370
CG18281,0
CG5059,2890
mTerf3,22
CG5104,134
CG4825,492
CG4858,140
Rcd2,184
CG13250,1
knrl,167
CG13251,0
kni,47
cmpy,107
CG13252,83
CG43251,0
CG4074,30
CG4186,31
CG4042,25
Pitslre,2593
Pex16,69
Pex14,77
CG11399,119
CG11396,26
Six4,10
CG3698,0
tzn,250
Spc105R,8
CG3634,31
HIPP1,125
CG3618,204
Pka-R1,1544
Mst77F,2
CG3288,18
CG13255,362
CSN3,76
CG11456,23
CG32432,451
Sfp77F,1
CG43931,0
CG11458,454
fng,395
CG10589,0
Sems,0
CG10588,0
CG11037,0
CG10587,0
CG12983,0
CG33287,0
CG33286,1
CG12984,1
skd,582
CG10585,186
CG10584,12
Sin,56
CG10581,15
siz,625
CG43072,3
ko,330
CG33285,3
CG43938,0
CG33284,0
ICA69,67
CG10565,263
Ac78C,173
chb,837
AsnS,297
CG42337,236
park,19
CG34261,2
CG33054,29
CG33056,304
CG10512,375
CG10510,0
CG10508,297
CG12975,102
Ilk,374
CG43219,101
Eip78C,257
CG43218,2
CG9391,377
CG9389,24
AcCoAS,4446
ppl,242
CG12974,4
pzg,147
Cpr78Ca,1
Cpr78Cb,1
Edg78E,3
CG43702,0
Cpr78Cc,1
CG11309,266
CG7632,75
Pc,62
Rab26,203
Tsr1,32
CG7324,136
CG32436,0
ebd2,44
CG12971,1
CG32437,0
CG32440,0
rgn,654
sa,0
barc,132
CG33288,5
Aef1,105
CG5664,15
Alp1,0
Syx7,509
croc,9
Neu2,0
CG7202,0
CG7519,64
Hr78,430
Glg1,382
Est-Q,66
M6,457
SAK,10
Cdk12,193
CG7611,2715
Arv1,31
Mkrn1,323
Rpn10,451
COX8,2221
VhaM9.7-b,937
CG33290,0
Wnk,277
CG7173,0
CapaR,4
CG7634,0
CRIF,39
SMC5,27
CG32441,400
TfAP-2,52
S1P,22
CG11307,14
CG7166,437
CG11306,127
MED1,64
ORMDL,41
CG32444,901
CG32445,0
Atox1,601
CG43980,31
Cpr78E,1
CG11249,0
Als2,188
CG11248,114
Sfp78E,1
CG32447,4
CG11247,390
Rpb8,100
CG14570,0
CG14569,2
CG14568,0
CG14573,0
CG14567,79
CG14566,5
CG14572,47
CG14565,15
Syn1,518
CG7370,2
eg,22
CG43895,0
CycH,19
CG7407,107
CG7414,151
CG32448,120
CG7148,154
Nopp140,70
P5CDh1,935
CG14563,1
mub,2839
SLC22A,111
DNApol-eta,1
CG14562,146
CG7458,38
CS-2,0
CG7470,298
Act79B,100
CG7140,0
CG43392,0
Oct-TyrR,202
CG14561,1
CG7139,203
CG7133,63
CG7130,94
RpLP0,3106
Sfp79B,0
msopa,0
olf413,428
Rich,167
Ddx1,35
CG11523,84
Csp,549
Srpk79D,80
Hem,157
IleRS,161
Ten-m,309
CG32450,0
laza,939
CG11438,81
CG11437,0
CG11426,350
CG11425,146
CG43312,0
CG43331,0
CG43329,1
CG11404,0
Trxr-2,0
CG14459,306
ND-B14.5AL,0
CG14457,51
CG14455,0
CG14456,0
CG14454,0
CG12546,0
CG14453,0
CG14452,0
CG32453,0
CG45116,0
CG11370,0
ArfGAP3,199
CG32452,13
mael,5
CG14451,1
CG14450,25
CG11367,98
CG32454,5
CG11241,62
l(3)04053,99
CG7369,174
SPoCk,2025
CG14448,5
jim,969
CG45428,0
CG11226,1
CG32462,0
CG32459,0
CG33169,158
CG33170,301
CG11137,474
Arf79F,2917
CG11109,84
Chro,187
Ssl1,8
slif,397
CG11131,2
BoYb,2
CG12768,45
Mes2,60
CG32461,1
CG32457,5
nrm,657
RpL10,2617
CkIIalpha,1386
CG33217,66
Vps11,95
CG34031,0
nAChRalpha4,1086
alpha-Cat,266
ND-MLRQ,3129
AGO3,1
CG17454,320
CG40298,27
CG17698,1540
CG43968,3
CG40470,18
CG40045,1985
Snap25,1903
nvd,1
mRpS5,864
scro,1239
CG40472,238
ND-AGGG,532
Set1,82
MED21,108
UQCR-11,1685
CG45782,365
FASN3,2
CG40178,2054
CG40160,219
CG42598,2
CG40228,288
vtd,91
RpL15,3262
Dbp80,1030
eIF4B,410
CG17514,272
CG45781,70
CG46302,0
CG40498,809
rl,2358
CG40191,191
Yeti,150
l(2)41Ab,46
Maf1,1498
CG17691,503
CG41520,584
CG17684,269
MFS17,425
CG41378,66
Scp1,231
dpr21,117
RYa,0
uex,630
Haspin,60
CG17683,578
RNASEK,1126
IntS3,146
Gprk1,261
RpL38,6100
Stlk,105
p120ctn,828
CG17486,39
CG17883,727
Nipped-B,389
conu,369
CG12547,577
CG17528,279
CG14464,146
CG44102,0
TpnC41C,430
CG3107,369
gus,1436
Atf6,431
Nipped-A,59
d4,554
sxc,570
CG10465,585
CG10395,42
CG30441,6
COX4L,0
CG10417,306
laccase2,709
CG30440,34
CG30438,560
TpnC4,2
Fis1,807
CG17508,527
CG11665,578
CG1344,20
Not3,899
CG8245,447
kune,116
scaf,158
CG17337,350
vlc,307
ap,902
l(2)09851,50
CG34200,734
CG7791,48
Gp210,20
ZnT41F,169
Or42a,1
Tsp42A,0
dpr12,1796
CG44438,0
CG43366,1
CG7882,0
CG7881,7
BubR1,2
mle,280
Src42A,1047
Act42A,568
Pngl,21
Strica,18
SCAP,292
CG14591,697
Tbce,342
CG34211,1
CG34212,12
CCHa2-R,25
CG7856,0
l(2)k09848,61
CG7849,23
SmydA-5,15
Ars2,91
EcR,432
CG14589,5
Cyp6w1,219
CG8343,71
CG11211,0
Ptr,111
CG30432,0
eIF3f2,0
CG30431,10
CG17994,4
l(2)k14710,309
bin3,465
tomboy40,14
Pld,111
jing,76
Vha16-1,3530
Trap1,126
Bap170,29
Fmo-2,142
Debcl,249
Opbp,34
geminin,38
sced,17
Dpit47,15
Adf1,336
CG15908,26
CG9410,92
Hsepi,134
PGAP3,71
CG17266,10
CG9422,59
Tdc1,96
CG15909,1
Tdc2,35
CG3270,6
Mob4,376
Rab2,1089
CG45092,0
CG3409,152
Zip42C.1,0
l(2)01289,453
phtf,332
CG3267,57
Eb1,855
CG3420,75
CG9436,315
Epac,562
Cyp6a2,232
SdhB,691
CG15237,46
ubl,159
koi,233
CG15236,333
CG34215,63
CG9445,0
coro,553
CG9447,17
Spn42Da,417
Spn42Db,0
Spn42Dc,13
Spn42Dd,161
Spn42De,7
CG30158,252
CG3358,43
mim,0
CheB42b,1
CheB42c,45
CheB42a,0
ppk25,0
Cyp6u1,133
CG30157,15
vimar,0
CG30156,15
CG17002,83
Tsp42Ea,159
CG30159,193
Tsp42Eb,0
CG30160,0
Tsp42Ec,0
Tsp42Ed,190
Tsp42Ee,1580
Tsp42Ef,747
Tsp42Eg,160
Tsp42Eh,41
Tsp42Ei,304
CG33914,15
Tsp42Ej,2441
Tsp42Ek,1163
Tsp42El,596
lbm,224
Tsp42En,74
Tsp42Ep,2
Tsp42Eo,26
pgant3,117
Tsp42Eq,1
Tsp42Er,6
CG12836,3
CG12831,0
esn,103
Cyp9b1,12
Cyp9b2,239
Spn43Aa,0
CG12828,0
pk,108
Spn43Ab,654
Spn43Ad,13
nec,302
CG11060,4
CG33140,3
CG30385,3
CG30384,0
Or43a,1
Ady43A,235
Gadd45,164
CG1850,4
Br140,46
Incenp,1
pwn,69
CG12164,5
Dscam1,137
cos,82
Dhx15,155
Gr43a,0
Glo1,170
Eaf,201
CG11112,0
CG11113,0
CG43123,0
CG43267,1
CG1701,0
so,202
CG11145,0
CG11123,30
sPLA2,84
CG30503,494
kappaB-Ras,0
fa2h,9
CG11125,3
Inos,2453
CG11141,64
CG11127,41
p47,189
Aldh-III,1398
wech,189
Coop,40
CG1620,21
dpa,15
didum,366
mEFTu2,86
az2,13
CG1603,35
CG1602,2
PIG-G,12
Orc1,5
Drat,4725
Cyt-b5,1004
CG2137,747
CG1598,105
Corin,141
CG30499,154
boca,139
Vps13,232
blow,301
CG1360,7
scra,12
CG1358,1145
CG43340,541
CG43341,98
CG17985,96
Rpt1,902
CG30491,43
CG30495,49
CG2070,1
CG2065,133
CG2064,39
DCTN4-p62,83
CG12826,3
mRpL52,74
CG12107,86
U2A,42
LRR,773
CG30493,61
CG30496,13
CG34216,0
tor,0
CG1941,80
CG1942,74
CG1946,1
CG18812,2291
CG45093,1896
CG30497,0
cn,1
CanB2,574
CG12825,14
CG12824,2
Gapdh1,4033
mus205,8
Nop17l,347
sax,183
CG1550,21
CG1882,753
cathD,1145
CG30383,0
phr,139
Prosalpha1,0
CG18853,1
CG30382,1
CG12822,0
Atg10,5
Dgk,158
CG30377,53
CG12159,83
Cul1,1131
Or43b,24
Kdm4A,14
MFS12,20
PIG-X,24
rnh1,12
drosha,6
CG8728,120
CG30380,56
CG14764,649
CG34431,0
azot,0
CG30378,0
CG2906,56
CG2915,73
Sep5,57
nito,93
CG14763,1
CG8726,850
CSN4,47
ACC,2215
Nup44A,69
Dic3,0
Hey,4
CG11191,190
Odc1,20
Odc2,5
CG14762,1584
Optix,99
CG12769,92
CG17977,118
lig,176
Vps28,247
slv,66
sut1,137
sut2,8
sut3,0
sand,97
CG8712,7
CG11210,436
Cul4,192
udd,24
Asap,673
Nup50,47
coil,129
Socs44A,181
Pbp49,156
CG42516,0
Pabp2,202
Obp44a,4218
Lpin,1695
kermit,97
CG8708,7
RagC-D,184
Rs1,40
CG30373,131
Gasz,64
Mlh1,4
CG14757,193
LRP1,383
CG14756,0
CG34217,733
dpn,4
pnut,244
CG44439,0
CG14760,0
CG30369,1
CG14759,0
CG2291,0
CG12126,0
CG30376,0
CG30375,0
CG30371,8
pdm3,209
CG11635,2
hubl,0
spaw,0
whip,0
cola,0
swif,0
boly,0
CG18449,0
CG2127,0
CG8701,1
CG2121,250
CSN7,143
Lcp1,2
Lcp2,0
Lcp3,2
Lcp4,0
Cyp4ad1,1
Cyp4e2,155
Cyp4e1,31
Mal-A1,4
Mal-A2,1
Mal-A3,0
Mal-A4,0
Mal-A5,494
Mal-A6,0
Mal-A7,0
Mal-A8,0
mtt,239
CG12780,0
Cyp6a14,106
Cyp6a13,33
CG42326,48
CG14752,26
CG43183,0
CG8736,611
CG8735,138
rgr,60
Cirl,881
Vps25,117
beta3GalTII,15
CG14749,47
CG8635,111
ptc,48
Acsl,2348
UQCR-11L,31
CG30355,0
Jon44E,0
CG8586,543
CG8738,157
CG8584,0
CG12376,0
CG14744,0
PGRP-SC1a,0
PGRP-SC1b,0
PGRP-SC2,1
CG14767,731
CG30357,39
gcl,190
CG30356,20
stmA,1573
CG8740,1347
CG42615,12
CG8746,0
sns,81
CG30350,5
RyR,89
CG8272,28
DCTN2-p50,240
Sec31,216
ana2,2
CG13751,192
MrgBP,18
Ggamma1,3029
CCT8,152
CG30349,16
Pgi,2607
lin,40
CG34219,9
CG8248,148
Spt,8
CG8243,102
CG8237,94
AIMP1,8
PAN2,94
CG13749,0
FANCI,3
CG13748,29
CG8230,36
CG33199,0
CG8229,612
Tom7,622
babo,48
spab,181
CG8213,59
Np,2
CG8172,4
CG13744,1
CG13747,0
CG8170,10
Ance-4,274
PPO2,21
CG13743,275
CG8197,0
ana,29
CNT2,15
CNT1,0
CG13742,1
Dbp45A,22
CG8080,309
CG13741,1
CG8078,28
CG8777,41
Vang,89
Pmm45A,269
tsu,176
Mys45A,42
Phax,154
Su(var)2-10,183
GstE13,38
CG18659,174
Hydr1,301
alc,994
CG8788,0
CG44286,2714
shrb,328
Prp38,91
CG30344,430
CG30345,155
CG8008,381
CG8046,37
Rad51D,1
CG42382,20
Rme-8,154
Rab32,1963
CG8026,3148
CG45085,0
unpg,2
CG8027,29
VhaAC45,1041
hig,1009
Cyp4p2,7
Cyp4p1,76
Cyp4p3,43
CG30343,8
Pkn,1914
CG34141,43
CG2063,46
CG1968,4
Mad1,24
Drep2,317
Myd88,399
CG13739,321
CG13954,181
Or45a,0
CG12158,302
l(2)03659,4
CG8800,6
Non1,875
l(2)k10201,7
CG33774,145
wun,748
wun2,406
CG13955,0
prel,1206
Pdk,357
ced-6,2271
Camta,135
Wnt2,50
brp,1233
CG1888,79
CG1809,1
Not1,1838
CG1814,406
Smyd4-1,5
Updo,303
CG12929,13
RpL31,2584
clos,0
CG1827,48
Map60,86
CG30338,2
CG1902,19
CG30340,0
CG30339,0
GstT1,124
GstT2,57
CG12926,153
Mmp2,1012
Uba1,798
CG30002,23
CG1773,3
CG10459,17
dap,114
sqa,199
trpl,3682
CG1690,0
CG1688,309
CG1698,302
CG1648,1882
lectin-46Cb,1
lectin-46Ca,0
CG34033,0
CG30001,1
dila,3
hebe,159
CG1663,49
Lsm11,11
CG1665,28
Vamp7,903
CG1667,287
Orc6,8
Prosalpha7,599
CG1671,30
PCB,1491
CG30010,145
CG46338,175
Ntmt,40
CG18446,1
CG12744,8
Sec24AB,56
CG1513,328
CG12923,0
CG30008,2
tea,20
CG1441,190
FMRFa,15
Etf-QO,956
Mef2,779
CG15863,24
Pal1,149
CG1418,126
CG12133,0
eIF3j,828
CG12134,56
eve,0
TER94,2079
Pka-R2,891
CG12128,128
CG1407,153
CG12129,40
oys,659
CG34220,1
COX7C,3000
CG44296,25
sel,210
magu,175
Def,32
PIG-N,7
mRpL42,41
Cdc2rk,26
CG12920,0
CG1371,47
egr,507
CG2269,1193
sut4,0
Jra,279
RpLP0-like,99
14-3-3zeta,8249
Pfk,1290
dmpd,292
Ccs,27
gem,722
CG46319,0
CG12917,6
Or46a,2
CG18011,3
KCNQ,214
mlt,1049
CG34221,0
Hr3,90
CG12912,0
CG46321,0
Hdc,128
CG12209,0
CG12914,0
CG12913,117
Syb,345
CG12911,40
CG12910,57
CAP,644
JhI-1,24
CG12909,31
Ndg,79
CG34222,0
SLO2,411
CG43200,0
CG43172,0
CG46305,0
CG43171,0
CG43201,0
CG43178,3
CG46298,0
CG43397,0
CG12902,2
CG42733,0
Gr47a,0
Ir47a,15
Prx2540-2,117
CG11825,106
CG33474,9
Prx2540-1,1
CG12896,2
RanBPM,645
CG12895,64
Galphao,1349
Cyp49a1,37
Caf1-105,7
CG11777,0
whd,970
trsn,42
CG17765,209
pre-lola-G,31
lola,1868
psq,1696
CG11883,172
Git,77
Elp2,40
CG12934,1
stan,57
Rab3,1464
CG12309,0
CG12338,99
CG7220,674
Mat1,30
CG33144,1097
wde,143
CG12935,19
CG7637,208
mms4,0
CG12341,366
CG7222,290
dgo,41
Prosbeta5,866
Lsm10,1
RpS15Ab,229
CG12343,106
CG12325,14
CG12344,87
LTV1,245
CG30015,514
CG30016,0
nclb,81
Taf5,42
Pex6,54
CG18003,127
CG18004,50
CG30020,60
cag,51
CG12942,27
ND-B14,457
Rpb5,80
polyph,0
Spn47C,79
luna,244
CG43188,0
CG43189,0
Cyp12d1-p,0
Cyp12d1-d,0
BBS4,5
CG13229,101
CG13231,1
CG12391,116
CG13230,0
shn,163
CG9084,4
Syx6,1213
CG7737,55
metro,482
CG13218,1
CG13228,0
CG13227,0
CG13217,0
CG34224,0
CG13216,0
CG13215,7
Listericin,255
CG13226,1
CG34225,0
CG34227,614
CG43112,2
Or47a,1
Cpr47Ea,5
Cpr47Eb,0
CG13223,0
Cpr47Ec,0
Cpr47Ed,0
Cpr47Ee,167
Cpr47Ef,49
TpnC47D,108
Cpr47Eg,5
CG9067,59
Vhl,123
CG9062,70
CG13220,360
Fbl6,177
CG18335,42
dare,68
CG30033,32
CG18336,126
CG42336,316
CG7741,117
Obp47b,0
Fpps,36
CG7745,46
nompA,3
CG43114,80
sha,0
lambdaTry,0
kappaTry,0
zetaTry,0
thetaTry,0
alphaTry,0
epsilonTry,0
betaTry,0
gammaTry,0
CG30031,0
CG30025,0
deltaTry,0
CG13202,3
iotaTry,1
CG12384,532
ix,33
san,164
CG13204,125
Tapdelta,247
CG13203,45
Tsp47F,21
Sod3,476
sprt,208
CG30022,240
Smyd4-3,8
CG30026,14
CG34054,24
Drip,1440
CG7763,1
Prip,264
qvr,913
E(Pc),319
inv,31
en,3
tou,342
Egm,44
CG9005,1390
CG9003,1133
CG34228,36
Roc2,263
Tret1-1,1066
Tret1-2,10
Buffy,107
CG13196,0
wal,642
CG13197,71
pyr,218
ths,708
CG42493,2
CG13192,39
Sobp,56
CG34229,55
S2P,64
CG43190,0
Sln,300
Mtor,62
CG34230,0
Twdlbeta,0
Damm,14
CG42531,0
CG13185,11
cuff,0
ERp60,893
eEF1alpha1,7667
MCPH1,32
Zip48C,39
reb,149
exp,583
PI31,330
ADD1,85
CG30036,0
CG30037,0
GalT1,114
RnrS,38
CG34231,10
rho-7,76
CG8298,68
otk,36
otk2,46
Mppe,875
pds5,178
CG8321,688
128up,148
RpIII128,31
Drep1,181
CG30039,0
CG44314,0
Drep3,54
CG8888,73
CG13186,1
jeb,68
CG18343,110
SkpB,24
Smyd4-4,68
OSCP1,7
Hen1,17
CG8878,193
CG8407,10
Prp8,62
CG13177,0
CG34232,16
Oda,11549
SmD3,13
CCT5,106
EndoG,33
CG8860,243
wash,45
CG33964,73
CG13175,0
SmF,49
Cyp6g1,606
Cyp6g2,2
Cyp6t3,13
CG8858,25
RpS11,1268
Sr-CII,0
CG13171,0
CG8854,106
CG13170,0
CG43315,0
CG43244,0
CG13168,13
Vha36-2,1
Cam,11603
CG42700,163
CG8850,2
CG13164,0
CG17739,333
CG30203,31
CG30046,29
mIF3,32
CG8841,102
garz,257
CG8490,35
CG34021,3
Den1,246
CG8839,348
ana3,4
CG30047,1
CG30049,0
CG30043,0
CG33012,0
CG13160,0
CG13159,0
Cpr49Aa,37
Cpr49Ab,3
CG13155,9
CG8501,74
Cpr49Ac,41
Cpr49Ad,0
CG30048,0
Cpr49Ae,290
Cpr49Af,5
Cpr49Ag,146
CG30050,9
Cpr49Ah,9
CG13157,0
CG42782,0
CG8834,2
CG8520,259
CG8525,43
CG13154,12
Nup54,41
CG43204,0
DUBAI,407
Tmem18,56
Dyb,623
CG30334,21
Lac,223
dgt5,1
CG8545,22
Dh44-R2,180
CG34234,4
fdl,191
s-cup,35
vis,0
achi,87
CG13151,19
CG8818,218
CG8569,18
fra,247
CG30056,4
Cyp301a1,20
Ak6,33
stil,0
ClC-b,61
Sin3A,839
Amph,998
Galphaq,22847
CG45086,0
CG30054,3
CG17760,26
muskelin,33
spt4,96
CG33672,0
CG33671,301
Iswi,65
CG8785,608
CG8778,62
ZnT49B,293
CG8646,7
nemy,662
GLS,357
CG8771,14
CG13148,23
CG30053,5
Obp49a,142
CG8768,93
wuc,0
CG42663,1167
Mos,0
Taz,271
mRpL18,73
ox,2825
Dgkepsilon,206
Nacalpha,514
CG12374,1
sca,72
CG17580,0
Cyp9h1,48
Or49b,1
antr,2
CG30486,0
CG17574,261
bic,1215
CG3790,37
Lfg,74
AspRS,384
Nmda1,1120
vg,51
NAT1,6964
CG13319,34
sug,63
CG17019,221
SCCRO3,201
Sans,27
CG30487,0
Mdr49,338
CG44251,0
CG44250,0
CG13321,1
Psc,59
Su(z)2,134
CG13323,0
CG13324,0
Drl-2,54
CG44341,0
CG13325,24
CG3955,135
CG13326,0
Cap-G,34
Ack-like,57
TppII,487
ND-MWFE,1088
Nrk,9
CG15870,10
GLaz,369
Spt-I,224
AGBE,935
CG33137,5
CG17724,2042
Kdm4B,256
seq,0
ValRS,117
Orc3,16
CG34315,0
FLASH,31
CG34312,0
CG30058,0
CG34235,0
AQP,121
CG4627,59
CG4630,86
CG4646,43
CG17059,199
Fsn,200
Dp,380
Pex13,315
fsd,10
CG4670,198
CG4676,25
CG4679,71
GstE14,183
Mp20,1596
CG4712,0
CG4714,0
CG4716,1265
CG10799,231
CG42319,262
Dh31-R,112
CG17047,0
CG17048,4
CG10814,1
CG43691,0
AttC,876
CG4744,0
IMPPP,0
CG18278,1
CG33470,2
CG30059,0
CG42321,1422
CG30060,16
CG30065,0
Ser8,0
cnn,615
CG30062,29
cbs,132
arr,190
CG43192,0
cbc,32
cid,0
bbc,814
drk,554
mars,13
mip120,123
mEFTu1,462
Vmat,730
CG13330,1
CG13331,1
CG13332,10
CG6145,712
CG33156,79
Roe1,98
link,2
CG13334,0
CG42807,30
CG42808,646
CG6191,627
CG45088,0
fand,43
S-Lap5,0
CG43058,0
CG34236,0
CG12464,0
CG17716,359
CG6209,0
CG13337,0
CG18368,3
CG6220,0
CG6280,2
Cpr50Ca,1
S-Lap7,0
Cpr50Cb,51
stj,313
fl(2)d,525
CG13339,53
CG6329,3834
CG6337,1
CG6347,1
CG6357,358
Syngr,1192
CG30484,0
CG30485,0
CG6543,250
CG6553,33
tum,2
Uba3,28
CG16935,197
CG13344,36
shot,945
DJ-1alpha,2
AGO1,725
mRpL53,0
CG33155,947
Rpn13,575
Cp1,13111
CG42806,209
PheRS-m,82
St4,0
CG18568,2
CG6701,185
Ctf4,6
CG8067,36
RN-tre,190
mam,373
CG18371,1
Prosap,1983
CG42287,0
CG42288,1
Rcd1,213
pea,42
CG13018,90
CG13016,28
CysRS-m,27
O-fut1,13
eIF3m,745
CG8323,103
CG18327,27
CG18324,151
CG8331,683
mRpS16,92
cg,889
CG30069,306
VGAT,1016
Sox15,36
RpS23,5176
CG8468,424
Opa1,290
CG8485,337
Usp20-33,51
SmydA-1,30
Mdr50,0
Hsc70-5,383
CG8531,180
beta4GalNAcTA,50
CG8547,230
SelD,92
conv,131
Ih,2079
tej,2
Shroom,229
CG8613,176
CG8617,70
Arc1,2652
Arc2,69
Tfb1,105
CG34184,1
CG34442,0
CG34443,0
CG34444,0
Obp50a,0
Obp50c,0
Obp50b,0
Obp50d,0
CG34185,0
Obp50e,0
CG30075,0
Dh44-R1,125
CG10104,0
CG17385,297
Sin1,31
Achl,237
phyl,33
Oaz,2
PRAS40,193
Cpsf160,29
Asx,145
Cpr51A,63
CG30197,2538
ttv,126
CG30076,0
LamC,206
CG12869,11
RpI1,35
Blos1,126
tra2,250
CG12868,203
CG33469,6
CG33468,1
Su(var)2-HP2,57
Sec61beta,232
CG12863,9
CG10131,1
CG43236,22
CG10139,73
Adgf-E,0
CG12861,0
CG12860,0
CG12866,0
mspo,174
CG30479,40
CG30480,0
jef,1088
Dro,76
AttA,326
AttB,147
Rpn6,1580
ave,68
CG10151,16
ND-B15,566
Trs31,50
CG12857,4
Spred,606
BEAF-32,102
kn,18
hui,92
CG10202,0
CG10205,496
NaPi-T,18
CG10209,69
SMC2,6
Ercc1,1
Ciao1,126
HPS1,61
CG33506,21
U3-55K,20
Pcf11,531
Cyp6a22,34
Cyp6a17,97
Cyp6a23,77
Cyp6a19,0
Cyp6a9,109
Cyp6a20,15
Cyp6a21,59
Cyp6a8,68
Cyp317a1,111
Kank,801
ADPS,83
CG12853,0
Lap1,159
CG10257,98
aPKC,741
ckn,692
pcs,716
CG7639,363
CG10265,16
hbs,95
CG43101,0
chn,471
Rpb12,110
CG8089,6
CG7544,7
igl,2273
CG43068,13
Sfp51E,0
GPHR,129
CG11807,115
row,64
CG8093,0
CG11808,13
mRpL41,26
CG8079,39
Hex-C,310
Fs,826
scb,399
ItgaPS4,0
Trpm,272
ND-51L2,2
CG8152,23
Xpc,605
CG8155,65
Arf51F,858
CG8157,0
CG8160,0
Hr51,25
unc-5,337
Pms2,19
dup,22
SRPK,266
CG43729,902
Mtk,1225
CG30472,0
CG34188,0
CG8180,428
CG12964,1
GalNAc-T1,206
Khc-73,460
CG30471,0
CG30467,35
CG8187,63
Vha36-1,1252
eIF2Bgamma,52
CG8192,27
CG12963,2
CG8195,314
Flo1,506
CG30466,18
Cdk5,145
CG8204,31
CG42524,246
fus,577
CG8207,81
Vha14-1,980
CG30091,5
Impbeta11,31
Cep89,0
CG30090,6
CG30088,2
CG33460,6
CG33462,0
CG42662,104
CG30080,0
CG30083,6
CG30089,82
Zasp52,303
tun,179
CG33465,5
Poxn,12
CG8249,264
Gpo-1,571
Rif1,12
sli,491
bdg,146
Diap2,237
bug,101
Mlf,839
Cyp4aa1,106
COX6AL,0
Strn-Mlck,527
CG8366,20
CG8314,161
Pex11,142
CG8320,178
ATPCL,598
CG8370,101
Ufc1,286
CG8389,68
CG8388,16
Prosbeta1,711
Rrp42,24
CG8397,294
CG8399,265
casp,177
CG8401,10
SP2353,531
CG8405,123
Dg,408
mRpL34,50
CG8414,11
Rho1,1325
Ric,322
Asph,186
Jhedup,9
Jhe,83
spin,742
Got1,1045
CG30094,58
CysRS,50
Ext2,91
CG10731,24
lbk,507
CG10734,0
CG8435,15
Ptp52F,2
Lis-1,1399
CG8441,12
clu,518
calypso,83
CG44242,377
CG42837,0
CG44243,892
Shark,20
mrj,996
CG15706,457
Tsf3,93
CG15701,8
CG3687,0
krimp,3
CG15708,0
CngA,57
fidipidine,57
csul,15
Khc,1013
CG33017,0
cato,0
prim,78
CG15705,1
CG7755,0
CG30324,4
CG30099,5
JhI-26,106
CG30100,162
CG42372,0
CG7747,26
Atg9,150
Nox,10
CG8060,15
CG30096,34
CG4282,18
Vha44,543
Hmgs,149
CG7997,152
Nup62,39
wcd,31
CG15710,0
CG6262,0
CG15711,1
CG43187,0
Sema2b,228
Menl-1,0
Menl-2,0
jtb,33
CG7848,0
CG4409,185
Parp16,18
CG15712,0
CG33459,0
S-Lap8,0
knon,0
Sema2a,230
loopin-1,0
Syn2,345
DAT,219
CG4945,210
RpS15,2757
CG4927,6
Lst,2070
Cdk4,267
RpLP2,7373
CG8311,113
CG8306,1150
CG8303,211
CG5089,0
CG5065,769
Alk,203
gprs,140
Amyrel,0
Picot,595
CG34457,1
CG34458,0
CG30463,785
Idgf6,575
Sfp53D,0
CG15617,14
Acp53C14a,2
Acp53C14b,1
Acp53Ea,5
Acp53C14c,36
unc-104,2257
CG34189,0
CG5267,0
CG42392,550
CG5348,3
Sod2,807
Arp53D,0
resilin,10
CG5522,89
CG15919,1
CG15615,0
CG5550,0
CG34459,5
CG34460,0
Ugt37c1,0
IntS8,9
Fen1,11
Dek,116
Psi,131
eEF1beta,1707
CG6426,1006
CG6421,208
CG6429,494
CG6435,229
CG8910,126
CG6472,220
inaC,1220
Pkc53E,1434
CG43788,4
CG43789,1
CG15614,1
CG34190,1
Vha16-4,1
mute,169
Ufm1,135
PIG-V,38
CG6665,87
CG9010,1
Cbp53E,1434
ste24c,0
CG30461,3
ste24b,7
ste24a,54
AsnRS-m,8
NiPp1,36
CG6805,536
Ehbp1,228
CG8963,212
Dark,116
RhoGEF2,421
CG43328,4
CG43327,0
CG43371,0
SmydA-7,45
SmydA-6,0
CG9646,264
fat-spondin,453
tef,2
CG8950,3
CG6967,1
CG30460,296
Sply,95
CG6984,11
GstS1,897
CG30456,185
CG15611,123
Amy-p,15
Spn53F,0
Amy-d,30
CG15605,0
Cda9,4
Acp54A1,2
CG11400,257
Gbp1,329
Gbp2,301
CG43103,237
CG43107,32
CG17290,1
CG17287,0
CG30458,1
CG30457,0
CG10953,0
CG44388,0
CG10950,0
CG43237,0
mbl,15514
CG18469,0
CG12699,0
CG43272,1
CG43108,0
CG10939,242
CG6568,110
CG30101,40
Prosalpha5,853
cnk,59
l(2)k01209,196
CG6550,18
Mtap,131
Bap55,76
Lhr,15
EDTP,331
CG18467,346
mthl4,4
mthl3,20
CG10764,1
robls54B,0
robl,557
CG14478,318
Tes,27
qkr54B,143
insb,0
CG43110,6
veil,14
NT5E-2,147
CG30103,0
nw,0
CG34193,0
CG4847,127
CG4853,224
APC10,21
CG4866,54
Patronin,416
eIF3b,354
CG34194,3
cyp33,41
RpL18A,1844
MESR4,252
Klp54D,12
CG43324,525
CG14480,136
Ns2,144
POSH,63
UQCR-6.4,1504
CG42239,96
Rab4,579
Dcr-2,88
CG6484,3
CG14483,468
RhoGAP54D,2
icln,13
CG30105,18
Smurf,386
ND-51L1,4
CG43920,18
CG10936,159
CG44403,8
rhi,3
Oxp,8
CCHa1-R,29
eIF3c,563
CG30108,13
CG30109,64
P32,184
Sema1b,718
HPS4,149
CG42561,40
CG42562,19
swi2,8
rdgBbeta,81
CG6424,1680
CG46315,0
CG10934,0
Dlish,42
Snx16,56
CG4975,0
CG4984,296
CG34195,32
CG6406,120
PIG-A,32
Vps50,71
sub,0
CG10931,0
CG5002,83
Sardh,21
HLH54F,1
CG5009,586
OstDelta,70
CG14488,0
CG18635,0
CG33981,0
fab1,79
aft,10
Ubc10,742
CG5033,15
Dhit,121
grh,362
olf186-F,748
olf186-M,785
CG30323,2
CG14490,0
thr,0
Mapmodulin,368
Elk,110
CG30325,0
CG30110,0
PPO1,12
PpY-55A,0
dpr13,433
CG5084,0
CG10910,0
CG5773,122
CG5770,0
CG5767,0
CG34005,1
CG14495,89
Muc55B,0
CG10911,0
CG10912,0
CG34386,1
CG5757,7
CG5098,16
CG5756,0
CG34196,2
stau,243
Spn55B,64
Dlip3,71
Hsf,354
Pcl,83
pAbp,5805
EMRE,193
CG5742,30
adp,50
lolal,43
CG10914,11
CG10915,184
Nup75,30
CG42518,885
MED9,0
Dgp-1,395
CG10916,89
CG5726,152
nopo,7
CG5721,262
CG33958,5
CG14499,0
CG14500,0
CG30114,0
fj,158
Ote,5
pen-2,173
sbb,400
CG14502,13
CG18536,0
CG18537,1
CG18539,2
CG18540,1
CG14505,2
CG43202,63
IM23,268
IM1,5250
CG18107,1624
CG15067,351
IM2,9745
IM3,7161
CG16836,633
CG15065,1689
CG15068,1562
Idgf5,44
GstE10,3
GstE1,343
GstE2,106
GstE3,327
GstE4,38
GstE5,21
GstE6,193
GstE7,30
GstE8,5
GstE9,704
imd,113
Dp1,601
CG5174,504
PIG-O,96
Ttd14,736
slim,791
CG5189,0
CG30120,740
Prp19,54
rswl,30
CG17669,36
CG30116,674
GstE11,57
CG43066,385
CG10924,104
CG45087,0
Pepck,4706
Rgk2,78
GEFmeso,303
CG42697,0
CG10927,6
mRpS28,37
CG5323,89
CG5327,48
CG5493,326
Atg7,35
CG5335,61
Sec6,36
Eip55E,136
CG5482,288
CG30122,189
SP2637,723
CG42306,0
Gint3,1015
CG33136,0
edl,499
CG44435,0
CG44434,0
CG44433,0
CG42855,0
Sik3,182
CG15071,0
CG15073,9
Vps51,40
Hs3st-A,1462
List,56
CG33998,2
CG18609,1
CG17821,0
Cyp12b2,120
Jabba,286
Mctp,160
CG15093,209
CG15080,72
MFS15,191
MFS14,276
CG15096,592
Phb2,161
CG15097,375
CG15082,20
CG15098,1321
CG15083,207
CG15099,223
MetRS,106
CG15084,38
CG18190,2
Jheh1,147
Jheh2,299
Jheh3,65
CG43069,0
CG43070,0
CG43071,42
DptA,1148
DptB,980
CG43109,2
sano,642
Vha100-3,0
prod,101
CG15107,43
Topors,53
CG18605,0
tn,3073
5-HT1B,131
CG43351,51
CG15116,0
CG15109,0
5-HT1A,502
CG15117,221
botv,32
CG15118,293
CG15111,591
ena,310
CG10737,532
hppy,405
CG7137,13
cora,644
wbl,29
CG33453,0
tbrd-2,0
rib,3
CG11906,53
CG10474,0
CG18607,0
FK506-bp2,859
mip40,66
Tab2,214
CG7461,304
EndoB,241
Rgk1,445
CG34045,1
fest,0
CG11961,70
CG10051,0
CG9416,84
CG10062,260
CG10073,2
CG10081,0
CG11257,8
SdhA,1106
cer,509
hts,850
CalpA,190
Fak,278
Spt5,115
RpL11,3183
Arl6,15
EloC,199
betaTub56D,2295
CG7744,19
mei-W68,7
par-1,1905
TBCB,114
Oseg6,4
Rep,62
hpo,106
CG15120,4
CG16926,254
CG11007,98
sm,1683
CG43111,0
CG42878,0
CG16716,0
CG42753,0
CG43277,11
CG15124,0
CG15905,0
CG15125,0
CG11018,0
hrg,583
isopeptidase-T-3,49
CG15127,0
CG34198,1
CG15128,0
CG15126,0
Obp56a,202
Obp56b,1
Obp56c,1
Obp56d,3690
Obp56e,3236
Obp56f,116
CG8517,0
Obp56g,196
Obp56h,74
Toll-7,91
CG44569,0
Obp56i,0
CG13872,0
CG42690,0
CG43195,0
CG42691,0
CG30447,0
CG10822,0
CG44622,0
CG44623,0
CG8654,150
CG16898,10
18w,388
CG11041,7
CG16894,0
CG11044,54
CG44624,1
CG44625,0
CG11099,577
CG13869,0
Efhc1.2,2
CG11208,155
ppk6,0
CG9864,29
Ate1,104
Hsl,129
PCNA,16
plu,0
RpS18,4891
CG8908,20
CG10444,354
CG11788,2
CG9143,17
Mpcp1,1457
CG16868,57
CG34199,3
Cpr56F,25
CkIIbeta2,0
CG11200,252
CG13868,6560
CG13871,0
tapas,93
MED8,66
CG8929,296
CG16739,0
CG13870,0
CG16741,0
CG11192,0
CG12484,534
Obp57c,1052
Obp57b,144
Obp57a,136
CG13426,0
GNBP-like3,100
CG30151,46
CG30154,60
CG18067,185
CG13423,0
CG13427,0
CG13428,20
CG30148,26
Obp57d,411
Cpr57A,0
CG13430,234
CG18065,0
lms,0
Mgat1,62
CG43308,8
qsm,531
Nnf1a,8
HnRNP-K,1251
Hil,515
CG9945,70
CG11180,15
FAM21,11
Rcd6,91
rig,31
CG13436,4
maf-S,364
CG11110,59
CG33786,135
CG33785,0
DMAP1,37
Lrt,77
CG16799,34
CG11159,19
CG13437,13
Fem-1,320
exu,8
galla-1,320
CG13438,0
dpr1,223
CG13442,0
CG34201,1
CG34202,0
CG13443,0
CG43709,0
CG43666,0
CG43667,0
CG43677,0
CG43668,0
CG15225,0
insc,0
sktl,283
CG17999,0
CG9993,0
CG15227,0
IM4,2210
IM14,3167
Ipk1,52
Cib2,7
otp,78
CG9235,0
Rx,23
Act57B,5239
CG33704,0
hbn,48
CG15649,1
CG34115,6
CG9344,38
CG15650,2
CG9313,2
CG15651,150
dgt3,0
Prosalpha3,732
CG10543,275
CG30291,83
grau,36
CG9346,17
CG3295,470
RIC-3,698
ND-B14.7,826
shg,351
cpa,252
CG15653,12
mRpL54,88
Cht8,4
Cht12,0
Cht4,0
Cht9,1
CG10527,717
Treh,1764
Rbpn-5,112
CG34396,197
CG4038,2
ktub,87
CG9394,1499
CG4050,150
mago,155
Magi,332
CG9406,0
Xbp1,1972
Hmg-2,35
CG15657,3
CG30389,564
CG4266,94
hng1,18
LSm1,68
Xpd,14
Pu,3348
CG4286,0
tud,790
Lapsyn,118
Glycogenin,123
CG44245,31
CG4302,189
CG15661,143
ASPP,169
Rgk3,317
CG30391,0
CG30393,0
CG34203,5
MFS16,230
CG10505,0
CG30392,95
Sgf29,36
RpL29,4607
CG9752,7
CG42672,520
Panx,52
CG9485,526
CG33655,2
CG30394,93
dom,140
CG15666,1
CG9822,0
CG17974,40
cv-2,287
CG10795,7
eEFSec,17
Acox57D-p,75
Acox57D-d,18
Sdc,1744
Sara,196
Fkbp14,38
TAF1C-like,48
MESK2,3907
CG10494,66
CG30288,0
CG30289,1
Egfr,436
CG30286,1
CG30287,1
twz,169
CG30222,0
CG33225,0
CG10433,452
CG15673,38
CG18870,51
clt,31
PTP-ER,22
mahj,57
CG15674,2
CG10321,259
CG10082,1228
CG30284,0
ND-B12,676
Rae1,46
pirk,340
CG42362,0
CG42363,477
CG42364,5
CG42365,154
CG42381,0
PIG-M,277
CG42380,0
CG42379,0
NC2alpha,43
CG15676,0
stum,22
eIF3k,500
Tbp,50
CG30285,90
CG10307,61
Tim10,535
CG42497,0
Ppcdc,114
CG42496,0
CngB,232
HmgZ,1389
HmgD,197
CG30403,11
Tango11,287
CG30398,0
LBR,13
Grx1t,0
CG43982,0
CG30395,2
CG4021,0
lox2,15
CG34204,0
CG18735,0
CG4386,0
CG13492,0
CG34040,0
CG4363,0
CG4377,8
CG9294,0
comr,0
Fili,240
PpN58A,0
CG43742,0
CG13488,1
CG13494,0
CG34029,0
CG9304,0
Gr58b,0
dany,2
CG34370,334
CG9308,0
PpD5,0
CG13501,3
Snp,1238
CG44249,0
CG11475,87
CG11474,129
CG2921,60
GlcT-1,86
Synj,184
CG13502,3
CG43393,0
CG44163,19
CG11073,549
CG6613,108
Vrp1,335
CG30280,14
CG30281,12
mei-S332,42
GM130,137
NtR,112
CG34205,2
a,258
CG11269,2
gom,4
CG3045,9
CG6758,122
CG11170,10
CG11275,375
MED16,14
Vps35,155
Swim,1192
CG3292,0
Alp2,0
CG3264,0
CG11291,0
ari-2,204
CG30278,0
Oatp58Da,0
Oatp58Db,1
Oatp58Dc,320
dve,49
CG5819,42
wdp,238
Gp150,1806
T3dh,5
pgc,12
CG34208,31
Liprin-gamma,562
CG11298,0
Rtf1,95
wrapper,72
CG13506,146
babos,1864
CG6044,713
VepD,50
qkr58E-3,115
Mes4,24
qkr58E-1,33
qkr58E-2,164
mRpS29,55
rad50,6
CG10344,7
CG10384,200
CG45062,0
CG45063,0
CG4752,78
CG4554,14
CG4610,12
px,192
gas,9
CG11362,0
dnr1,1019
CG3927,0
CG4269,180
CG4294,55
RpS16,1587
Vps20,44
CG4329,2
CG33143,215
CG17807,5
Cdk9,57
bonsai,66
CG3732,151
RpS24,1670
Ugt58Fa,43
CG2852,1451
CG30195,8
CG34446,49
CG34445,13
CG3746,0
nsr,0
Cyp6d2,3
CG30196,0
CG43325,0
CG43326,3
CG13510,0
CG13511,0
CG42565,15
CG42566,4
CG4250,611
CG42867,6
CG30269,168
CG30273,0
CG13516,63
RYBP,82
Ppa,118
robo1,81
CG30259,3
Obp59a,6
Obp58b,1
Obp58c,0
Obp58d,1
CG30275,0
CG30268,0
jbug,485
CG42260,384
CG13526,0
CG13527,0
CG30270,0
blw,3678
CycB,3
stl,45
CG30271,28
CG42284,6
CG30274,0
MFS1,0
CG30265,0
CG12490,0
CG9825,0
CG9826,0
CG3649,0
CG13531,35
RpL23,3975
inaD,2026
fd59A,137
CG13532,106
PIP5K59B,150
EMC8-9,179
YME1L,75
asrij,65
Gmer,15
MED23,10
CG3700,37
nahoda,230
CG30187,13
Nup214,40
Reep1,1941
CG3788,4
CNBP,350
CG9849,75
CG3831,9
CG42694,1
CG32834,0
CG32833,0
twi,0
CG9897,0
CG9896,178
CG42741,21
CG44252,21
CG44253,0
DCTN3-p24,86
CG9890,26
PPO3,0
l(2)k09913,965
Fib,13
CG3085,0
Art7,16
CG43659,0
CG9877,4
CG13538,0
CG9876,27
RpL37b,0
CG42703,0
Klp59C,0
CG3215,0
CG30192,0
CG13544,0
Klp59D,0
CG43207,0
CG9899,0
CG13545,5
CG34371,365
CG13539,0
LS2,0
CG3092,0
yip3,0
RpL22-like,0
CG12782,0
CG13540,0
ord,0
CG3124,0
CG13541,0
Prosbeta5R1,1
HP1Lcsd,0
CG30412,0
CG30416,0
CG9861,0
tbrd-3,0
CG30413,0
CG3502,16
CG9863,0
CG34210,0
Rpi,335
CG3500,55
CG9875,0
CG34423,17
CG34424,188
vir,24
Ice1,16
Golgin245,147
CG13551,637
yellow-d,152
yellow-d2,161
CG30414,15
roh,1609
eIF2Bdelta,129
CG3530,572
CG3520,23
CG9812,2643
CG30411,4
CG9815,21
CG43795,265
SkpF,0
Or59b,2
Or59c,0
CG13557,0
CG13558,0
CG13559,9
CG3906,0
RabX1,105
mi,91
bw,237
AIMP3,132
wmd,1378
levy,1746
pita,82
Dcp-1,32
Rrp4,42
ItgaPS5,0
Pi3K59F,71
CG30184,39
apt,45
CG42559,0
CG42560,1
IM18,107
CG10332,0
CG43209,0
Eglp1,0
Eglp2,19
Eglp3,0
Eglp4,573
retn,395
Pde8,382
St1,87
St3,12
l(2)efl,296
Pal2,575
CG30183,17
angel,89
mRpL43,96
sigmar,301
l(2)dtl,23
l(2)not,41
l(2)tid,90
Sesn,2428
CG18128,0
egl,861
CG13560,3
CG34105,0
CG12491,0
CG11300,0
CG5532,228
sona,70
CG15800,1
CG30177,0
CG5539,0
Ssrp,44
CG5543,28
Nxt1,74
CG4797,429
CG5549,217
shu,3
Snap29,231
CG5554,320
ytr,54
eIF6,241
gbb,247
bgcn,1
Pym,19
TBPH,798
CG4585,477
CG5569,14
Thiolase,354
ken,382
TM4SF,2078
CG4882,81
PHDP,4
CG5597,332
DCP1,32
DNA-ligI,7
Upf3,15
CG17658,0
CG5339,69
Lpt,20
CG13562,13
Nap1,749
kcc,3476
SERCA,2087
CG2812,29
CG3735,24
Taldo,232
Galphas,1211
Orcokinin,89
CG2970,71
fzr2,12
CG3803,33
thoc5,28
CG16787,163
alpha-Catr,258
CG13566,3
Fmo-1,81
Alas,116
CG34213,11
or,75
CG10904,23
CG3065,68
mr,38
PPP1R15,463
Sox14,529
Phm,293
CG30178,0
Pask,67
CG3860,686
Unc-89,459
CG4324,9
CG3121,1
CG3907,312
CG11388,165
Adk2,337
EbpIII,15797
HSPC300,122
CG3163,51
CG30172,207
Chi,177
MAN1,87
Not11,21
IntS1,37
tsr,2380
gammaSnap1,358
sei,74
ppk29,6
CG13563,18
eEF5,3701
RpL12,1891
RpL39,6220
Rap2l,973
yki,117
CG3209,295
Mlp60A,3984
CG10339,11
CG13564,0
CG16786,63
snama,70
gek,171
enok,108
CG4049,30
CG3253,73
CG3257,337
CG43775,0
CG43777,1
CG43776,0
tamo,91
Zfrp8,21
Naa35,44
Dat,2077
DnaJ-60,0
CG42568,586
spag,28
CG3328,205
mRpS17,110
Nop60B,98
ocm,105
cN-IIIB,171
CG3356,285
CG11406,4
CG30419,60
nord,36
CG13575,1
CG3376,516
CG13577,0
nvy,140
CG3394,94
betaTub60D,48
slbo,1
bs,71
CG44812,0
CG13578,37
mAChR-A,283
Slik,558
Rpn8,834
SerT,239
CG45069,367
PIG-Z,0
prom,469
CG42383,5
CG15873,0
Pgam5-2,0
CG3483,0
CG4563,0
CG13579,65
CG3492,3
CG3494,1
CG16837,1
Crtp,0
Ssl,0
Prosalpha4T2,0
CG13581,0
Letm1,259
Ir60b,0
CG4612,579
Brca2,41
CG13585,730
CG4622,66
CG11413,13
ITP,280
Nurf-38,1267
CG11414,164
uri,5
Fcp1,20
CG3511,14
Start1,338
SIFa,201
CG4681,0
pio,3094
ATPsynF,2019
CG3548,91
CG3565,0
CG3570,13
CG4707,12
CG42360,52
CG42361,187
CG4741,7
Adck,52
CG13594,277
Cyp9c1,25
CG3640,0
CG4781,0
CG3663,75
Cpr60D,23
CG30161,0
ND-19,918
CG34214,1
CG4806,17
CG33228,17
Pof,45
Mmp1,2677
ST6Gal,121
Mid1,262
Usp15-31,294
spz6,7
CG3880,9
CG12848,54
CG3894,84
GstE12,1353
Eps-15,337
egg,27
Lcp9,0
CG3594,13
TyrRS-m,15
CG3589,39
key,278
Reg-5,935
ETH,4
Orc4,32
CG3611,0
CG42851,0
Dll,122
CG3650,0
Atf-2,31
CG16896,40
CG30423,368
CG44247,335
NKAIN,663
Ance-5,73
NaCP60E,1010
Tpc2,1
CG9083,5
RpL41,11656
pain,670
CG30427,86
CG3760,189
CG2811,48
Tina-1,667
CG15861,7
CG3770,52
CG2790,11
CG12851,294
CG2765,1374
CG30424,50
RpL19,3361
CG3776,5
Phk-3,341
CG2736,148
emp,541
CG3829,1527
zip,269
uzip,1440
Nplp1,363
gsb-n,6
gsb,2
gol,2453
lov,20
CG30430,0
CG43106,0
CG34038,18
Sfp60F,0
EbpII,0
Ebp,0
CG9380,1
Kr,11
CG30429,0
CG30428,149
CG17636,0
RhoGAP1A,788
tyn,93
CG17707,543
CG3038,36
G9a,217
CG42376,273
cin,114
CG13377,345
CG13376,2
ewg,530
CG3777,126
CG13375,278
CG12470,6
CG32816,140
CG43181,0
CG43182,0
y,11
ac,0
sc,1
l(1)sc,0
Pgcl,0
ase,0
Cyp4g1,9
ebo,96
CG13373,51
CG32817,5
CG3176,14
CG18273,20
CG3156,44
CG17896,818
CG17778,166
svr,1340
elav,431
arg,63
CG4293,77
Appl,856
vnd,7
CG13366,237
CG13365,161
Vsp37A,378
CG13369,168
CG13364,479
CG17829,24
RpL36,2903
l(1)1Bi,28
Dredd,103
su(sable),450
CG13367,0
Roc1a,952
Hmt4-20,397
SkpA,1381
sdk,256
CG13362,0
CG5254,670
CG5273,111
RpL22,1595
fz3,30
tw,52
CG13360,246
CG16989,218
Rbf,121
CG13359,0
CG13358,0
Sec22,153
CG43867,236
CG14635,0
CG3713,85
CG14634,0
CG11663,0
CG3711,159
MED22,61
CG3708,0
CG3706,0
CG32815,245
TRAM,451
CG3704,46
mus81,9
CG3703,242
CG3699,26
CG3690,0
CG18823,0
TfIIA-S-2,0
CG14631,0
su(w[a]),54
CG11638,54
CG32814,2
CG3021,29
CDC45L,36
CG33082,8
CG14630,8
CG42259,61
CG14629,121
CG3655,771
CG14628,0
eIF4E7,0
CG11378,263
CG11384,0
CG11379,0
CG14627,0
CG14626,4
CG11380,15
CG14625,0
CG11381,0
CG14624,0
CG11382,0
CG11398,21
CG3638,178
CG11403,7
Atf3,156
CG32812,5
DAAM,1237
CG32811,6
fs(1)N,0
CG11409,20
Naa30A,299
MTPAP,47
Tsp2A,2
CG12773,230
CG11417,15
png,4
CG14770,444
ssx,166
AMPKalpha,636
CG3719,398
CG32813,95
CG11448,199
futsch,1515
Gr2a,4
CG14785,2
Lrpprc2,27
CG14787,3
Ns3,60
O-fut2,14
CG14777,472
CG14778,23
CG32808,19
pck,139
CG14780,0
Rab27,150
mei-38,0
rush,729
sta,2694
inc,184
Nmdar2,104
CG14795,27
Mur2B,382
br,44
dor,31
CG3740,445
hfw,168
CG32809,339
CG14797,4
b6,141
CG14798,6
a6,79
CG3795,0
Scgdelta,140
prage,381
Adar,607
CG32806,3
CG14810,1
CG14811,0
CG14812,108
deltaCOP,428
CG14814,0
MED18,26
Pex5,117
CG14803,8
Pgam5,16
Vps26,130
CG14817,227
CG14805,91
CG14818,395
CG14806,70
trr,25
mRpL16,49
arm,954
CG32803,113
CG32801,18
Edem1,137
mip130,79
Rbcn-3B,647
eIF2Bepsilon,51
Ocrl,355
CG11596,113
CG3857,9
CG3587,37
Hr4,21
PIG-K,54
east,351
Actn,1234
usp,413
CG4313,56
CG4325,88
moody,644
Sik2,148
CG4281,50
CG14054,1
CG4199,520
CG4194,0
Rtca,121
CG4045,41
CG4025,96
CG16903,85
Unc-76,1845
csw,859
ph-d,87
ph-p,252
D2hgdh,687
Pgd,569
bcn92,22
wapl,277
Cyp4d1,1
CG3630,834
ND-B14.5A,1082
Cyp4d14,1
Cyp4d2,189
Cyp4ae1,26
pn,94
Nmd3,129
CG17776,174
CG17777,10
CG3457,1
Mct1,583
CG14053,1
FarO,3
SmydA-8,150
Vinc,411
CG14052,0
pcx,63
kz,13
fs(1)K10,16
crn,50
CG3191,54
CG3091,311
CG3078,127
temp,157
CG3071,54
CG2924,643
CG2918,294
Vml,0
CG2865,124
Raf,370
CG14050,7
CG2854,0
Ilp6,228
mRpL14,113
CG2841,333
PsGEF,0
CG12496,0
CG32797,0
gt,2
tko,463
boi,12
z,162
trol,469
Pdfr,141
Vha36-3,23
CG13759,45
CG13760,162
wds,40
egh,545
Klp3A,8
Zw10,65
Smyd3,58
eIF3g1,661
Tsp3A,70
Seipin,80
brv3,0
PI4KIIIalpha,353
sgg,2584
HLH3B,3
CG2652,0
per,303
CG2650,1970
CG2658,148
CG2662,16
Csat,102
eIF2Bbeta,213
CG2680,81
CG2681,48
CG2685,61
CG2694,1
CG2701,87
fs(1)Yb,0
fs(1)Ya,0
vilya,0
dwg,50
ttm50,98
CG2712,14
crm,17
Syx4,331
kirre,252
CG32795,304
w,0
CG12498,0
CG14416,0
CG14417,0
CG14418,0
CG14419,56
CG3526,0
CG3588,295
CG14424,0
CG32793,0
CG3592,0
CG3598,0
CG14420,0
CG14421,0
CG14422,0
CG14423,0
CG17959,0
CG3603,94
rst,73
CG4116,0
N,591
CG18508,65
Fcp3C,4
CG3939,183
dnc,1524
CG14265,0
ng2,0
ng3,0
ng1,0
ng4,0
Pig1,0
Sgs4,0
CG10793,0
Myc,389
CG12535,0
CG14269,1
CG16782,17
CG10801,1
CG16781,0
CG12206,48
CG10804,423
CG10802,99
CG14270,80
CG10803,147
Gas8,6
DIP-alpha,82
CG13021,1
ppk8,2
CG2875,33
AstA-R1,186
Ilp7,6
Parg,19
Mnt,572
Rala,1057
Tlk,541
HIP-R,9
Crg-1,25
HIP,123
fd3F,0
ec,131
CG2901,1
yin,168
CG2930,38
VhaAC39-1,1682
CG15239,6
CG42541,288
CG2938,124
CG2941,38
CG32786,0
CG32783,0
Vap33,1092
lva,275
CG6428,37
CG6414,0
CG43689,18
CG6379,211
CG15375,0
Xpac,34
brn,8
cib,346
Nsun2,79
dgt4,3
Tip60,62
tyf,903
GlcAT-I,34
Fas2,776
CG43288,0
CG15571,0
CG15570,0
Femcoat,0
Muc4B,0
CG43134,0
CG43135,0
CG15576,0
CG12691,0
CG15572,0
CG15577,0
CG15578,0
CG12692,0
CG15579,1
mei-9,11
CG2982,112
mRpL33,199
norpA,5328
CG12693,0
CG3626,111
CG12688,0
bi,54
CG3556,112
rb,337
CHOp24,400
CG3568,3
Usf,126
CG15912,8
CG11436,30
CG3527,63
CG11444,635
CG3546,0
CG12684,0
peb,105
CG12184,0
CG12179,3
pon,0
CG3081,6
CG3062,0
HLH4C,5
mRpL30,204
Torsin,63
Cbp80,158
CG15473,0
CG3009,365
fzr,369
Pp2C1,336
ctp,1804
l(1)G0334,3134
CG7024,15
Proc-R,292
CG15472,0
Klf15,0
CG2871,0
CG15471,0
CG6978,0
CG2861,0
CG12682,0
CG42594,148
boil,2
CG6927,0
CG32772,453
CG4041,43
CG6903,267
CG44774,370
Ptp4E,151
CG15468,0
CG12680,0
ovo,216
CG32767,327
rg,266
CG15465,0
Rpn13R,5
CG5062,0
CG42749,51
CG3323,2
CG17764,2
Cdk7,28
snf,233
TrxT,1
dhd,1
CG4198,0
CG15930,0
Sas10,32
Rnp4F,33
Mcm3,8
CG3309,21
XRCC1,31
CanB,570
SK,302
NAAT1,442
spoon,298
Usp16-45,147
CG16756,0
CG15784,807
SPR,174
frma,0
CG32762,0
CG4151,0
CG12730,246
Vsx2,19
Vsx1,91
CG34435,0
CG34434,3
RhoGAP5A,32
Mlc-c,638
l(1)G0045,7
CG42492,817
CG42265,47
Sirt4,331
CG4119,104
Rab18,438
RpL35,3496
Tre1,152
Gr5a,1
CG42449,0
PGAP1,30
cv,715
CG3149,81
CG4096,252
CG33080,379
CG32758,633
CG15773,0
IntS6,296
CG4078,24
CG15772,106
lin-52,43
CG15771,252
MAPk-Ak2,419
CG42699,122
CG3097,245
CG42264,0
CG3108,0
CG15767,41
CG12239,234
Cpr5C,0
Prosbeta2R1,0
CG44329,0
CG15766,5
CG15765,226
CG12729,0
CG43136,0
CG43137,0
CG15764,0
GAA1,54
mof,19
Usp30,204
CG16721,2146
Act5C,4022
CG4020,2
CG12236,129
Shmt,675
CG3726,195
CG12728,0
CG32756,0
CG6041,11
CG32755,2
CG6048,0
CG6067,228
fs(1)M3,0
Grip,34
CG5966,6473
CG4766,110
mab-21,165
rux,33
MCTS1,118
CG5937,283
CG5921,103
CG43115,0
CG5928,1
Tsp5D,1322
CG4666,8
CG4660,38
raptor,169
Mipp2,78
Nep1,274
Ca-alpha1T,278
CG32750,2
CG32751,0
CG43090,0
vanin-like,0
Btnd,0
Efr,766
sqh,1062
dtn,349
CG14445,41
Rbcn-3A,209
Spx,5
schlank,1145
CG3781,113
Spt6,138
CG3566,288
Ubi-p5E,10402
CG11700,10
Top3beta,100
wuho,56
Rpt4,756
mldr,14
CG15892,6
CG15891,219
CG3815,18
CG12219,16
CG3823,78
CG15894,36
CG42240,316
CG3842,520
CG3847,328
ND-B16.6,139
kdn,782
swa,2
Marf,1452
PpV,98
CG33664,0
CG33669,0
CG33668,0
CG42340,349
CG33667,0
CG33666,0
CG33665,0
CG3918,10
CG3342,18
Spat,414
RpL7A,2916
dx,39
CG34417,1271
CG17717,1
Pat1,213
APC7,2
pigs,1555
CG3226,130
Cdc7,228
CG3224,225
Ctr1A,289
CG3198,54
Mcm6,17
ND-ASHI,695
l(1)G0255,847
CG4095,1001
Pink1,1333
CG44303,1
CG3184,7
CG14442,425
CG14440,53
CG14441,513
CG3168,479
RpL17,1831
CG14439,519
CG14438,167
COQ7,132
shf,110
C3G,445
pod1,178
iav,2
Nf-YC,32
xit,18
Atx-1,2
nonC,79
mAChR-C,0
CG14435,153
CG4557,100
Cht11,18
CG4558,98
CG14434,56
CG43736,361
CG14431,164
CG32732,55
CG4586,7
CG3040,224
ogre,1059
bou,156
Inx7,1
Inx2,1743
cm,37
CG42308,397
CG32736,0
CG3032,9
CG4593,100
CG12541,70
CG14427,0
nullo,0
CG4607,435
Sxl,3293
CG4615,203
CG4617,64
CG8300,221
fz4,114
CG9650,130
CG1958,0
CG1677,376
CG2059,56
unc-119,773
brk,111
Atg5,90
Dok,86
CG18155,1
CG42780,0
CBP,42
CG15034,0
CG1999,0
CheA7a,130
CG42781,0
CG15035,0
CG32727,0
CG42246,88
CG42704,0
CG42705,0
CG34337,1
CG9657,98
CG15036,8
CG32726,67
CG11368,1535
CG43198,0
CG32719,1
CG43138,0
CG32720,0
CG11369,0
CG12689,2
ct,221
CHES-1-like,282
CG15478,24
Hira,23
NELF-B,28
CG12155,160
Pdp,237
Rab39,288
Tom40,100
CG34338,0
CG32718,0
CG1402,64
CG10920,0
CG1409,0
dec-1,0
Ir7c,1
CG10932,140
Nek2,0
ND-MNLL,2976
CG45089,0
p115,76
RpS6,5178
bys,92
dpr14,75
spidey,934
snz,115
Ykt6,185
mahe,553
CG10778,76
RpS14a,2206
RpS14b,722
Ubr3,528
l(1)G0193,862
CG15332,5
CG15330,0
sws,769
sn,1903
Tbh,84
CG15333,0
CG2233,812
fs(1)h,599
mys,516
Upf2,71
CG1571,0
CG2254,460
CG2256,4
UbcE2H,2474
CG2258,271
Gclc,532
CG1575,33
CG2260,22
cyr,66
CG2116,50
CG10958,18
CG2120,6
Smox,426
CG17982,54
alpha-PheRS,149
CG2129,14
CG15336,1
CG10959,14
Gbeta5,470
CG18262,21
Traf6,57
GIIIspla2,303
CG15337,4
CG10761,1
CG2278,19
slpr,289
sdt,1556
CG2147,158
sni,161
Trxr-1,1409
ND-75,953
CG1632,214
Corp,11
CG15343,32
CG1636,87
nAChRalpha3,316
CG1387,0
CG10555,88
PIG-T,244
lawc,284
Trf2,2232
CG32712,0
Miga,170
CG1440,2137
CG12123,145
org-1,0
CG32713,1
CG15347,30
Es2,62
Sptr,156
CG33223,1
CG12116,827
Cp7Fa,0
Cp7Fb,1
Cp7Fc,0
Cp36,0
Cp38,0
otu,0
CG33181,97
Nrg,864
PIP82,477
IntS4,30
CG12112,63
Trf4-1,403
CG12111,0
spirit,32
CG12065,628
CG12081,148
CG12659,4
Crag,434
Caf1-180,5
oc,176
CG12772,7
CG11284,997
Ppt1,13
Ogg1,47
CG11294,27
Hexo2,133
CG2004,275
CG1785,76
l(1)G0020,28
CG1789,40
Lim1,121
CG12075,342
Moe,2635
CG1885,87
Rbm13,17
e(r),455
rdgA,1983
CG12661,0
CG43255,12
CG10962,10
CG12662,0
Nost,307
CG15365,48
CG10970,683
CG44325,1398
CG7246,29
HP1b,106
APC4,29
CG32708,38
CG32706,13
CG6999,5
CCT2,152
CG7766,336
Bx42,165
Arfrp1,64
AP-1gamma,1025
fend,147
CG7065,144
fh,24
Bap111,21
His3.3B,3965
Ost48,92
Dlip1,8
CG9034,814
Zpr1,80
CG44532,0
mei-P26,1028
CG12115,0
CG12057,0
CG12056,24
CG12106,22
CG12118,281
su(r),426
SmydA-9,361
Obp8a,45
CG15368,32
CG15369,11
t,1756
CG15370,0
Gr8a,0
CG12121,320
mxc,28
Larp7,15
amx,50
Dsor1,126
CG17754,3240
ric8a,107
Erk7,0
CG17440,0
Cfp1,43
CG16892,26
c11.1,99
lz,79
c12.1,73
c12.2,103
CG34449,364
CG34450,4
BCL7-like,67
mgl,1120
CG44815,2
CG32700,120
CG34026,0
l(1)G0320,260
RpS28b,5725
CG15317,18
LPCAT,313
CG42395,2
Hex-A,1849
Gga,78
Lst8,54
LysRS,134
CG42797,122
Ptpmeg2,790
CG3106,0
nej,406
btd,2
Sp1,109
CG1354,233
CG32698,153
Ser7,173
CG45060,0
CG45061,1
CG32695,135
CG15247,173
CG1468,17
CG9686,2643
CG9689,461
CG9691,2519
CG15249,3
CG1986,0
Idgf4,848
CG1791,309
CG1889,67
CG43386,26
CG15252,0
CG32694,56
CG33557,0
CG2990,0
Cht6,63
Yp2,6002
Yp1,7937
CG15312,182
ZAP3,87
CG2972,17
CG2974,54
RhoU,93
CG43902,203
CG15309,1212
ATPsyndelta,1192
CG2962,0
CG15308,0
CG34408,468
Ipod,9
Hk,1237
CG12643,371
alpha-Man-Ia,2206
CG2909,44
Gip,300
CG15306,0
CG43740,57
l(1)G0289,387
CG32679,0
CG17841,825
CG32686,1
CG2898,7
CG32681,0
Psf3,9
flw,1498
CG32683,55
RabX2,0
Neb-cGP,2921
nocte,376
CG2889,32
CG2887,0
PPP4R2r,166
CG32687,439
spri,1209
CG15296,2
Rab9D,0
Hmr,18
CG2124,7
CG1628,75
CG43347,101
Rab9Db,0
CG9806,0
X11Lbeta,137
CG2111,0
Rab9E,0
CG12637,0
stx,314
ras,802
Rph,195
Tango5,396
Atg8a,2772
BTBD9,50
CG15211,556
Ant2,22
sesB,5854
Imp,240
sbr,339
CG15210,322
CG15209,500
CG32669,16
CG17333,71
CG2202,28
feo,2
sofe,4
CG2186,114
CG2157,150
CG1637,579
Ork1,78
CG1582,28
CG15208,0
CG43901,6
v,92
CG2145,605
Myo10A,371
Rab9Fa,0
Rab9Fb,0
C901,2
CG42339,73
SmydA-4,86
CG1552,363
CG1545,284
CG1537,198
CG15203,112
sev,148
Vago,314
CG2076,529
CG2061,139
CG42249,15
Hsp60A,1056
CG11122,82
Rpt3,530
Gtp-bp,241
Klp10A,319
CG44385,4
CDK2AP1,69
ssp7,266
CG15199,67
CG15202,9
CG15201,386
Ran,779
Lint-1,170
rtv,426
Dlic,1231
antdh,244
CG1394,0
CG15200,0
CG11106,0
CG44422,300
CG15198,0
sisA,0
l(1)10Bb,150
CG1657,166
Kap3,86
CG34348,229
GCS1,118
CG11756,0
CG1738,23
CG11752,362
CG1737,306
dsh,275
Pa1,120
hop,142
Tim8,339
dlg1,1261
CG15196,2
Gr10a,29
Or10a,0
Gs2,10423
Evi5,336
Sk1,176
HP5,35
CG43155,7
Cyp4g15,754
Uba5,169
Spase25,261
CG33235,0
Drak,311
CG1572,58
PGRP-SA,86
RpII215,371
CG11699,300
Kmn1,38
CG11697,0
CG11696,47
e(y)2,75
CG11695,30
nod,5
CG1561,364
rho-4,45
CG2533,1
CG2247,51
CG1703,77
RPA3,26
Met,301
Ptp10D,506
CG2371,106
bif,316
PhKgamma,443
CG2444,835
FucT6,720
Amun,324
prtp,496
Tango10,75
CG15221,3
inaF-D,12
inaF-B,592
inaF-A,2
inaF-C,35
m,0
CG9360,190
dy,4
Karl,147
CkIIbeta,241
Hsc70-3,1318
CG1578,443
rudhira,2060
CG15741,0
Cyp28c1,7
CG15740,0
p24-1,127
CG10347,53
ATP7,313
Nrd1,39
CG1847,84
CG11802,202
CG15739,114
CG10352,144
CG10353,223
SelG,369
CG1840,36
sicily,28
wisp,5
Upf1,174
CG43156,19
pot,1083
Sclp,4006
CG10362,212
cac,648
gd,0
tsg,0
CG18130,6
fw,821
CG1806,173
CG1492,35
regucalcin,1574
Chrac-16,34
Lsm12,1084
Tango4,39
Usp7,1521
Cyp311a1,71
Cyp318a1,29
Ten-a,1355
Uch-L5R,0
Muc11A,0
CG34323,0
CG12721,1
CG15734,0
CG11356,1
CG2750,0
CG1924,0
CG32655,0
CG45603,0
CG2577,0
Ir11a,0
CG32651,0
CG2574,1
Pkcdelta,190
CG15927,6
CG15731,0
Rab40,75
CG42258,565
Cpr11A,39
Lsp1alpha,49
Mks1,0
CG2556,46
hwt,878
Cpr11B,314
CG11138,572
LIMK1,341
CG1824,63
Sec16,177
CG1463,38
CG2543,76
CG11085,34
CG15728,1
Aven,5
CG2540,58
Tomosyn,1111
CkIalpha,1315
Tis11,700
Smr,1170
CG15725,5
CG4004,45
ade5,5736
CG12717,113
CG3812,826
CG32647,901
Pde9,898
CG3775,69
CG4661,1
CG32650,0
CG32649,123
CG4407,375
CG4404,154
mRpL49,137
Brms1,177
CG4645,52
fne,825
hec,16
CG32642,0
Mur11Da,0
CG15721,0
CG32643,0
rad,286
CG15719,0
CG2209,2
CG12715,0
hep,191
lic,165
CG2200,128
CG43313,64
Fer3HCH,2
CG42237,106
CG32638,1018
CG15717,0
MFS10,1001
CG32645,16
CG4318,0
CG4332,15
Bap60,124
CG12096,35
Lgr4,13
CG32640,11
CG32641,48
CG12723,0
CG2453,42
sno,428
CG44437,26
REG,535
mew,212
CG32639,4
CG15742,0
comt,1109
HDAC4,832
CG15743,103
CG15744,61
CG1764,31
CG1622,63
IP3K2,815
Jafrac1,1977
RpS15Aa,3271
CG15747,14
Syt12,95
dmrt11E,0
CG1640,805
Rbp1-like,208
Tim9a,114
Yippee,411
CG1662,416
CG1673,1025
CG12725,0
GstT4,1230
CG1998,327
Set2,12
Neto,109
CG34324,0
CG15754,0
CG44428,0
CG15756,0
Cpr12A,0
CG11816,3
CG32631,0
CG32633,0
CG46311,0
Tango13,910
up,5441
CG11178,79
Ndc80,0
BthD,0
tth,164
Tango2,39
CG2691,44
NFAT,363
Lig4,18
CG11164,4
CG15760,238
CG11162,0
CG12177,67
CG11158,36
Nadsyn,319
Nna1,1445
CG9941,366
mus101,11
g,309
Grip91,105
CG11134,103
CG11151,756
Pdcd4,1630
CG32625,2
Rtc1,44
Yp3,15613
rdgB,918
CtsB1,497
CG11103,118
inaE,499
CG10993,0
CG10996,0
CG11095,9
Clic,1214
Nup93-1,39
jub,66
AMPdeam,3098
mamo,986
CG11068,0
ben,1433
Ste:CG33247,0
Ste:CG33246,0
Ste:CG33245,0
Ste:CG33244,0
Ste:CG33243,0
Ste:CG33242,0
Ste:CG33241,0
Ste:CG33240,0
Ste:CG33239,0
Ste:CG33238,0
Ste:CG33237,0
Ste:CG33236,0
CG12479,0
CG12480,0
betaNACtes1,0
CG1368,1
CG11581,0
CG11584,0
CG32603,0
CG12481,0
CG11585,2
CG13403,1
yl,0
CG11590,38
l(1)G0007,137
l(1)G0469,117
CG11674,0
mRpL38,74
CG42271,343
Fbxl4,850
CG1434,93
mRNA-cap,189
CG32599,10
mud,0
CG46317,0
CG1461,1707
CG13404,74
na,146
Muc12Ea,0
CG9400,138
betaNACtes2,0
betaNACtes6,0
dpr8,88
betaNACtes3,0
betaNACtes4,0
CG9411,0
CG12540,1
CG14414,83
mRpS25,116
nmdyn-D6,13
CG9413,145
NetA,40
CG5321,108
NetB,415
hog,1
CG15890,219
CG5334,0
CG5347,0
Ag5r2,0
Ag5r,44
rut,489
CG14408,755
CG14411,78
CG14407,276
CG32590,63
Flo2,544
CG12539,2
CG9522,1
CG9521,63
CG9519,48
CG9518,13
CG45065,7
CG45064,0
CG9514,23
CG9512,4130
CG9509,26
CG14406,8
CG12398,0
Eo,0
CG9503,0
CG32591,5
pdgy,369
CG9030,0
eag,174
hiw,209
be,194
CG5541,334
ND-B18,346
opm,33
dob,26
Lsd-2,1089
CG33177,2
CG33178,264
CG9065,142
CG15027,38
CG5599,52
Rab3-GEF,450
CG9072,0
Cyp4s3,162
drd,411
RpL37a,5099
CG9095,55
CG43737,414
CG32588,0
CG5662,1
CG43075,0
CG43076,0
CG9101,0
PPYR1,0
CG9106,0
CG5877,95
gce,995
Top1,376
dah,0
CG9114,2
HDAC6,669
CG9123,37
CG12608,50
CG6227,42
acj6,50
Pp1-13C,2
CG9164,354
Cngl,354
Scamp,122
Ahcy,572
CG11655,60
shtd,20
CG6299,744
CG6294,0
CG15642,12
CG15641,1
Grip128,28
CG6308,27
mh,1
CG6324,0
CG6340,113
Gmap,383
Ac13E,209
CG42300,0
CG7860,22
CG15643,122
CG9213,12
CG42299,0
cerv,103
CG7872,197
CG9215,26
CG8097,33
CG9220,207
CG8105,0
sog,694
CG8117,0
CG15646,0
CG12708,1
CG15599,0
CG8128,558
CG9240,235
Pis,1304
CG8134,54
CG9281,590
CG15601,23
CG8184,377
CG8191,5
CG12379,23
MagR,373
Arp6,73
CG11679,30
CG8206,381
CG8944,61
CCT6,217
CG8239,22
Graf,835
CG8260,0
mRpL3,54
CG17209,20
CG8952,0
CG33172,4
CG43672,0
CG43673,0
Efhc1.1,5
Paf-AHalpha,163
mRpS30,116
Rhp,97
CG8974,1175
CG32581,0
CG15602,48
PGRP-LE,149
sd,1204
CG8509,4
Chc,2346
CG8565,0
ArgRS,68
CG8578,231
sun,4083
UBL3,836
CG15914,1
Myb,684
AlkB,16
Gbeta13F,3566
Gapdh2,2171
CG16952,618
tay,208
MSBP,1517
CG15916,112
shi,2762
CycD,144
Lrp4,459
CG8916,169
Lcch3,388
Ranbp16,341
Stim,585
CG8924,158
Rrp47,83
mmd,1172
CG42766,5
CG9170,303
CG8931,157
ND-20,679
eIF5,3711
CG46312,0
exd,901
CG8939,35
vap,716
CG12698,0
Muc14A,0
CG12395,0
dpr18,244
Nipsnap,385
Tob,1944
CG8958,1
CG42353,0
CG42354,4062
disco-r,111
disco,12
CG12507,2
kat80,275
Mfe2,677
Prosalpha4,633
eas,852
CG32576,80
UQCR-14,2684
caz,66
CG9911,534
CG3632,306
CG3679,0
CG9914,558
CG9915,96
SWIP,15
Cyp1,205
CG9917,1289
CG32579,147
CalpC,74
CG9919,153
CG9921,269
Dsp1,1562
sl,99
U2af50,688
PIG-Q,16
nonA,33
Fur2,415
CG9992,408
CG4239,181
TH1,50
mei-41,3
CG9981,0
CG4301,72
Traf-like,6
AnxB11,326
hang,230
CG9947,32
rngo,102
eIF2alpha,287
CG34015,31
eIF4H1,16
para,862
Cnx14D,2
CG9903,0
CG9902,6
Arp2,501
Pp2B-14D,527
CanA-14F,606
CG13014,56
SMC3,40
Ubc7,459
CG9784,129
Nup153,508
mbt,362
CG9782,54
Rok,183
CG9777,7
RpS19a,1471
SNRPG,139
mthl1,95
CG32573,30
CG42512,0
CG9723,69
r,55
CG13012,220
CG13010,4
sing,0
Axs,52
Sep4,397
CG4678,813
CG9676,554
spheroide,0
CG9673,0
CG4653,4
CG9672,1
CG13008,19
CG34325,347
CG32572,0
goe,466
TwdlX,0
TwdlY,0
CG32568,0
Twdlalpha,0
if,644
mRpL22,133
CG9609,129
Sap30,22
Rrp45,32
CG4768,166
CG9132,237
CG4789,5
CG9125,41
CG13005,10
ppk28,12
CG4829,403
CG46306,0
CG13004,17
RSG7,149
CG13003,348
CG4872,55
Nprl2,54
Rcp,10
DENR,328
CG4880,13
CG33252,0
CG4928,520
wus,19
CG13001,77
RhoGAP15B,172
CG13000,0
Ubr1,1068
CG45002,312
CG43996,0
CG43997,0
CG43077,1
wcy,200
CG4949,18
CG8945,1
CG4955,1
CG16700,0
CG4991,459
Arpc3B,58
CG5004,278
mei-218,18
mei-217,0
RpS5a,3763
Chchd2,353
xmas-1,26
xmas-2,22
baz,1536
CG8918,0
CG5070,0
CG32564,0
CG32563,0
CG12995,20
CG18258,1
CG5162,55
CG12998,1801
CG5172,1853
CG34327,153
CG10598,0
CG10597,0
f,20
CG8915,12
CG42854,0
CG8675,72
CG8664,0
CG5445,131
CG8661,0
Fim,1237
B-H2,136
B-H1,24
CG8611,23
CG12994,203
CG5613,52
p-cup,0
CG8568,3
CG43658,880
ppk23,2
Ankle2,97
CG12991,515
CG12992,36
X11L,262
stas,1424
CG8326,21
corolla,0
ND-24,882
CG8289,176
CG5800,20
RhoGAPp190,157
IntS2,61
beta-Spec,2034
CG12990,0
chas,749
CG8188,302
par-6,220
CG8173,8
CG42684,501
unc-4,3
OdsH,1
CG12986,1
Socs16D,47
CG6398,795
e(y)1,18
CG8142,11
Ucp4A,331
CG15814,306
Spt7,18
CG32554,7
CG32557,0
CG6762,177
Arp8,18
CG6769,188
mnb,1254
CG12985,0
CG6788,0
GSS,0
CG32495,0
CG7772,233
Vps4,368
CG6847,166
Sh,1472
CG12672,6
CG6867,30
CG15373,0
Dhc16F,1
CG7536,208
Ada3,93
CG7206,60
scu,1656
RhoGAP16F,60
Mvb12,108
Taf8,3
CG7135,52
wupA,6422
CG43133,2
ari-1,411
CG43229,0
Frq1,309
Frq2,160
Andorra,0
Hesr,0
Him,1
CG33639,166
upd2,2
CG15059,0
upd3,1
upd1,0
CG6023,55
CG6123,124
CG6106,2
CrebB,814
por,28
CG6179,16
betaCOP,298
Tsf1,1401
CG32549,1192
CG34328,2
CG15056,0
CG42323,18
CG32548,1
CG6290,53
CG32551,1
CG43841,10
CG32547,24
CG43843,0
Hayan,169
psh,157
CG15046,19
CG15044,0
CG15043,4
GalNAc-T2,201
Xrcc2,0
Wnt5,77
Ggt-1,298
CG6470,1
HisRS,138
Bx,367
CG6481,0
CG15042,0
CG15047,0
CG15040,1
wgn,404
Rip11,685
CG6540,23
CG6617,342
Ing3,58
CG6659,159
fu,27
CG6696,0
phm,2
Cyp18a1,66
Cyp308a1,5
CG42302,1
CG6873,0
CG12609,0
CCKLR-17D3,72
CG6891,1211
CG18259,109
CG6961,60
S6KL,3011
Atg101,728
bnb,1107
CG7058,67
CG42450,618
CG7101,15
Pvf1,128
htk,165
CG7280,72
CG7322,187
Usp39,29
CG32544,204
CG7326,47
CG34401,695
CG7332,269
CG7358,168
SdhBL,0
CG7378,677
CG43759,297
Diedel3,0
CG14190,0
CG34330,144
CG7406,0
CG14191,0
CG7423,0
CG15882,0
tgy,0
Obp18a,220
RhoGAP18B,249
Inx5,6
CG33939,732
CG7556,125
CG7453,80
CG33253,1
Mec2,35
HP1D3csd,5
CG14194,146
CG7990,102
Ulp1,115
CG14195,0
Mur18B,1
Muc18B,0
CG7884,3
CG14196,300
CG7889,20
CG7992,0
Hs3st-B,14
rictor,88
Vav,72
CG8010,51
CG32537,168
CG32536,24
CG8028,1
CG8034,637
CG8051,90
out,527
nAChRalpha7,783
kek5,157
CG32533,183
CG12200,3
mRpS14,126
Naa15-16,184
pcm,75
ND-18,753
CG12204,4
ksh,52
Pfrx,221
CG14200,299
l(1)G0156,850
CoRest,313
CG12231,0
CG32532,8
Grip84,118
car,81
Tao,971
CG14218,7
CG14204,0
CG14219,0
CG14205,0
RpS10b,1629
CG14220,93
CG14207,6138
Shawn,73
Tyler,0
CG14210,84
Tim9b,0
CG12788,200
CG14221,6
Naa20A,37
MKP-4,30
CG14212,6
e(y)3,294
Rcd-1,337
CG12237,281
Sec61gamma,514
Arp10,151
Ranbp21,129
CG14215,30
CG14223,39
Ssu72,30
Zw,176
et,41
dome,131
Ubqn,293
CG14227,0
Mer,102
CG14229,59
Cdc42,458
CG14231,6
CG14232,63
CG14230,26
meso18E,209
CG12531,443
AP-1-2beta,232
CG14234,311
COX6B,1182
CG18809,340
CG33932,373
Rpp20,0
parvin,205
Alr,173
Pmp70,296
CG12702,1
zld,38
SkpD,0
SkpC,0
SkpE,0
pico,610
Nup205,21
THADA,10
Hers,310
amn,2
CG45486,0
CG45487,0
CG45488,0
CG45489,0
CG45490,0
CG45491,0
CG45492,0
CG45493,0
CG45494,0
CG43784,0
CG12655,89
Nep3,185
CG17003,0
Dop2R,3461
CG9570,0
fd19B,0
karr,1
CG34331,32
CG15322,12
CG42583,0
CG34332,0
CG9572,341
Rab35,451
Phf7,3
CG9577,32
CG9581,76
CG9578,47
AnxB10,1116
Sdic1,0
Sdic2,0
Sdic3,0
CG46275,0
CG46276,0
CG46277,0
Sdic4,0
sw,449
obst-A,323
Peritrophin-A,179
CG17068,44
Rab10,512
CG17065,20
CG42577,0
Inx6,0
CG1504,23
CG1631,0
CG12679,0
jb,0
l(1)G0004,23
Syx16,153
HERC2,165
CG15459,1
CG15458,0
Obp19a,5
Obp19b,37
Obp19c,73
Obp19d,3514
Pp4-19C,103
cactin,13
CG15456,60
CG11710,66
mal,26
CG1695,127
CG42578,3
CG32506,195
GstT3,133
RhoGAP19D,429
CG15461,9
CG1812,125
Tak1,681
CG42579,0
RunxB,22
CG42580,1
RunxA,33
Cyp6v1,591
CG1835,4
hydra,0
run,4
CG1324,0
CG15452,0
shakB,1250
CG32507,1
CG15450,0
CG1314,3
I-3,2
CG11227,0
Npc1b,0
Ser6,0
CG1304,0
CG44426,0
CG11666,0
r-cup,6
CG1532,141
CG1529,111
Ntf-2,452
CG15449,72
Mgstl,597
Cbs,43
Stt3A,58
bves,721
CG32512,74
CG11566,83
stg1,0
CG15446,0
CG1503,1
unc,0
CG15445,354
CG34120,2048
CG45154,0
CG14579,0
CG1724,2
CG32521,1075
CG32523,373
CG1722,10
CG1494,1
CG1718,722
CG1801,6
Rpt6,576
CG33713,962
SLIRP1,0
Dd,540
CG1486,91
tty,179
fliI,18
dod,67
peng,87
sol,201
Sep1,28
waw,0
bbx,1072
slgA,2013
Hlc,145
mst,6
lcs,149
whe,438
DIP-beta,114
CG10918,0
Cyp6t1,11
GCS2alpha,501
CG17450,0
CG33502,0
CG32820,0
CG32857,0
CG32819,0
CG32500,0
DIP1,435
CG14621,116
CG14615,14
tilB,0
wap,371
Usp2,984
CG14613,78
CG14618,35
CG12576,1888
Cp110,29
l(1)G0196,846
CG17600,156
S6kII,136
CG17598,303
CG17599,3
CG17601,0
Cda4,100
CG12446,0
fog,807
CG42346,171
CG34334,2
CG41106,0
CG40486,527
CG40485,722
stnA,0
stnB,4688
FucTC,0
Rab21,207
CG13865,154
zyd,587
CG12061,0
CG17167,28
CG17163,129
CG17168,136
CG17169,4
CG17159,0
CG17162,2508
su(f),137
ATbp,23
CG11023,0
l(2)gl,601
Ir21a,1
Cda5,516
dbr,183
galectin,1747
CG11374,22
net,35
Zir,57
CG11377,54
Nhe1,51
Sam-S,1411
ND-15,2096
CG13694,5
CG4822,217
CG3164,1509
Gs1,1558
CG31975,0
ovm,14
CG31974,141
CG11454,63
CG42399,36
CG3709,17
CG3436,307
CG33635,40
spen,3525
mRpL10,124
CG11617,23
Tbc1d15-17,60
kis,416
CG13693,0
Rpp30,11
CG3645,18
CG17075,185
CG3345,3
mbm,19
CG11555,52
CG17078,32
smo,91
CG11601,43
CG3625,746
Amnionless,5
CG11562,112
U2af38,145
Stip1,218
Pi3K21B,443
Plc21C,435
CG11912,0
CG11911,0
CG33127,2
CG43755,0
CG31921,0
Ent1,208
al,5
CG4213,205
RpI135,19
AP-2alpha,1242
ebi,206
CG13690,3
RpLP1,8053
CG11885,78
CG13692,0
BBS8,4
ex,247
crq,2081
shv,196
CG4133,144
CG4297,149
MED15,38
ush,32
cbt,841
lwr,441
Spp,124
Ets21C,48
nAChRbeta3,65
rempA,31
Tspo,432
CG11835,17
CG2794,15
Nle,26
Sf3b1,82
Ipk2,31
cold,150
Ptth,7
Pph13,338
Gsc,1
CG13689,29
lectin-21Cb,0
lectin-21Ca,0
CG2839,0
ds,161
Hsp60B,1
Eaat2,1517
GABA-B-R3,145
CG12506,5
CG13946,1
CG13947,33
Gr21a,0
CG3544,0
Pkg21D,53
Nnf1b,9
Dbp21E2,13
Saf6,38
Pex12,15
CG15880,0
PGAP2,29
Clp,18
CG3662,2671
CG3862,40
dock,383
drongo,2053
CG4291,50
kraken,235
CG13949,2
CG13950,26
aru,517
dbe,34
PNUTS,1398
CG15824,1
ninaA,234
Lsp1beta,136
GluRIIC,3
CG4341,774
IA-2,2417
CG4375,6
CG4415,0
S,467
ast,19
Atg4a,226
CG4629,230
mtRNApol,67
CG14339,0
CG14340,2
Pino,1976
CG4552,164
Iris,90
CG4577,335
MFS3,18
l(2)10685,8
Tfb4,3
Vps29,102
capt,674
Tango14,181
CG5080,1039
IntS14,25
CG14341,64
Plap,90
CG31922,12
Charon,76
CG4887,128
CG4896,63
CG5126,35
Tgt,29
CG5001,112
CG5139,0
CG43348,0
CG43349,0
CG5011,0
CG14342,2
CG42329,27
CG5397,77
robo3,159
a5,12
CG5440,0
Cdlc2,0
CG5556,0
CG5561,0
CG31924,0
CG5565,0
CG31659,6
NLaz,814
CG14346,0
robo2,56
CG43401,0
CG43402,75
CG31928,0
CG33128,0
CG31926,0
CG31661,0
CG18131,0
CG7420,73
CG18132,0
halo,0
Or22a,0
Or22b,2
haf,185
CG10869,2
CG31935,65
CG14352,17
RFeSP,2022
chinmo,893
cpb,172
CG17660,63
mRpL48,66
frtz,86
Rim2,892
Eno,2750
Rrp40,36
CG31937,193
CG17652,44
CG17646,562
CG17712,37
CG17648,0
CG17650,1
CG31933,0
CG31664,11
c-cup,5
wry,595
CG31663,227
CG7295,0
CG15358,0
Wdr62,1644
CG15357,0
CG33673,1
erm,39
Der-1,266
CG15356,31
CG15362,31
CG7289,82
Got2,967
Npc2a,1195
Obp22a,0
CG33543,309
CG15353,25
Nplp4,4
CG4238,242
CG42296,0
lectin-22C,0
Su(dx),529
Kebab,1
dpr3,84
CG12674,0
CG4259,27
GlyP,2710
tho2,91
CG11723,99
TBCD,67
AIF,101
CG15382,6
aop,781
CG10874,88
CG34172,1186
CG31668,0
CG33124,0
CG15385,123
Uch,422
CG34174,3
CG10880,23
CG42371,0
CG15386,782
mio,32
papi,387
CG15387,21
sau,809
Sec24CD,242
Tengl3,0
Tengl2,0
Tengl1,0
CG4267,452
Ser12,0
CG17239,0
CG17234,0
Send1,0
CG4270,0
CG34049,0
CG17242,0
CG4271,0
CG31681,0
CG42658,0
CG17237,0
robl22E,0
CG31949,0
CG16995,0
CG9967,77
eys,1752
Rab5,1313
Axud1,203
CG3597,485
CG3609,50
CG15390,21
Atxn7,199
Eogt,87
PIG-Wa,13
CG3557,0
CG43750,1
VGlut,3829
CG18641,49
CG31948,0
CG34447,0
CG9886,42
CG44139,0
dpp,331
Slh,184
oaf,97
CG3528,0
CG3515,0
Cyp309a1,54
Cyp309a2,3
Rad1,85
Sws1,0
insv,18
Elba2,1
ND-B17.2,284
Arpc5,82
Drp1,285
CG15394,71
CG15395,0
CG43403,0
CG9962,0
CG43851,0
CG33125,0
Prosbeta4R1,0
Or23a,1
Prosbeta4R2,0
CG9879,0
CG31690,266
CG15398,0
CG31689,1319
Hrs,105
CG9961,0
Cwc25,15
Pgk,492
Bacc,1769
CG9960,303
Snapin,0
Tnpo-SR,28
CG3077,58
aph-1,66
Taf10b,99
Taf10,133
colt,1251
CG2862,323
CG15399,3
Syt1,2497
daw,346
CG2964,0
G6P,29
Duox,122
CG3123,1
CG3119,15
Cpr23B,0
CG2975,7
CG18557,4
CG3117,2
CG2983,0
CG3104,374
RpS21,2772
CG2991,1021
CG31694,2360
CG8813,3
CG8814,568
Prx6005,33
CG31950,45
betaggt-II,87
NTPase,1622
lilli,554
Rbp9,4128
Ts,7
Rrp1,21
gammaTub23C,88
CG9641,116
CG3165,53
CG9643,45
Chd1,191
Bem46,69
okr,3
CG3558,657
CG17265,34
CG17224,568
CG17264,67
alpha4GT1,121
CG3542,59
Sf3b2,85
CG17219,18
GABPI,403
CG17258,5
SerRS,160
CG17260,45
cnir,73
CG17221,151
CG17261,10
FASN2,0
FASN1,729
toc,390
PpD6,0
CG15403,0
ND-B14.5B,504
Mad,236
gkt,57
Hydr2,819
CG44002,7
CG31698,1
CG15404,0
CG34393,177
CG3347,0
CG3332,1
CG9664,243
CG9663,52
CG3277,36
CG15406,0
Fign,1
CG8837,71
CG33281,107
CG33282,0
CG3285,0
CG15408,0
E23,82
CG8838,0
CG34394,460
CG15412,93
CG9662,29
Ptpa,57
Sfp23F,0
CG42460,0
CG34175,0
pgant2,445
CG8840,0
CG31952,0
CG2772,11
Snx1,160
CG12795,165
Cog3,11
Sec5,68
CG3246,182
msl-2,93
ND-PDSW,978
Pif1,6
CG31776,1
pgant4,1
Thor,403
CG15414,452
tim,1102
CG31954,8
LeuRS,92
CG17593,216
CG3213,0
CG8851,0
Sr-CIV,0
CG8852,7
Spindly,0
IFT57,1
drm,76
CG43815,0
sob,28
odd,15
Dot,25
CG15418,7
for,1856
Drgx,74
Sfp24Ba,0
Sfp24Bd,0
Sfp24Bb,0
Sfp24Bc,0
CG16704,621
CG3513,29
Acp24A4,0
CG43165,25
CG16713,620
IM33,3660
CG3604,59
CG10031,199
CG42464,5
CG42465,2
Sfp24C1,0
CG42467,0
CG43145,0
CG2816,34
CG31778,844
CG31777,67
cutlet,6
CG31955,152
CG2818,522
lectin-24A,6
Shaw,236
CG10019,18
CG43707,303
CG43703,2
bowl,150
CG31960,0
bark,147
Reph,734
CG3407,12
slp1,18
slp2,47
CG3964,0
Cep97,240
CG31957,23
capu,416
fred,126
CG31773,0
CG43797,0
CG34176,0
CG15422,0
CG15423,0
CG43773,0
CG43774,0
ed,424
Sr-CIII,0
Sr-CI,17
CG2955,1
TBCC,87
lectin-24Db,41
CG3714,715
ft,83
CG3702,117
RpL40,1364
CG15425,1
Art2,1
tutl,752
bdl,5117
Atet,1018
CG15429,0
Traf4,46
CG17612,6
Vps53,60
Psf2,38
Tps1,4353
CG3652,78
l(2)k05819,79
CG33003,0
Dim1,53
CG15431,595
CG43055,0
CG34177,0
CG34178,2
CG43056,0
Sfp24F,1
CG15432,72
morgue,44
Elp3,42
MFS18,145
CG15439,22
CG15440,89
ND-B8,3
Gs1l,849
RpL27A,882
mRpL27,241
CG15435,17
CG15443,24
CG15436,11
FIG4,31
ine,496
dpy,906
HP6,10
BG642163,0
CG15635,0
CG43798,0
CG3355,0
CG11929,0
Bsg25A,0
Elba3,0
CG3251,0
CG34351,405
Taf12L,0
CG15631,3
CG15630,801
CG42523,0
CG3294,2
Clect27,453
CG15629,309
CG3225,17
CG15628,724
Fnta,67
Ir25a,8
tank,128
CG12194,348
mxt,943
CG11927,41
mRpS2,58
Mon1,99
smog,202
Cf2,38
CG3008,368
CG15625,1
CG3036,3104
CG2837,54
hoe1,4759
hoe2,267
Sgs1,0
CG14044,7
mRpL24,139
betaggt-I,67
jet,51
Jon25Biii,0
Jon25Bii,0
Jon25Bi,0
Marcal1,7
CG34124,0
CG34125,83
eIF3i,655
Scox,116
CG3756,48
l(2)05714,73
CG14043,67
mRpL28,503
Gmd,36
CG3792,244
CG8891,79
CG8892,61
CG34126,376
Rtnl1,3944
CG31917,332
Tfb5,0
CG3887,295
vkg,450
Col4a1,414
SP555,222
CG14042,0
CG31650,127
CG33995,0
CG44001,1903
CG44000,0
CG9121,126
eIF3h,294
senju,83
CG14036,1
His3.3A,588
CG31918,5
Rpn11,970
qtc,1058
RpL37A,4534
pgant5,862
CG5828,34
CG4230,459
ND-13A,597
Msp300,1804
Cyp28d2,1
Cyp28d1,468
CG7742,14
CG14034,19
TpnC25D,8655
tkv,417
Cyp4ac1,37
Cyp4ac2,3
Cyp4ac3,14
Bsg25D,134
Bub1,59
vri,988
CG14024,85
Ncoa6,238
cype,1235
CG14022,249
TotM,89
fusl,575
CG12512,232
nompC,20
H15,19
mid,12
CG14020,2
CG7382,117
cl,787
Vps52,78
CG6907,74
Cap-D3,11
CG31648,89
CG31915,53
CG7277,133
tomb,0
CG14015,36
Hel25E,224
Lam,67
Oscillin,228
CG14014,0
CG18269,0
CG14013,0
CG14017,0
GluRIIA,56
GluRIIB,2
CG14011,0
CG7251,0
CG18266,1
DIP-eta,96
Cyp6a16,0
DIP-theta,109
Hsp60C,1
CG12511,0
CG7236,25
CG14007,1
CG34011,0
CG11149,0
sip1,16
CG11030,185
CG14006,0
CG11147,801
CG11029,6
obst-E,329
CG9171,266
CG31913,0
CG14005,29
CG7239,127
CG11034,1
CG43307,0
CG31644,0
TrissinR,187
rau,86
CG44574,0
Sfp26Ac,0
CG43185,2
CG9029,1
Acp26Ab,0
Acp26Aa,0
CG9021,0
bchs,177
CG14000,0
CG9016,4
dsf,0
Sfp26Ad,0
Gpdh,2982
CG9044,275
CG13999,35
CG13998,0
Vm26Ab,0
Vm26Ac,0
Vm26Aa,0
psd,1
CG13992,0
Ucp4C,0
Ucp4B,0
chic,1380
eIF4A,5011
ifc,409
lid,196
Tsp26A,42
Gal,55
CG9098,40
H2.0,0
CG13996,0
CG9107,21
CG9109,24
mtm,102
CG9117,8
CG31643,11
ade2,296
slmo,840
CG34179,0
CG12393,109
CG9135,97
CG13995,50
CG34180,118
ND-51,778
CG13994,10
Fbw5,76
CG9147,41
CG9150,4
Pfdn1,180
CG9154,25
Kr-h2,269
Kr-h1,1034
CG45075,0
CG9175,63
stai,1431
CG31642,15
Arpc4,260
WDR79,4
tctn,14
B9d2,0
CG9222,0
CG13991,0
Muc26B,0
CG31639,0
CG13989,0
smal,175
Ugt37b1,0
Ddr,126
AANATL2,25
CG13983,0
CG43922,0
CG13984,1
PDZ-GEF,272
Pez,48
Cpr,691
CG9497,179
CG9498,128
CG9500,0
CG9505,19
slam,4
DIP-epsilon,746
CG9507,34
CG42369,110
CG13982,68
Tig,242
Fic,108
CG9527,77
retm,1001
frj,231
Rchy1,73
CG9531,116
mmy,1500
CG9536,191
Sec61alpha,640
Daxx,92
KFase,299
epsilonCOP,233
Phf5a,55
CG31638,137
CG9547,88
CG9550,1
CG31637,538
eya,375
IFT52,3
COX5B,3383
CG9596,18
COX5BL,13
Ent2,173
CG13766,22
CG11319,1513
CG11050,733
DIP-iota,0
CG34345,0
Oatp26F,4
CG31635,1189
Tango1,178
CG31633,50
CG31636,29
CG11070,76
CG13771,0
CG34310,274
cup,0
Galt,197
Spn27A,765
cort,1
Nse1,0
Nhe3,894
CG11327,4
Tsp,1125
AkhR,129
Aatf,21
homer,334
Liprin-alpha,257
TTLL3B,5
TTLL3A,1
CG11221,294
CG31910,0
CG44271,0
CG11322,0
LUBEL,80
CG17378,776
nrv1,3666
nrv2,4767
CG17376,0
CG17377,0
CG11236,79
CG17375,0
sens-2,6
Rca1,37
l(2)k09022,21
Nha1,32
Nlg2,296
CG13773,19
Rat1,32
Wee1,137
x16,226
CG32829,2
nop5,204
Hrb27C,1187
CG43232,1
CG18304,191
Fgop2,83
ihog,17
Gas41,18
SA,78
CG13775,6
CG3430,6
Atac1,18
CG10399,4
sip2,1
Coprox,15
smt3,681
snRNP-U1-70K,160
uif,283
CG43321,0
CG43322,24
ade3,858
Pcp,14
CG31908,300
MME1,83
Rab30,225
Caper,307
milt,1329
Mnn1,1213
CG31907,0
Sem1,1026
Nuf2,6
Pvf2,54
Pvf3,924
MICU1,116
CG4496,19
CG4497,18
CG4502,966
CG13784,1697
mEFG1,86
Ndae1,389
CG43799,1
CG43800,5
CG13786,0
Wnt4,65
CG31909,0
wg,39
Wnt6,137
Wnt10,19
ninaC,7963
CG5149,93
gudu,2
CG5160,121
CG5171,633
CG5177,417
CG5181,44
CG15818,0
chm,22
muc,2988
CG5958,881
CG5973,732
santa-maria,1116
Gr28a,0
Gr28b,3
CG6055,140
Ziz,488
CG6441,0
Obp28a,193
RapGAP1,1237
Spn28B,0
Cyp4d21,48
CG6739,155
Slob,1198
Myo28B1,4
CG18585,0
CG7025,1
CG43235,0
Tep2,274
Tep3,442
Ntl,15783
CG33296,28
CG13793,35
CG13794,114
CG13795,151
CG13796,31
CG31904,3
Acp1,521
CG7214,209
ATPsynGL,0
CG7203,3530
CG46025,18
CG7191,29
CG7179,0
Uro,0
CG7164,0
CG7154,54
CG7149,432
LKRSDH,183
Herp,450
r2d2,91
cdc14,527
LanB1,391
CG7115,493
Rack1,1563
mts,1169
CG14537,0
CG14535,42
lectin-28C,83
TwdlE,3
Proc,178
spz3,130
CG7102,13
SmE,86
CG34132,282
Spn28Da,0
Spn28Db,1
Snoo,418
CG7231,314
pes,449
CG7227,67
Sirup,3166
Wwox,31
Spn28Dc,106
CG12560,113
CG34010,4
Tg,221
CG7367,6
baf,283
Cka,764
CCDC53,29
RpL36A,4090
CG7466,125
poe,154
MED20,24
Trf,6
Mcr,128
Bsg,1600
mon2,75
CG8673,3
CG12375,173
CG8668,548
PAPLA1,1305
CG42762,5
CG42763,6
CG43394,415
CG31606,2
Rbsn-5,50
CG8498,326
Piezo,583
CG34134,103
CG8475,166
CG8460,15
PGAP5,33
SLC5A11,547
CG8419,7
Su(var)205,202
Ssb-c31a,136
CG8372,211
CG8360,212
CG8353,364
CG8349,1
CG8292,11
Snx6,156
Pvr,463
Spn28F,0
CG14277,445
CG43057,0
CG8086,192
Btk29A,1013
wol,126
Scgalpha,93
CG7840,59
Ostgamma,124
Mettl14,17
CG7810,35
CG7806,87
mtsh,4
strat,54
CG7781,1006
CG14275,1320
CG14274,159
CG14273,7
CG7778,353
Mur29B,0
CG7627,129
RpS13,1045
CSN8,66
Pp2A-29B,1294
CG17292,332
Wdr82,59
CG13390,3
CG17294,62
AlaRS,137
CG13392,17
Rcd4,10
Dad1,107
CG13384,633
CG42819,0
CG42820,0
Acp29AB,0
lectin-29Ca,0
Peritrophin-15b,1
Peritrophin-15a,0
CG13385,0
CG13386,0
CG31898,3
fy,14
emb,353
CG13397,38
CG13398,122
Akap200,252
grk,40
D12,24
Chrac-14,28
mus201,7
CG31897,14
U26,23
fu12,326
prg,20
d,78
CheA29a,0
CG43796,3
CG13088,9
CG43400,0
Dh31,193
Bace,0
CG13096,32
CG13097,23
PIG-U,76
mRpL51,72
Uba4,27
CG13091,1
Acer,187
lmgA,0
lmgB,79
CG17834,287
Sema1a,274
Glt,84
CG9287,0
CG9289,0
PrBP,284
Trs23,59
Hnf4,711
CG9314,0
raw,364
CG45307,0
CG12438,0
LManIII,0
LManV,0
LManVI,0
CG42710,0
SoxN,409
CG32986,0
CG32987,0
CG32988,0
CG32983,0
CG9483,0
CG42713,0
CG34398,586
Tsp29Fa,15
Tsp29Fb,121
CG9510,186
CG9515,35
C1GalTA,433
CG31886,265
CG32985,2
CG32984,0
CG18088,0
CG9541,53
CG13101,175
CG18662,0
rost,314
CG9555,2
alien,183
CG17906,0
CG18661,21
Try29F,33
CG9568,0
CG13102,0
Rcd-1r,0
CG9582,0
DIP-zeta,229
CG12439,0
CG31609,0
CG32982,467
CG13108,59
CG9586,127
tai,474
aust,0
borr,3
lectin-30A,0
Ggamma30A,11137
CG17005,1
Cks30A,4
Eaat1,4984
CG3748,0
CG43350,0
CG13110,0
CG34181,0
Shawl,201
Aldh,3996
CG4438,3
Mco1,123
Fbp2,186
CG42847,10
FucTB,44
scat,100
CG3769,0
RpS28-like,3
numb,731
Gdi,894
CG33298,639
Oatp30B,881
CG31883,6
CG17855,5
Cpr30B,3
CG13113,0
CG13114,0
jp,1076
CG3838,244
Mtpalpha,858
CG31709,0
gcm,1
CG3841,0
CG4382,0
gcm2,2
Trx-2,1374
GlcAT-S,497
CG31882,0
Apoltp,298
CG33299,0
Pka-C1,1659
hoip,165
pelo,202
CG31710,273
CG4364,554
Nckx30C,1569
CG13116,140
CG13117,257
Cyp4e3,102
zf30C,200
Taf11,22
und,311
CG4017,4
CG17633,0
ppk16,5
IP3K1,273
CG4036,23
CG13123,26
nAChRalpha6,769
FKBP59,121
CG34183,12
CG4537,16
mtDNA-helicase,0
Bka,94
RpS2,1087
Muc30E,1
CG13124,3296
Etl1,85
Srp54,120
yip2,814
CG5885,352
CG4598,224
CG4594,35
CG4592,31
TbCMF46,1
CG42366,9
CG42367,17
Cpr30F,1
CG31712,145
Apf,33
CG4619,24
CG5853,334
CG13126,4
CG4709,10
CG5846,28
CG4658,334
CG5850,204
Dref,271
RpL13,1746
bib,30
CG31875,2
SoYb,0
CG4747,335
Trp1,512
CG13131,1
CG13127,0
obst-B,216
CG33301,6
Cpr31A,0
Pen,2
Spn31A,24
CG44153,235
CG13133,128
CG34109,0
CG13135,1
CG4839,110
CG13137,0
Sur,16
CG31874,0
Ripalpha,143
RpL7,1926
CG34159,335
CG5734,206
CG5731,29
CG5727,47
CG4901,51
Npc1a,769
Prosalpha6,332
CG4908,41
CG5708,503
CG5694,228
eEF1delta,335
mthl15,1
me31B,974
chico,263
bsk,1024
CG31717,136
Ror,34
CG5676,467
Pten,768
Rsf1,343
REPTOR-BP,298
Mob3,174
CG4953,79
CG4957,77
Mulk,42
trk,3
Utx,142
CG34043,1
Ufd4,418
Hand,1
CYLD,169
CG13138,0
nmd,528
CG5390,173
CG4968,228
Cdk5alpha,726
l(2)SH0834,46
Usp14,277
CG4972,86
CG5381,115
CG4995,10
RnrL,5
Schip1,152
CG5037,151
GATAd,94
SamDC,68
CG31715,223
Sps2,78
CG5022,64
CG34367,1
CG5367,0
CG5045,99
Cand1,153
pim,2
lft,545
CG5056,225
rho-5,409
CG33303,56
dpr19,334
gny,12
CG5096,21
Cdk1,1
mRpS7,135
da,521
Mdh1,768
Cnot4,1021
LSm-4,0
CG17768,338
Ir31a,1
Ip259,565
RpS27A,2806
CG5355,31
Klp31E,94
RfC3,11
pie,4
CG5168,302
SmB,82
KdelR,454
CG5188,3
Bug22,159
TfIIB,35
TBC1D16,245
holn1,45
STUB1,499
Nse4,25
loh,11
ppk10,3
LManI,93
LManII,433
RluA-1,624
RluA-2,29
Grip75,16
CG7456,135
CG6144,96
CG13144,3
Myo31DF,217
CG6094,38
CG7384,50
Fatp,756
Lrr47,15
Lip4,459
CG18301,17
CG18302,232
Trim9,258
CG6138,0
w-cup,0
CG34160,1
CG34161,0
CG7329,0
CG31872,0
CG18284,0
CG17097,0
CG17098,0
CG45690,0
CG31871,25
CG17104,55
CG17105,0
CG17107,31
CG7299,108
CG7296,422
CG7294,4
CG17108,11
CG7300,28
Lip1,1
Lip2,4
CG6415,6
CG6431,0
CG6443,93
CG17118,90
EMC3,157
Dpy-30L1,12
Nup107,29
Vha16-5,0
CG12299,110
CG6729,26
CG17124,1190
CG6495,358
Ubc2,310
CG6724,98
CG17127,10
CG31869,387
CG31870,0
Nos,239
CG6508,0
CG17134,1
CG6700,87
CG17140,4
CG17139,0
Porin2,3
porin,4686
SmydA-3,9
Dnz1,128
aurB,3
Stam,288
CG12517,0
CG14071,0
CG14070,0
CG7309,0
CG14069,1
dpr2,303
CG14072,0
CG33129,353
YL-1,45
CG16743,47
abo,24
ATPsynG,3141
SCAR,385
piwi,1
CG12253,8
CG16833,349
aub,2
lectin-33A,1
RpL9,3268
Nup154,28
Art8,27
dUTPase,43
Samuel,162
Acp32CD,1
CG14913,0
CG18666,0
CG14915,0
CG43725,0
AstC,223
AstCC,9
CG16854,43
Wdr59,37
Ge-1,109
Reps,260
l(2)gd1,95
CG6201,12
Gr32a,1
CG6230,29
CG14921,3
Csl4,25
Nup160,13
RfC38,36
CG4751,49
hgo,88
Gyc32E,9
CG31867,2
CG6287,891
Ca-beta,235
Vm32E,0
CG4788,32
ab,181
cmet,0
cana,182
CG33695,32
Ppt2,122
mre11,22
Osi21,0
CG14926,0
salr,15
salm,30
sala,13
CG43355,0
CG6488,36
spz4,9
Dlg5,162
CG4970,0
CG14929,0
CG14930,0
CG43153,0
CG31705,474
CG31706,295
CG34162,1
CG43438,0
kek2,746
Mst33A,0
Acp33A,0
spag4,1
CG6614,0
CG12307,0
CG4983,1
CG43167,0
CG44477,0
CG4988,0
Vha100-5,0
CG42470,0
Sfp33A1,0
CG14931,0
CG14932,0
Tsp33B,1
CG14937,5
crol,702
CycY,150
Pde1c,1451
esc,8
CG45011,0
CG45012,0
Sfp33A4,0
Sfp33A2,0
Sfp33A3,0
CG31704,50
CG44008,65
CG14933,170
CG42486,3367
Mal-B1,19
Mal-B2,170
CG42751,6
Crys,1319
CG16964,0
CG16965,17
CG6686,72
CG34163,44
zuc,0
dgt2,28
escl,17
Ada1-2,7
CG18789,0
Qtzl,0
Ada1-1,44
CG18787,0
CG12264,0
CG6746,177
Rh5,771
CG6734,64
dmGlut,148
CG18788,0
Tom70,64
CG6766,207
CG6785,15
CG6770,3917
Plzf,8
CG14945,828
JhI-21,61
RpL7-like,0
CG34164,1057
Rab3-GAP,22
firl,226
CG14947,5
prd,0
Pex19,407
CG6712,16
Mt2,1
Ced-12,48
Patsas,135
ThrRS,303
Rab6,524
Phae1,0
Phae2,0
CG17211,130
rho-6,10
Gr33a,2
CG31760,274
CG31861,8
ZnT33D,4
CG17217,1
CG6583,100
crok,93
bru1,852
atilla,697
CG31759,46
CG31862,6
CG43813,17
bru2,212
CG17010,0
Pkd2,0
vir-1,4374
CG6405,2
CG5446,68
CG6388,7
CG5435,0
SC35,382
eRF3,431
Oatp33Ea,42
CG5421,0
Oatp33Eb,0
CG5418,1
bun,2416
t-cup,9
nub,94
Ref2,0
pdm2,5
CG15485,0
CCT4,244
CG6153,62
CG5780,4
PICK1,200
CG5781,0
CG17036,6
CG5776,6
spict,96
CG15484,1
CG6180,54
CG5787,35
Pih1D1,150
MRP,352
CG15483,0
kek1,439
ACXC,1
ACXB,1
ACXA,0
ACXE,4
CG16800,0
Vha68-2,474
Vha68-3,0
CG12404,68
Vha68-1,1199
Tor,89
CG9934,1299
A16,102
CG9932,2447
CG5142,3
CG43050,0
CG5122,0
CG9928,789
CG16978,987
Pk34A,0
kmg,0
DnaJ-H,535
Sirt1,229
Sfmbt,256
CG43925,5
CG5439,93
CG5287,249
CG31849,17
CG5458,140
CG16974,352
Edem2,797
CG16972,70
Pect,1988
CG15482,3
kek4,127
CG9426,287
mRF1,15
Ski6,28
CG16812,81
CG15480,1
CG16813,0
CG16815,0
Prosalpha6T,0
Mabi,14
CG5867,7945
CG5945,2018
CG16820,234
l(2)k05911,19
Naa20B,0
CG31730,2
CG44085,605
CG31848,1
Drep4,225
Uvrag,91
CG31729,1069
CG16824,6
CG43778,1311
CG16825,6
CG16826,172
CG9395,257
CG9377,7
Nnp-1,32
CG6523,251
Tap42,46
CG31855,193
ND-B22,910
Bdp1,15
CG6565,231
CG9302,54
beta'COP,182
loqs,372
Ing5,86
CG7099,4
RpL24,1473
CG16957,0
CG10859,0
CG7110,27
Vm34Ca,0
CG16848,0
CG16956,0
CG42784,463
CG43850,152
Tehao,7
CG9267,63
Hsp60D,1
CG42809,8
CG42810,3
CG46308,0
B4,865
CG15638,2
CG16852,0
CG9263,6
CG16853,0
kuz,470
CG9254,0
ics,175
CG18507,381
CG31814,206
CG7311,0
CG9014,0
CG31813,0
TM9SF4,124
CG43376,2
CG9008,344
p38b,306
CG16890,25
CG31731,32
CG16863,24
Sec71,175
CAH1,1397
Adat1,7
CG16865,16
CG16888,0
Sos,74
b,1398
tam,9
Arpc1,415
Orc5,13
DNApol-gamma35,344
GatC,0
RpII33,31
mRpS23,58
CenG1A,803
CG33307,13
CG33306,0
CG8997,0
CG7916,3
CG7953,1
CG7968,2
Smg5,396
Ance,248
Ance-2,10
Acyp,0
Ance-3,295
CG16886,57
CG42711,56
CG16885,539
CG16884,502
NimA,20
NimB1,18
NimB2,674
NimB3,69
NimB4,28
NimB5,120
He,7
NimC1,121
Cyp28a5,204
NimC2,38
rk,29
CG42692,0
bgm,248
NimC3,0
hll,56
CG18095,0
nAChRalpha5,688
NimC4,246
CG46301,91
CG15293,461
CG31769,243
CG43332,0
CG43333,1
Dyrk2,1625
wb,128
CG32971,4
ms(2)34Fe,0
CG33090,214
CG15286,1
Send2,1
mTTF,48
l(2)34Fc,1244
CG43052,0
l(2)34Fd,19
Rab14,195
Pgant35A,60
spel1,31
ppk,2
elB,364
Pburs,4
Cpr35B,0
CG15283,0
noc,695
CG33648,2
CG4218,0
CG3473,0
osp,367
Adhr,248039
Adh,3085
CG15282,218
CG34165,100
CG42685,0
CG31835,0
CG31775,0
CG42585,0
CG42586,0
CG34166,327
CG42681,0
CG42587,0
CG4691,0
CSN1a,0
CG4701,0
CG4650,0
CG18636,0
CG18420,0
CG33308,0
CG33309,0
CG42682,0
CG15279,499
CG4480,0
CG15278,0
ProtA,0
ProtB,0
CG42313,347
CG3491,0
mol,1725
DCTN5-p25,94
l(2)35Be,40
NC2beta,52
THG,31
l(2)35Bd,41
GABA-B-R1,366
CG31832,0
yellow-c,853
CIAPIN1,162
Su(H),67
ck,145
TfIIS,99
solo,0
vas,0
vig,275
CG15270,357
CG15269,0
stc,224
CG4168,164
Sfp35C,0
CG43230,0
ZnT35C,1
dao,94
Pol32,13
l(2)35Cc,15
yuri,336
Cul3,524
UK114,716
CG15263,0
CG15260,0
ms(2)35Ci,0
CG15262,0
nht,0
esg,4
CG15258,0
CG44869,0
wor,0
CG4161,0
sna,0
Tim17b2,0
lace,128
Skadu,0
CG15256,0
kek3,344
CG15255,0
Semp1,0
CG15254,0
CG15253,0
CG11865,0
CG7631,0
CG18480,0
CG4587,5
CG44141,0
CG18477,0
CG18478,0
CG43923,0
CG44140,0
CG31780,0
CG31827,0
CG43924,0
CycE,28
ND-B17,1236
Mtr4,31
Gli,217
CG3793,247
wek,23
Ku80,20
CG31826,40
CG43760,0
CG18109,0
CG42876,5
CG18518,0
CG13243,0
Tektin-A,0
CG42792,1
CG7653,0
CG44475,0
Tep1,1
CG31735,0
CG31823,0
CG31821,0
beat-Ib,1017
CG13244,0
CG4793,0
CG12448,0
CG18063,0
CG10839,0
beat-Ic,531
CG34167,0
CG13245,3
CG43816,0
CG31820,0
BicC,0
CG45084,0
beat-Ia,289
CG4891,0
CG4892,0
CG34168,0
Ca-alpha1D,1055
CG31819,0
CG42817,190
CG42818,0
CG46309,0
PRL-1,5622
EndoGI,262
twe,1
CG4935,8
crp,425
pkaap,117
CG17329,0
CG13258,4
Cyp303a1,0
heix,112
CG17328,6
GMF,159
c(2)M,0
CG5861,156
Syx5,534
cni,251
fzy,0
cact,1213
CG4278,36
mRpL4,72
CG4440,0
CG31817,0
CG42266,0
CG44405,0
chif,109
CG42231,0
CG4455,34
CaBP1,173
jhamt,5
CG5888,273
Idgf1,84
Idgf2,1253
Idgf3,38
dac,116
CG4580,1
Tpr2,3042
CG5953,692
CG31816,0
CG42389,581
CG5968,0
CG31815,23
CG4631,19
Trpgamma,3
her,48
squ,9
grp,591
CG31807,0
CG33552,1
CG31808,4162
Cyt-c-d,25
Cyt-c-p,5595
VhaSFD,664
CG31812,1
CG17996,50
Prosbeta4,764
CG17904,64
glu,14
ChLD3,2
LSm7,25
BuGZ,47
yellow-b,154
ppk17,1
Mhc,4654
Cyt-b5-r,1790
CG17928,321
Ugt36Ba,0
Ugt36Bc,322
CG13280,10
CG13272,57
mdy,369
Cse1,35
AspRS-m,102
CG13282,5
CG13283,10
SclB,51
SclA,0
CG13284,198
CG31810,1
CG31809,61
CG6012,1
CG32832,0
CG31743,693
CG34313,0
CG6115,419
tweek,359
CG42556,38
CG31805,1
CG12288,5
ApepP,74
beat-IIIb,923
CG31806,3
CG6304,0
CG15136,0
CG12620,0
CG31784,0
beat-IIIa,0
CG34106,550
CG34169,1
Gr36b,0
beat-IIIc,299
CG15140,0
CG6380,0
CG34170,0
CG45691,0
CG31804,0
Lrch,142
CLIP-190,1722
Rpb11,76
CG15141,63
CG31803,0
Dif,853
CG5043,0
dl,323
CG5050,5
SPH93,2
CG18563,0
BicD,153
Sgt,241
Aac11,221
fws,81
CG5110,189
GCS2beta,97
CG5131,45
CG43645,15
CG43221,0
CG43220,6
qua,22
CG15142,3
mEFTs,632
Dhc36C,1
CG15143,0
CG15144,2
CG7094,0
Oli,70
CG6870,980
Sytalpha,568
CG15147,1
CG43054,0
CadN,471
CG43231,0
CadN2,175
CG42830,1
CG43271,0
CG5674,31
CG5681,0
Prosbeta5R2,0
CG5693,0
CG42659,0
CG42634,0
CG42635,4
CG31740,9
elfless,0
rdo,612
Arr1,17108
ninaD,86
CG31741,1
CG15153,0
CG5755,0
CG44476,3
CG15152,0
CG5758,1152
CG31785,0
kel,55
Socs36E,569
CG17681,1
CG15155,5
CG5783,55
CG7200,53
CG42750,766
Ptp36E,83
CG31802,6
CG31788,2
CG31787,0
CG43362,0
Sfp36F,0
CG5790,0
CG43354,0
Fas3,1029
Acp36DE,0
CG34171,4
RpS26,5375
ncm,13
bsf,109
Ntf-2r,0
CG10283,291
grnd,527
kon,182
CG10178,821
CG10211,232
Pde11,598
CG15160,114
amos,0
CG10413,135
CG31789,0
CG10333,31
Atac2,11
CG15161,10
MESR3,562
Cyp310a1,2
CG43338,0
CG43339,0
Mst36Fb,4
Mst36Fa,2
CG31751,401
tos,9
msl-1,132
CG10336,8
CG10383,432
CG10338,191
CG10341,41
CG10376,82
CG10343,78
Jwa,1019
Faf2,585
Grip71,14
Irk3,24
CG10348,418
CG42752,0
CG15167,0
ham,113
CG43814,0
CG10570,18660
CG42502,0
CG17325,1607
CG42305,0
CG17324,9
CG17323,67
CG17322,4
CG17597,119
ScpX,281
CG10600,32
CG31752,0
CG33120,49
CG17321,221
CG10602,221
mRpL13,0
tup,103
ssp3,166
CG46304,0
CG10428,63
Nedd8,447
CG10621,1247
CG10623,125
Nak,232
Tango6,16
L2HGDH,217
CG10431,5
Swip-1,1487
CG15168,109
CG15170,0
CG15169,7
CG10650,5
CG31792,0
CG31793,318
RpL30,2931
robl37BC,0
CG15172,0
Sidpn,103
hook,208
CG31800,96
mib2,462
Catsup,98
Ttc19,68
Acn,154
CG10470,124
l(2)37Bb,61
Rpn3,756
CG10492,54
Phlpp,6
CG10495,7
CG10702,553
CG17343,5
CG17572,82
CG10700,1
Lim3,98
CG17344,0
CG43731,0
amd,106
CG10561,490
Ddc,1978
l(2)37Cc,300
l(2)37Cb,8
l(2)37Cd,1
AsnRS,226
DCTN6-p27,59
l(2)37Cg,20
brat,412
CG17568,39
CG42688,0
CG46059,0
gammaTub37C,0
pigeon,65
drl,126
CG31797,0
CG17564,0
CG10750,0
dnt,52
CG13086,5
CG17349,0
CG17350,66
fon,873
CG17549,1208
CG17544,130
CG31798,0
Pax,690
Lectin-galC1,2
lectin-37Da,0
lectin-37Db,0
CG16771,65
CG13085,1
RtcB,58
Rab9,305
CG10237,1362
RanGAP,48
Hs2st,63
Top2,100
CG10026,84
tj,9
CG10195,33
CG13084,0
CG13083,0
CG10194,9
CG18094,24
CG10189,36
swm,140
Top3alpha,9
CG10188,211
Hasp,2505
CG10132,44
CG10166,93
CG10137,73
CG10165,60
CG33116,42
CG31697,5
CG13082,93
CG13081,2
ref(2)P,1423
CG10337,57
Tep4,730
Tep5,0
CG13078,0
CG13077,733
spi,1073
msb1l,0
CG10268,49
Hakai,43
PCNA2,40
CG10366,27
Lar,943
CG46244,0
scw,0
CG10462,46
Nf-YB,72
CG10631,105
CG10628,5
CG10463,11
fbp,637
bsh,12
CdGAPr,115
CG10466,36
fs(2)ltoPP43,50
sick,247
CG13962,4
CG10481,0
TotF,0
COX4,2329
CG34051,0
CG42866,2
CG13965,18
CG16772,15
CG10680,407
OS9,102
Hf,118
CG43861,228
CG10659,0
sNPF,720
barr,23
lok,19
vls,18
bwa,470
CG10730,0
pr,862
neb,1
fok,1010
CG10747,107
CG10721,30
Taf13,77
nesd,1
mRpS18B,66
Kua,22
CG13970,0
CG10651,0
CG17571,0
CG17570,0
CG12617,0
spir,663
La,153
RtGEF,245
Ugt37a1,2
CG16798,16
CG10947,248
CG10949,24
Arpc2,430
CG15130,1
CG31688,829
CG31683,0
CG31687,0
CG18858,2
Cdc23,0
CG2493,57
CG43233,0
CG34007,1
CG44270,0
CG31677,0
CG15475,9
CG17472,0
CG31680,0
Sfp38D,0
CG17470,3
phr6-4,0
CG2608,127
CG18810,1
CG2611,41
brun,129
CG2614,21
CG31678,194
IKKepsilon,24
Cen,158
CG2617,4
Hr38,482
CG9316,2
CarT,52
TM9SF2,613
Fs(2)Ket,428
CG9319,56
Ns4,78
Rhau,33
dia,247
cad,0
Pomp,526
vari,1210
CG9328,1827
CG33322,0
CheB38b,0
CG9331,402
CG31673,79
CG31674,66
Oseg5,2
Spn38F,0
CG31676,396
CG14402,3
twit,63
CG9336,2927
CG9338,193
CG31675,47
CG14401,203
sky,1425
CG43739,0
Mtp,85
RPA2,43
CG9272,7
CG9270,0
CG42238,503
Itgbn,7
CG9265,427
tadr,374
CG33510,1
CG33509,4
ppk13,1
CG9259,0
CG14397,4
l(2)05287,67
CG34136,629
CG9257,181
CG46307,0
Nhe2,642
Dap160,492
CG9253,26
del,6
E2f2,118
Mpp6,60
CG9249,16
CG9248,70
Nbr,65
CG9246,28
CG43345,0
CG43346,254
Acon,1180
CG31627,7
bur,674
Mcm10,3
Ret,34
CG31624,1
CG31988,0
clumsy,60
Atg18b,425
CG8679,24
CG8677,90
CG31626,1
Hr39,293
l(2)k14505,90
CG8671,1098
Mondo,1124
crc,7695
CG46314,0
dimm,3
Tsp39D,339
dtr,1
CG8665,130
nrv3,9590
His1:CG33801,0
His2B:CG33910,0
His4:CG33909,0
His3:CG33803,0
His1:CG31617,0
His2B:CG17949,0
His2A:CG31618,0
His4:CG31611,0
His3:CG31613,0
His1:CG33804,0
His2B:CG33908,0
His4:CG33907,0
His3:CG33806,0
His1:CG33807,0
His2B:CG33906,0
His2A:CG33808,0
His4:CG33905,0
His3:CG33809,0
His1:CG33810,0
His2B:CG33904,0
His4:CG33903,0
His3:CG33812,0
His1:CG33813,0
His2B:CG33902,0
His2A:CG33814,0
His4:CG33901,0
His3:CG33815,0
His1:CG33816,0
His2B:CG33900,0
His2A:CG33817,0
His4:CG33899,0
His3:CG33818,0
His1:CG33819,0
His2B:CG33898,0
His2A:CG33820,0
His4:CG33897,0
His3:CG33821,0
His1:CG33822,0
His2B:CG33896,0
His2A:CG33823,0
His4:CG33895,0
His3:CG33824,0
His1:CG33825,0
His2B:CG33894,0
His2A:CG33826,0
His4:CG33893,0
His3:CG33827,0
His1:CG33828,0
His2B:CG33892,0
His2A:CG33829,0
His4:CG33891,0
His3:CG33830,0
His1:CG33831,0
His2B:CG33890,0
His2A:CG33832,0
His4:CG33889,0
His3:CG33833,0
His1:CG33834,0
His2B:CG33888,0
His2A:CG33835,0
His4:CG33887,0
His3:CG33836,0
His1:CG33837,0
His2B:CG33886,0
His2A:CG33838,0
His4:CG33885,0
His3:CG33839,0
His1:CG33840,0
His2B:CG33884,0
His2A:CG33841,0
His4:CG33883,0
His3:CG33842,0
His1:CG33843,0
His2B:CG33882,0
His2A:CG33844,0
His4:CG33881,0
His3:CG33845,0
His1:CG33846,0
His2B:CG33880,0
His2A:CG33847,0
His4:CG33879,0
His3:CG33848,0
His1:CG33849,0
His2B:CG33878,0
His2A:CG33850,0
His4:CG33877,0
His3:CG33851,0
His1:CG33852,0
His2B:CG33876,0
His2A:CG33853,0
His4:CG33875,0
His3:CG33854,0
His1:CG33855,0
His2B:CG33874,0
His2A:CG33856,0
His4:CG33873,0
His3:CG33857,0
His1:CG33858,0
His2B:CG33872,0
His2A:CG33859,0
His4:CG33871,0
His3:CG33860,0
His1:CG33861,0
His2B:CG33870,0
His2A:CG33862,0
His4:CG33869,0
His3:CG33863,0
His1:CG33864,0
His2B:CG33868,1
His2A:CG33865,0
His3:CG33866,0
Lamp1,1314
nompB,3
CG2201,1734
Df31,815
Ac3,740
Cul2,505
CG2225,585
eEF2,4224
nolo,817
step,553
CG1416,249
CG31612,7
CG11630,0
tsh,58
CG11629,0
CG1421,0
CG1428,0
CG31600,0
CG11634,0
CG2528,0
CG31693,0
tio,20
CG41434,0
CG31601,0
CG34173,0
CG42597,0
CG31702,0
ttm3,0
CG31703,0
CG15219,0
CG10834,0
CG6675,138
CG3651,58
CycK,223
CG42748,899
dunk,4
Clamp,446
CG3635,6
Ir40a,9
CG3262,579
RpL21,5401
Tif-IA,191
CG17018,7
RpL5,5011
CG17490,39
CG17493,461
Slmap,315
CG40006,372
CG40439,116
CG17715,163
lt,1657
cta,362
Cht10,13
Spf45,166
CG12567,394
Gpb5,78
Tim23,1082
kl-3,0
ARY,0
FDY,0
Mst77Y-4,0
CG45764,0
CG45765,0
CG45766,0
Mst77Y-7,0
Mst77Y-9,0
CG45770,0
Mst77Y-13,0
Pp1-Y2,0
JYalpha,0
PlexB,276
ci,362
RpS3A,7399
pan,1553
Ank,430
CG32000,5539
CG32006,17
CG31997,726
CG33978,168
Arl4,243
CG2316,881
CG31998,812
Crk,722
CG31999,96
yellow-h,136
CG1674,274
dpr7,1539
RhoGAP102A,48
NfI,290
Syt7,2024
Rad23,1330
Zip102B,1001
CG32850,421
PMCA,1068
Hcf,436
dati,226
lgs,643
CaMKI,6477
bip2,238
CG33941,343
Asator,1636
zfh2,248
Thd1,1063
Pur-alpha,3838
ND-49,1071
Ephrin,564
CG1909,733
onecut,1021
Eph,1178
mav,342
Gat,1199
Ekar,78
gw,2364
Slip1,84
CG11360,283
myo,986
ey,447
bt,452
MED26,544
Sox102F,776
fd102C,12
Gyf,273
unc-13,1400
eIF4G1,950
mGluR,269
4E-T,218
fuss,24
toy,546
PlexA,1306
CG11077,179
CG11076,516
ATPsynbeta,1661
CaMKII,2959
Zyx,803
apolpp,2852
Actbeta,309
sv,104
Cals,1109
Arf102F,499
CG11155,358
CG32017,1186
Kif3C,17
pho,678
CG33521,339
PIP4K,791
Mitf,143
Dyrk3,507
Cadps,754
