Geneid,Length
Myo81F,6519
CR41571,252
CR12798,184
CR46123,368
CR46122,901
CR40182,291
Pzl,6490
CR45220,497
spok,1767
Parp,3112
Alg-2,1290
CR46141,407
Tim17b,961
CG41128,364
CG41099,4390
CG42402,5061
Gfat1,4155
CR41601,614
CG40198,1567
CG12581,5461
CR33294,2235
Dsk,569
beta-Man,3247
CG14636,1485
aux,4542
CG31516,1668
DhpD,1590
CG14641,1564
abs,1995
Gel,3376
CR46255,620
CG14642,1414
CG34305,300
TwdlU,1074
TwdlF,1235
TwdlG,2165
CG14644,1095
TwdlV,1067
Or82a,1158
CG1092,1492
CG9766,1502
CR45597,385
cpx,11414
CG9780,2182
mir-929,88
Vps24,3326
MP1,1525
CR46140,926
Suv3,3556
Syt14,3871
CG9795,3214
CG9776,4260
Skp2,2412
CG14645,409
CG1103,1392
hkb,1567
CG1090,4026
CR44922,2517
Sfxn1-3,1788
Cont,4742
tub,2006
CG14646,1694
CG34112,1233
CR46139,1082
CR45999,1924
CG9855,1718
CG9853,1995
CG14647,1178
CR45187,440
lost,2691
CG32944,3175
CG31528,1228
srl,4642
CG31525,1171
eIF3a,3892
CG1074,1687
CR46138,1478
CG9804,1108
CR44134,875
CG14650,3630
CG31522,3468
CR43629,1359
CG31523,4032
CG14651,3404
Fip1,2418
CG34357,7704
CG34425,1754
CR31526,632
Mur82C,1785
CG32945,706
CR45558,887
CR44317,1360
5-HT2A,5410
CR45673,681
CG9775,2504
slx1,1139
MED31,1098
Dlip2,903
rpk,2536
CR44155,1743
Karybeta3,4364
spartin,2242
CG43427,10493
CR44156,413
CR44157,634
CG33927,549
eIF3f1,1301
CR44923,811
Nep2,3136
tacc,6246
CR46137,409
mir-9384,60
atms,2040
CG44098,4907
CG44088,538
CG14655,2137
CG17387,3093
ctrip,11869
Hus1-like,1169
CG1129,2744
CG1126,1228
CG14657,3183
CG14658,603
CG14659,449
opa,2939
laf,2407
CR45580,871
Gnf1,3274
Cdep,18664
CR45188,1137
snRNA:U1:82Eb,164
Ubc6,2166
CG14661,1083
CG2016,1452
CG1124,1116
CG14662,2000
CR43478,1386
CR43424,1525
plh,902
CR45585,753
CR43635,687
CR45588,558
corto,9294
CG43131,451
CG12007,1853
CG12589,1893
dpr16,2922
CG12590,1290
cno,13220
snRNA:U4atac,160
Prosbeta2R2,1319
CG1116,1699
CG2604,1734
CG14664,1404
Vps37B,1041
Kat60,2662
Mms19,3233
rtp,960
CG12163,2985
CG33293,661
CR44019,569
CG1113,1992
CG12173,867
Hph,4296
Tim17a2,991
CR45793,755
CR45033,427
mtd,13741
CG31538,2158
Tim17b1,785
CG11999,904
CG1161,1241
Prosbeta7,1215
Cerk,2821
CR44103,249
CG31542,1810
CG34277,1803
RpII18,541
hd,2255
CG14667,1260
7B2,1148
kkv,5701
CG14668,948
tRNA:Arg-TCG-4-1,73
CG1172,4339
Or83a,1362
CG2663,1645
Orco,1941
CG14669,4885
CG12147,1889
PEK,4873
RpL35A,621
POLDIP2,1675
mRpL44,1122
Snr1,1335
CG45100,1660
HDAC3,1660
Hcs,3991
ksr,5517
CG31550,3357
NKCC,3963
Nmdar1,4170
Itp-r83A,10331
CG43845,822
CG2519,5935
mia,2590
Pcmt,998
Snm1,2589
Pi4KIIalpha,3712
snoRNA:Pi4KIIalpha-a,161
CR46136,1102
CG14671,774
CG12746,1669
CG2931,1114
Rheb,1225
CRMP,2814
CG2926,8284
rev7,831
noi,1859
Vha26,2926
kra,2866
snoRNA:Psi28S-3385b,140
snoRNA:Psi28S-3385a,150
snoRNA:Psi28S-3091b,133
snoRNA:Psi28S-3091a,135
snoRNA:Psi28S-3571,144
snoRNA:Psi28S-3186,143
snoRNA:Psi28S-2442b,144
snoRNA:Psi28S-2442a,140
CG1427,1580
asl,3187
Rga,2902
ASTR,1379
CR46135,3029
Atu,2351
Spec2,1748
CG2911,1325
RpL13A,903
snoRNA:Me28S-U2134b,77
snoRNA:Me28S-U2134a,75
CG31551,4182
CG31549,1130
CG12171,1014
CG31546,999
CG31548,952
CG12170,1424
MTA1-like,5326
Sec23,2822
elm,1321
MED27,1080
CG2182,2415
CR44093,442
Wdr33,2798
CR46134,2132
Xe7,3325
Atg17,6303
Rab23,2267
plx,7272
CG2104,2396
cas,3151
CR44924,1275
CG1239,1058
CG2100,1597
CG1236,1190
Sym,3986
Madm,3777
CG2091,1335
Sec8,3363
CG2082,3429
jagn,1649
kat-60L1,2739
Hat1,1648
Rpn5,1897
CG1218,1505
CG2046,893
CG10979,4660
CG11000,6816
CG42675,2744
Hpr1,2311
CG46303,464
CG2023,2454
dgrn,1635
glob3,1118
CG1208,2499
CR45192,649
CG1213,2356
CG14676,958
CR10991,700
disp,4884
CG34287,951
ECSIT,1330
CG2017,2760
CR46133,700
CG34113,8500
CR45761,1085
CR45762,1020
CG11373,359
CR44925,606
CR44926,616
lncRNA:TS20,532
Obp83a,986
Obp83b,528
CR44927,1115
CR44928,766
Rm62,5386
CG10280,1089
CG11459,1413
CR1075,855
CR46221,531
CR44921,501
CG15580,2371
Or83c,1194
Gasp,2355
CR44929,1024
Obp83cd,899
Obp83ef,901
Obp83g,569
Vha14-2,1677
CR43486,677
CR43487,727
CG31559,2003
CG1077,2302
Osi1,1161
CR31562,1175
NPFR,3214
Osi24,2629
Osi2,1740
Osi3,1381
Osi4,1522
Osi5,892
Osi6,1846
Osi7,2690
Osi8,1135
Osi9,1360
Osi10,1731
Osi11,1167
Osi12,1755
CG15597,679
CG15594,1454
Osi13,1518
Osi14,1091
Osi15,1232
Osi16,1061
CG46026,2091
CG31560,968
Osi17,4068
Osi18,1270
Osi19,1138
Osi20,1264
CG17917,706
CG10298,745
CG17919,778
SmD2,778
CG18048,1409
Hr83,837
Pak,5973
CG42724,6156
CG10286,2151
CRAT,2657
CG42564,1587
snoRNA:83E4-5,140
CG1024,2701
CG42537,376
TfIIFalpha,1938
godzilla,3766
Dmtn,3827
gpp,11749
CR44017,601
CG9727,6313
mir-9375,59
Zif,1515
Neurochondrin,2580
CG15186,6322
tRNA:Met-CAT-1-5,73
CG15185,1167
dpr11,4651
Pif2,887
CR46132,683
CG1137,1363
CG2336,1358
CR46131,675
CG1138,1398
CG31482,792
glob2,2524
sowi,830
CG15177,1013
sunz,921
CG31286,1834
CG1315,1456
Taf1,6876
CG1307,1159
twr,855
agt,1295
lab,3046
Edg84A,652
Ccp84Ag,1097
Ccp84Af,580
Ccp84Ae,754
Ccp84Ad,735
Ccp84Ac,1060
pncr002:3R,505
Ccp84Ab,834
Ccp84Aa,765
pb,3728
zen2,1002
CG34297,770
zen,1267
bcd,2536
CR45593,1406
Ama,1946
CR44930,1225
CR42721,2266
mir-993,119
CR43435,836
Dfd,2739
CR42651,2076
mir-10,77
CR45915,428
tRNA:Lys-CTT-2-1Psi,73
tRNA:Lys-TTT-2-1,73
7SLRNA:CR42652,299
tRNA:Lys-TTT-2-2,73
tRNA:Lys-TTT-2-3,73
7SLRNA:CR32864,299
tRNA:Lys-TTT-2-4,73
Scr,4577
CR45901,885
CR45902,625
CR45903,311
CR45904,490
CR45905,943
CR45900,354
ftz,1774
CR44931,505
CR45559,545
CR44932,884
Antp,7508
CR43252,1083
CR45899,932
CR44933,1237
Sodh-1,1387
CG1979,3425
dj,1210
djl,1098
CG1988,2196
CG1105,1796
CG1965,3228
Ufl1,2574
CR45908,712
CG1943,1349
Ref1,1328
Dpck,914
Tailor,2003
CR45907,481
alphaTub84B,1752
CR43685,1241
e(y)2b,662
Alh,9675
CR45906,253
Mlp84B,3136
CG10098,1532
CG10068,1657
CR42875,815
CG31248,977
tRNA:Gly-TCC-1-1,72
tRNA:Gly-TCC-1-2,72
CG31493,1019
Fer1,1452
CR42738,693
CG14610,513
CG2656,1016
gfzf,3958
Sas-4,2802
MAGE,943
CR45909,892
sas,6236
CG10055,2422
lap,6158
CG14609,2081
CG1288,1725
CG14606,1925
CG14605,1532
thw,4222
CG14607,1472
CG1234,2572
CG10053,982
CG1227,1415
CG10050,1894
Obp84a,817
Gld,2899
CR44338,853
Syt4,3103
CR10032,813
rn,6273
CR44333,366
RacGAP84C,1495
CG42544,363
CR44334,521
CR46130,263
CG10029,1380
CR46299,654
CR46224,245
CG44335,863
lncRNA:TS14,701
CR44337,503
CG31496,1030
nxf4,1107
CG43290,584
CG17944,756
Mst84Dd,415
Mst84Dc,363
Mst84Db,415
Mst84Da,358
MstProx,3262
CR45560,876
CG42650,765
Ir84a,1935
CR46300,1560
wa-cup,1878
CG14598,1230
tRNA:Val-CAC-2-1,73
mir-4950,92
tRNA:Val-CAC-2-2,73
CR44934,723
tRNA:Val-CAC-2-3,73
CG1142,911
scaRNA:MeU5-C46,316
snRNA:7SK,444
tRNA:Val-CAC-2-4,73
alpha-Est10,2341
CG42656,255
alpha-Est9,3455
Mics1,1426
alpha-Est8,2646
Ubc84D,637
alpha-Est7,2017
alpha-Est6,1836
alpha-Est4aPsi,1345
Rtnl2,1026
alphaTub84D,1980
alpha-Est5,2490
alpha-Est4,1749
CR46128,3438
alpha-Est3,1932
alpha-Est2,2141
CR46129,408
alpha-Est1,2123
CG45545,291
Nlg3,6650
CR44332,409
Nlg1,6006
CR44260,713
CG2616,1820
CG43254,491
CR44935,601
pyd3,1361
CG10919,775
Sp7,2372
CG11286,838
CR46225,555
CR46226,274
CG18747,1408
CG18745,1567
CG18748,1509
CG18746,1487
CG10086,1864
CG2641,1510
CG18744,1336
CG3014,2573
CG18268,1432
CG2993,3935
sgll,1314
CG31473,981
CG34384,9058
CG17816,7157
CR46127,749
ArgRS-m,2748
mRpS9,1293
wtrw,4367
EMC1,3292
Taf7,2261
Prat,2105
CG2846,1210
CG2678,2003
CG10445,3399
lds,3543
scaRNA:MeU2-C41,122
dsx,9053
CD98hc,2371
Os-C,604
Sfp84E,685
CG2781,1974
CR46143,1451
CR46142,747
PIG-H,1091
Kmn2,580
CG2698,3663
CG2767,1309
CG11052,830
CG3223,1488
CG10435,1822
Pbp95,2649
CG2747,7468
ImpE3,1094
CG10903,1263
CG11035,1880
unc-45,3987
CR44936,1377
CG43060,1196
CG43618,225
CG43061,329
mAChR-B,4823
snoRNA:Me18S-G423,96
CG7910,1976
CR44330,417
CG7900,1879
puc,3171
CR44331,1245
CG7878,2375
CG9667,883
Gie,1901
tRNA:Asn-GTT-1-10,74
tRNA:Arg-ACG-1-6,73
tRNA:Arg-ACG-1-7,73
tRNA:Arg-ACG-1-8,73
tRNA:Arg-ACG-1-9,73
tRNA:Arg-ACG-1-10,73
grn,4090
CR43302,392
CR43303,452
CheA84a,582
CG7800,1778
CG18249,2043
CR45551,6900
CR45550,1249
CR45549,620
DNApol-iota,3284
Ada2b,2636
CG9636,2815
CG18749,3544
CG33722,3593
CG15864,1542
mtg,2402
CR18228,992
RpA-70,2135
Mcm2,2898
CG9630,1954
ato,1223
CR44318,465
CG11671,681
CG11672,1122
CG31464,741
CG31463,1275
CG9626,5570
mRpL1,1220
nac,1225
Sgt1,1085
tex,1063
mir-4918,55
CG11693,1898
CG11694,935
CG11698,910
CG7483,1481
Coq2,1643
CR45215,1023
Ctr1B,953
Poxm,2566
Or85a,1194
CG7443,616
COX7A,697
Arl2,656
CG9601,1856
COX7AL,587
DppIII,2613
CG7352,1581
mir-9380,77
Atg13,3003
stck,1583
CG9684,2146
CG7963,1069
CG45263,13576
CR46126,383
Obp85a,543
CR46125,960
Or85b,1173
Or85c,1170
CR46228,342
CG11737,2324
CG31454,1736
CG31259,2464
CG11741,455
CR45575,365
CR45574,476
Or85d,1239
pch2,2108
mRpS18A,581
CG31460,717
CR44291,823
Cenp-C,4682
5-HT2B,6333
CR46124,320
Or85e,1404
tRNA:Tyr-GTA-1-4,73
tRNA:Tyr-GTA-1-5,73
Cyp313b1,2138
Mkk4,4110
SLIRP2,410
Dhod,1472
CG11753,804
CG42489,658
bel,3970
p,3297
CG8032,2796
CG8036,2748
tRNA:Tyr-GTA-1-6,73
tRNA:Tyr-GTA-1-7,73
tRNA:Tyr-GTA-1-8,73
mRpL19,1036
CG9773,1021
CG11755,946
CG8043,1254
CG33325,965
CR44937,455
CG44227,384
hb,3835
Cks85A,3024
CG8112,2229
TMEM216,2812
CG11760,1908
CG8136,1620
nom,1862
ouib,1141
CG8159,1328
ranshi,1159
M1BP,1519
CG8202,3092
CG9801,3659
CG8223,2253
CG11768,7452
CG34135,7398
CR44228,1853
CG8236,1562
CG13318,1271
CG34301,307
Pif1A,9951
Pif1B,9209
CG33191,1545
CG33189,677
Ir85a,2139
CCT7,1964
CG9839,2186
hng2,1207
CG9837,2642
CG9821,6529
CR43130,293
CG8369,774
IscU,955
CG8379,2450
pyd,15740
tRNA:Arg-TCG-2-3,73
tRNA:Arg-TCG-2-4,73
CR44020,820
osk,2968
skap,2282
CG11964,1885
CG11966,4569
CAHbeta,1142
RagA-B,1408
CG11970,5607
E(var)3-9,2136
CG11975,1733
CG31100,2688
CG11977,857
CG11980,1238
Prosbeta3,914
CG11982,1575
CG11983,1813
Kcmf1,2989
Sf3b5,370
CG11986,1262
tgo,3108
neur,4309
CR31429,1893
hyx,2479
Nmdmc,1516
Rel,3499
Mst85C,1463
Kdm2,5489
beag,1882
Ada,1121
pum,11798
CG11997,1525
CR45196,797
D1,1877
Vps15,4542
CG8420,2330
St2,1528
CR16735,1139
CG16734,1393
CG16736,908
Ibf2,708
Ibf1,963
VhaM8.9,1468
sage,1428
TrpRS,1683
Vps16A,2741
CG8861,2682
HP1e,592
CG12951,857
CG16749,873
Aduk,2113
pasi2,1748
CR43301,1770
CG45050,8254
snoRNA:Me18S-G1358a,75
snoRNA:Me18S-G1358b,75
CG43675,2964
CG18473,1282
CG8129,1727
FER,5128
CR46145,848
Or85f,1179
CG34117,428
RpL34b,927
CG8132,1069
CG9356,1578
CG8135,2767
CG42511,2767
CG44261,476
betaTub85D,1841
Task7,1727
alpha-Man-IIa,4002
ps,13660
GstZ1,913
GstZ2,2325
CG16779,12531
CR45203,612
phu,1862
RhoL,1412
CG8149,1156
rump,2358
Ras85D,1958
Rlb1,1444
mRpL47,905
JHDM2,3186
CG8176,5116
mir-2283,76
by,4774
mura,7274
CR42549,1968
RnpS1,1370
CG9386,1652
CG8199,1750
AP-1mu,1755
MBD-like,1225
CG9393,1589
Vps45,2055
CG16789,2734
CG16790,1028
CG9396,681
CG9399,1410
Kap-alpha3,2867
CG8273,3125
CG8301,3094
CG33654,507
P58IPK,2217
bocks,1535
CG8312,4218
CG9427,961
CG8319,1295
Calr,1677
SpdS,1705
CR45053,1042
Scm,4069
Dh44,2402
Fst,1177
CG9492,14650
CG43441,570
CG8358,2197
CG16817,1120
nmdyn-D7,1392
CG9444,2062
eca,946
CG18542,1263
Unc-115b,3984
p24-2,3554
CG32939,1264
Unc-115a,4280
trbd,3679
dmt,3190
scaRNA:PsiU1-6,159
hyd,9083
FoxP,4391
alphaTub85E,1560
CG12950,4429
Pnn,1847
CG34409,2214
CG31415,720
CG12948,1519
PpD3,2509
CG16908,3376
Rpt3R,1452
CG8412,2527
CG8417,1410
Snap24,1846
CG8478,2281
MED6,2121
CG8481,1506
CG9471,956
Whamy,2184
topi,2652
RpS29,1007
snoRNA:Psi18S-1275,140
CR31514,3175
CG12947,1695
MtnA,700
CG8500,3500
CG12945,3095
CG8507,1384
CG8516,3515
CR46144,1043
CG9467,3180
CG8526,2069
FBXO11,5638
CR44035,1602
CG8534,990
eloF,933
CG16904,980
CG9459,901
CG9458,900
CG42857,621
CR45790,870
CG34302,825
CR42858,680
Teh1,4539
Glut4EF,15711
CR45029,560
Art4,3071
mir-9371,61
Gr85a,1194
Spn85F,2299
CG5359,1311
Mical,16335
CG31407,900
CG3909,1102
CG11722,770
mtTFB2,1512
CG12811,1002
ohgt,2061
Fancl,1248
CR44192,1156
Npc2e,661
Npc2d,661
Npc2c,708
CR45205,1240
CR33629,534
CG33630,639
CG33631,588
CG33783,495
CG33784,552
nerfin-2,2454
CG5361,1486
CR45054,1937
mir-317,92
CR43459,7596
mir-277,100
mir-34,99
Fmr1,4904
CG3940,2376
gammaSnap2,1002
ATPsynepsilonL,490
knk,2674
CR46038,1822
tws,5059
TAF1B,3504
CG42759,359
Invadolysin,3610
CG34303,420
CG6254,2006
Best1,3314
CG12814,2507
Syn,5803
Timp,1591
CG12420,855
CG12817,1060
CG34107,611
CG42795,11033
CG3999,3197
Sirt6,1114
pont,1659
CG43143,13227
tRNA:Ser-GCT-2-1,82
CG6293,2601
Bruce,15702
CG12818,1001
sle,4875
CG12592,2407
CG18545,660
CG31406,1010
jumu,3860
Rfx,5557
CR44938,1459
cwo,5092
mthl11,1630
CG6325,3628
mir-994,91
mir-318,68
Irp-1B,2901
Rrp46,819
CG6345,1829
CG46270,288
Cyp12e1,1621
CR44939,1051
CR44955,2592
CR45576,1815
hth,11839
mir-4944,129
CR44018,6412
CG6465,1377
CG14688,1165
CR44230,976
Skeletor,5370
pug,3481
CG14683,1507
CG31391,1704
CG31467,1694
CG14684,487
CG31278,883
CG31373,721
CG14689,1661
CG4073,1104
tomboy20,681
TkR86C,3223
CG14691,1749
CG31272,2102
CR45015,1202
MED7,901
CR45016,650
Cap-H2,4087
TfIIFbeta,1118
CG45076,3347
fau,1020
CG45078,1925
Desi,1005
CG42633,1126
mRpL37,1356
Rbp1,1528
Art1,1528
Mcm5,2452
CG14687,740
CG14692,8671
CG14693,2630
CG4089,2022
Cad86C,7321
CG42394,634
CG4565,866
CG6567,1017
CG4511,1503
CG4570,1260
CG14694,1369
CG6574,1962
SelR,3121
Tsp86D,1791
Fdh,1337
CG4596,2357
Sodh-2,1346
CR45195,889
CG14695,1116
Tpc1,2161
CG14696,1642
Leash,3180
Adk3,1522
CG6621,3115
CR45577,703
CR45578,597
Tengl4,1408
CR45561,612
CG34114,7339
CR46007,824
CR44940,889
CG43449,937
CR45579,505
CG6629,983
Ugt86Dd,1671
CG4706,2566
CheA86a,826
Ugt86Di,2556
Ugt86Dc,1595
Ugt86Da,1994
CG4757,2098
Ugt86Dg,1584
Ugt86De,1739
Ugt35b,1672
Ugt35a,1781
Ugt86Dj,1737
Ugt86Dh,2032
CG18577,810
cu,3253
SdhC,906
Tctp,1652
ZnT86D,2003
RpS25,857
CG4820,1187
CG6689,1909
CG6693,1372
RpL3,2231
snoRNA:Me18S-C1096,85
CR31144,559
snoRNA:Me18S-A425,84
snoRNA:Psi28S-291,220
snoRNA:Me28S-G2017,93
scpr-C,1109
CG17726,1409
GCC88,2322
CG17187,1263
CG14701,487
Arfip,2004
CG17721,880
CG31441,1223
CG31388,1562
scpr-B,898
scpr-A,873
CG17734,1317
CG5214,1817
CR43283,8398
CR31386,2763
lncRNA:TS25,218
CR45055,507
pros,24892
CR46008,757
KP78a,4988
KP78b,4988
CR46009,776
CR46010,496
mRpL40,716
mgr,946
Irbp,2149
snoRNA:Irbp-a,150
Ranbp9,3311
CG6723,1990
CG45676,411
ninaG,1937
CG5270,7465
CG18643,528
RpL24-like,773
CG5276,1752
CG6744,1947
CG5281,1613
sals,3720
CG17230,3785
mir-4945,115
PGRP-LB,1775
CR45581,440
dpr5,1864
dpr4,2994
CR45056,779
CG14708,725
CG10898,1969
fabp,2302
sea,1949
Mrp4,4726
CG6790,2783
CG5342,2601
wkd,2383
CG6791,4451
Jupiter,2522
CG14710,1458
CG6808,3138
CG14711,1319
CG6813,1387
CG18764,1378
CG14712,4250
Csk,5985
CR44137,1239
Elp1,4315
CG42327,5541
CG14715,640
CG18476,2946
Taf12,1234
Ho,1123
CG6830,2781
CG6834,2886
CG6908,1439
CG18765,1241
Fer3,836
CG14717,1819
CG14718,2107
CR46011,796
I-t,887
CG14720,654
CG12594,3469
CG14721,1311
Blm,4806
CG14722,2063
CG6923,5196
CG43062,584
Lk6,6807
l(3)neo38,6563
CR45595,468
CG17360,5206
HisCl1,1872
Sbf,6782
ClC-a,5892
glo,2258
COX5A,796
CG6950,1873
CG6959,3050
sad,1773
CG6962,2492
CG31368,4630
mthl5,1952
CG6971,939
Cad87A,7255
CG34307,718
CG14731,2062
CG31211,2927
Hsp70Aa,2382
Hsp70Ab,2375
CG3281,1870
aurA,1577
CG12213,2841
GC1,1658
Tango9,3673
GC2,1086
CG10005,1171
CR44135,539
CG18547,1131
CG12224,1628
CG3397,1187
mfas,3518
Tk,1621
Ect3,2236
KLHL18,2652
GCC185,4040
DCAF12,1897
Spt3,1395
CG31358,3625
CG42505,3446
CG42504,3446
ssp5,2384
CG14736,2084
CG14739,902
CG14740,1600
ATP8B,7379
dpr17,4475
CG4702,1459
tRNA:Lys-TTT-2-5,72
dpr15,3490
Cpn,2853
eIF3d2,2232
CG43450,281
CG3809,1427
tRNA:Thr-TGT-1-1,72
CG4830,1861
Cog1,4839
CG14742,612
CG4860,1393
CR46012,592
CG10014,1448
CG17404,914
CG12256,935
CR43477,865
CG3916,953
Pglym87,1085
Cyp313a5,1561
Cyp313a2,1577
Cyp313a3,1777
CR44036,851
CR45582,365
CG3942,2406
CR46203,649
svp,5595
CG44037,985
CG44038,262
CR46013,507
CR44039,1383
CG17738,411
Sfp87B,396
CR46014,329
CG4066,1767
tRNA:Thr-TGT-2-5,72
CG10013,1690
CR45584,657
CR45583,904
CR44941,693
CG44956,700
CG10038,1212
CG10041,952
MBD-R2,3864
CG4115,1115
snmRNA:419,74
Tim17a1,1014
GstD10,876
GstD9,786
GstD1,843
CR46015,490
GstD2,734
GstD3,746
GstD4,725
GstD5,840
GstD6,780
GstD7,756
GstD8,808
CG10035,1754
GstD11,1121
CG34402,2277
CG33098,1244
CG10096,5233
CG10097,5233
Cyp9f3,2039
lig3,2604
Cyp9f2,1758
CG5167,1576
CG5196,2180
Dip-C,1951
snmRNA:649,59
pps,6730
Scgbeta,1194
CG17202,777
Pp1-87B,2203
NANS,1194
CG5641,1365
CG5245,1623
Prosalpha2,920
Aos1,1167
CG5844,1355
Desat2,1357
CG17207,1323
Desat1,2488
CG5538,1328
CG18549,2004
CG5509,733
trus,1746
CG5961,1694
CG12267,1652
CG5608,2244
Hsp70Ba,2324
alphagamma-element:CR3286,1357
Hsp70Bbb,2347
CR46154,274
Hsp70Bb,2347
CR46155,274
Hsp70Bc,2386
Octbeta3R,6101
Hug,1033
CR46016,1088
Octbeta2R,7519
mir-284,100
CR46017,809
CR44942,422
Vha55,2786
Snx3,1860
Not10,2189
CG18530,1188
CR46018,553
CG11598,1248
CG11600,1330
CG11608,1379
CG6753,1774
Dtg,2464
CG6225,2952
CR45586,761
CG14395,4562
Gnmt,990
CG43630,251
mbo,2566
Cyp313a4,1651
kar,2678
Su(fu),1596
CG31347,865
Arp1,1469
CG14391,614
NijC,1334
Past1,2896
CG12279,601
mus308,6420
Men,3074
CR44231,645
CG5724,1710
CG5999,1667
CR46238,717
beat-Vc,2229
CR44233,291
CR44232,638
CG31345,984
CR46217,599
beat-Va,3196
CR45587,496
CR44234,289
CG10126,978
CR46218,1315
CR44235,557
d-cup,1095
CR33929,423
CG10909,1173
beat-Vb,1892
CR44236,594
grsm,2435
Spc25,968
Cyp304a1,1716
CG14384,1213
CG7381,3501
CG7091,1880
Paip2,2039
CG31342,4054
CG14383,1136
yellow-f,1439
yellow-f2,1462
CG7488,1249
CG17327,851
CG44194,851
CG7518,8450
CG8031,1318
CG11656,1113
CtBP,5842
CG46280,3052
CG46281,1321
l(3)87Df,551
ry,4337
CG11668,1349
snk,1435
CG11670,1337
CG45122,310
Hsc70-2,2174
CG31157,1324
CG7966,1557
pic,3881
sim,3547
CR44967,499
CG43063,488
timeout,4337
CG34308,840
CR46019,422
2mit,8905
CR45109,1226
CG8138,795
CG8508,971
CG14380,920
CG8141,862
CG8483,1869
CG8476,935
Ace,8473
CG11686,487
Ravus,1269
Su(var)3-7,5051
TBC1D5,2318
CG8630,2173
CG15888,1100
CG15887,863
Osi22,1157
wntD,1147
CG8773,3145
CG8774,3150
CG32473,4559
CG43208,366
CG44142,334
CG45080,280
PK2-R2,2932
PK2-R1,2752
mthl12,1467
poly,1465
Dic1,1879
CheA87a,643
Lip3,1434
CG34309,588
CG9813,2859
CR44138,493
CG8870,1535
mRpS21,475
Droj2,2373
CG9799,2939
CCHa2,1459
CG14374,447
CG14377,749
GILT1,1122
CG33977,425
yellow-e3,1319
yellow-e2,1571
yellow-e,1844
Ir87a,2415
CR45591,346
Act87E,1989
yrt,4464
CR42756,623
CR45679,1007
CG14372,5123
CR17025,6669
mir-252,93
CR45914,228
CR45589,516
CG12538,585
CG42778,562
lncRNA:TS26,402
CG31337,849
CR43848,655
CG14370,729
CG14369,1026
CG9759,2169
CG9757,851
CG9269,576
CR45680,810
CR45594,507
CG10841,2406
sqd,7745
rin,5711
Rbp4,1515
Hrb87F,2759
B52,4313
Task6,4932
CG9588,1226
Lkb1,2627
omd,3498
flfl,5739
CG14367,1204
f-cup,3529
ninaB,2164
Adgf-D,1613
Adgf-C,1737
CG31469,613
primo-1,1336
primo-2,1336
CR34044,1195
CG34383,14179
Ubc87F,660
CG9312,807
Cht5,2122
CG9297,4318
CG9288,1117
CG42375,1117
CG9286,999
Dip-B,2102
CR45590,778
tRNA:Phe-GAA-1-6,73
tRNA:Phe-GAA-1-7,73
tal-1A,1540
tal-3A,1540
tal-AA,1540
tal-2A,1540
CR43641,500
CR43642,897
Mst87F,623
CR43300,361
Nsf2,3521
CG31495,1695
CG14362,688
CR46239,499
E5,2122
ems,2478
Art9,1110
Art6,1101
CG31517,1215
CG9926,1685
Ipp,1402
CG9925,3193
Orc2,1995
rdx,6511
CR43460,1105
Cyp6d5,1640
CG3061,1981
CG9922,1006
tRNA:Ser-GCT-2-2,82
foxo,4130
Npc2b,922
CCHa1,857
CG9920,714
PK1-R,2512
CG12402,3476
CR44237,1271
Or88a,1206
CG14357,960
Kif19A,2683
Abi,2528
twf,1377
140up,1200
RpII140,4060
CG14356,740
CG14355,3292
CG42500,440
CG9722,945
CG44215,452
CG31533,2704
CG31327,2719
CG3199,860
Dop1R1,14565
CG9649,1713
CG31326,1761
CG33109,1025
Sp212,1681
CG9631,1449
CG9624,1128
CG43291,2154
CG9616,550
MetRS-m,4314
CG43179,701
CG14840,1006
CG14841,956
CG14839,981
trx,14052
CR46020,707
CR45596,437
red,3003
CG3259,1843
su(Hw),3682
RpII15,1035
CG31321,2198
Crz,654
PR-Set7,4183
Afti,5111
ATPsynE,720
spn-B,1384
NK7.1,4373
HEATR2,3431
snoRNA:Me18S-G1189,72
CR44943,1946
soti,1037
cv-c,9760
mir-2281,103
natalisin,1999
CR44176,744
CR44177,931
HtrA2,2512
mRpL11,734
CG8461,883
Pde6,6535
CG34273,446
Cyp313a1,1623
CR46021,796
CR46022,671
CR46023,979
CG14854,663
CG14850,587
CG14851,506
CG8087,483
CG14852,587
CG31313,793
CG8066,1173
CR44095,776
Cys,484
CG7987,4416
CG44094,281
stumps,5599
CR46153,295
CG14853,2845
put,4013
His4r,796
CG7886,3436
Cad88C,6745
l(3)L1231,6264
CG3505,1185
Hexim,1548
Rad17,1823
BigH1,1279
Meltrin,6854
kibra,5750
CG7530,2646
eff,2375
jvl,9425
smp-30,1666
CG7362,2654
CG14855,1973
CG14856,1999
CG14857,2071
btsz,17286
CR46024,612
CG3610,1695
CG3631,2776
Rrp6,3233
CG33331,1284
CG33332,1315
CycC,1142
UQCR-C1,1632
CG7265,1510
CG14860,1603
Nup93-2,2497
CG3817,879
VhaPPA1-2,672
RpS5b,951
VhaPPA1-1,1352
CR46199,710
Sdr,4074
CR45598,559
CR45599,662
CG14861,1265
RpL10Aa,784
CR44944,1475
dpr9,4826
CG6974,756
CG6966,4578
CG42788,6686
mir-2493,106
CG6912,1428
CR45600,2914
CG3984,1731
CG3987,1483
GlyS,3340
Gyc88E,4824
Mf,5296
CG6752,4431
mir-3644,61
CG42542,2765
Spn88Ea,1521
Spn88Eb,1431
Mau2,2086
CG6654,2262
CG4210,682
SIDL,3634
CG12241,2986
mir-9383,61
Rpb7,759
CG31344,1450
Caf1-55,1828
Art3,1804
mRpS10,783
CG34316,907
CR43471,613
tefu,8416
Hsc70-4,2716
Amt,1773
CG42404,5536
eIF2gamma,2203
Su(var)3-9,2386
Set,1169
ATPsynO,802
CG14864,1814
Zip88E,1539
Cp190,4293
CG4338,953
CR46081,617
MRG15,1511
l(3)neo43,627
Tm1,9463
CG45218,437
Tm2,2613
CG14866,1759
CG6276,1806
CG44040,314
ear,3988
CG6236,2416
ea,1527
mRpL9,794
FK506-bp1,1299
Sra-1,4628
CG6218,2091
SerRS-m,2552
Surf4,1641
CG31301,1520
CG42727,2285
CG42726,2285
Trs33,583
CG5038,2702
Atg4b,2665
CG5044,1702
ldlCp,3015
Trax,1109
CG6171,1001
CG34404,3221
CG14868,1844
CG6136,2177
Ccm3,1589
Rbp,9119
h-cup,1545
CG6125,2532
CR46058,726
Atx2,5915
CR45911,3391
mir-13b-1,68
mir-13a,75
mir-2c,102
CG6118,4659
Act88F,1595
AdamTS-A,7745
B9d1,881
Rh6,1407
Trissin,551
obe,6970
CG5213,1019
CG44014,846
CG44013,940
CG31296,1288
AOX1,4228
AOX2,3950
AOX3,4562
AOX4,3832
CG43335,846
CG43336,840
pxb,5086
CR43849,644
CG31446,884
CG5399,1546
CR45635,601
CR45636,226
CG5404,2762
CG31294,877
CG34274,839
CG4520,1499
CG12784,437
CG5623,1127
CR45206,640
CG4525,1881
CR45207,583
CG5614,1288
CG9590,1578
CG9589,974
c(3)G,2629
Acyp2,619
nsl1,6544
CG9593,1270
CR45891,642
alpha-Man-IIb,6029
CR45211,261
rec,4131
CG4576,2433
CG43318,618
CG43317,863
Arpc3A,1123
ND-23,819
mir-4911,68
spn-E,4678
Pbp45,1370
cv-d,4744
CG4546,1773
Hmt-1,2986
CG31183,5256
CG9632,1283
CG14877,1478
glob1,1601
CR31292,452
EndoU,1645
CG45105,5376
Fbxl7,3176
CR46028,1259
CG34276,1819
CG5478,1035
blp,967
Sap47,6401
CG31088,696
CG4287,1648
CG5516,811
CG32856,620
Rbf2,2693
mor,3983
Hel89B,6581
srp,5668
CR44133,1153
CR42839,3022
GATAe,3493
pnr,4361
CG10264,1047
CG10407,1125
IKKbeta,2488
CR45212,331
CG5013,973
msps,7590
CG10185,5379
Mhcl,11176
CG32855,2013
sxe2,1829
Akt1,4889
Sb,4180
CG5903,2392
CG5916,2396
Fer2,1363
CG6006,4384
CR43472,745
CG8925,2398
CG8927,1454
Bin1,3336
sra,2372
CG6126,2126
CG31287,1425
mtSSB,575
CR45639,679
CR45640,382
CR45638,237
CR45637,409
CR45642,300
CR45641,680
CR45643,460
tara,4855
bor,2457
asun,2497
Mst89B,1287
Mat89Ba,3797
gish,7030
Zip89B,2011
Sulf1,5307
tRNA:Phe-GAA-1-8,73
tRNA:Val-AAC-1-1,73
CG44044,352
CG6901,1581
CG17929,1670
CG17930,1653
SF2,2576
pad,3276
CG14879,2016
Manf,847
CG10311,1086
CG17931,1515
CG42446,1076
CG14880,2599
CG10317,1481
CR45193,1129
ss,5191
CR45630,467
tRNA:Thr-AGT-1-3,74
CR45631,673
CG31279,1582
tRNA:Thr-AGT-1-4,74
CG17565,1569
CG14881,1054
mRpS33,491
ema,3590
CG14894,1111
CG14882,1754
Pak3,4983
CG10405,929
CG14883,1838
CG42232,10901
CSN5,1196
Gyc89Da,2494
CR46029,7622
Gyc89Db,2784
Dhfr,662
Sdhaf3,470
Der-2,1390
Cad89D,6918
Gr89a,1089
Decay,1111
CG42342,7112
CR46030,486
CG14891,1644
CG14903,442
Scp2,1283
CG14892,2200
CG10345,2423
NPF,599
CG12783,1684
CG10340,938
CG17562,1674
CG17560,1712
mir-2494,117
CG14893,1688
CG14905,1660
Fas1,4871
nonA-l,2908
Arl6IP1,1294
CG10324,1811
CCT3,2165
CG14906,1177
CG14907,1103
modSP,2289
Ubx,4282
bxd,3488
CG31275,594
CR44945,986
Glut3,1711
CR45750,604
lncRNA:TS16,579
abd-A,5477
iab-8,5429
iab-4,6447
mir-iab-8,68
mir-iab-4,68
CR43617,1736
Abd-B,11791
CR46267,1457
VhaM9.7-d,494
Actn3,1856
AhcyL2,1969
CG18622,1272
CR45592,295
MESK4,1488
CG3678,1216
CR45221,229
CR45213,1264
CG31274,1399
CG17556,1230
CG3534,1979
Sf3a1,2558
Irc,2390
CG8907,2467
Pxd,2630
AdSL,2341
CG5225,1835
CG31268,1653
CG4009,2214
CG18213,2997
CG5220,1102
CG3995,1185
Patr-1,4285
Dad,3906
Ns1,1895
mRpS11,729
Keap1,3447
kuk,2433
GckIII,2476
cal1,3602
cher,9428
CG34278,344
CG42779,511
CG45079,310
CG17477,851
CR44238,879
CG31269,937
CG31265,909
CG17475,1088
CG4053,925
CG31266,993
CG31267,921
CG5246,1085
CG5255,914
CG5265,2170
TwdlW,1126
m-cup,3792
Det,651
CG5285,983
CG5292,1855
Mur89F,7334
CG31262,2341
beat-IIb,2456
CG44259,549
CG44257,544
CR44258,620
CG31418,717
CG31419,774
CR43489,936
CR43490,1031
beat-IIa,3183
CR44256,487
Brf,2975
lute,4070
CR43196,543
CR44160,535
sds22,1354
CREG,1010
Sur-8,4681
CG34279,691
CG34280,376
CG42823,508
CG42824,464
CG42798,592
CG17283,1585
CG5860,1222
CG5863,1573
CG42821,448
CG42822,578
CG5866,710
CG33333,576
CR46034,518
CG42834,536
CG42835,352
CG14332,513
cysu,3081
CR46052,345
CR46053,490
CG44090,377
CG14331,1143
Eh,704
CG14330,887
Dscam3,8512
CR44349,811
CG5823,1850
P5cr-2,1452
l(3)07882,4315
SF1,3112
Prx3,1017
Hmx,3384
CG7587,550
Sgs5,636
CG7606,1863
sll,1994
CG14329,1103
Edg91,604
CG34281,448
CG14327,883
tRNA:Val-CAC-1-1,73
tRNA:Pro-TGG-1-1,72
CG14324,464
CG14326,524
tRNA:Ala-AGC-2-2,73
tRNA:Pro-TGG-1-2,72
tRNA:Ala-AGC-2-3,73
CG14323,914
tRNA:Ala-AGC-2-4,73
tRNA:Thr-AGT-1-5,74
tRNA:Thr-AGT-1-6,74
AttD,742
CG14325,1383
tRNA:Val-AAC-1-2,73
CG43175,684
tRNA:Ala-AGC-2-5,73
tRNA:Pro-TGG-1-3,72
CR45222,356
tRNA:Ala-AGC-2-6,73
tRNA:Pro-TGG-1-4,72
tRNA:Ala-AGC-2-7,73
tRNA:Ala-AGC-2-8,73
CR45223,6258
CG14322,5917
tRNA:Ala-AGC-1-1,73
tRNA:Ala-AGC-2-9,73
CR45045,249
tRNA:Ala-AGC-2-10,73
CG7523,1134
Mps1,2141
alt,4464
CG7655,1046
CG31251,1060
CG31360,649
CG31249,1176
osa,10723
CR46036,1133
CR46035,1887
Pxt,2716
Atg8b,654
Lgr1,3222
CG14321,702
TyrRII,4428
TyrR,5491
CG43102,12189
pasi1,874
CG7379,1787
CG17803,2238
CG17806,1613
CG17802,1706
CG17801,1220
Odj,1645
CG18012,1615
tinc,7148
Rim,14257
CG12347,1007
CG43445,598
cpo,11566
DNaseII,1228
CG7785,1747
CG7794,1549
htl,4094
CG14317,1536
sr,8113
tRNA:Gly-TCC-1-3,72
tRNA:Gly-TCC-1-4,72
CG14316,1468
CR45103,605
CR45104,1580
CG14315,771
CG7218,2543
Cbp20,600
CG7215,1449
Prx5,1449
wrd,7793
cdm,3691
CG7208,1744
Arp5,2320
CG12321,903
MED17,2060
CG14313,652
Ssdp,5521
CG7985,2729
CG44158,504
CG14314,1606
CG7183,2367
CG7988,885
mTerf5,1999
Non3,1093
CG7168,1034
Mdh2,1335
repo,2996
CG7156,2619
14-3-3epsilon,3366
CG12320,1666
CG18598,360
Ada2a,2445
Rpb4,722
moi,2089
Tgs1,2089
CG18599,1847
Vps39,2915
eIF1A,1720
CG7142,1342
CG14312,494
CG8064,2901
CG7131,2040
l(3)05822,3531
Dlc90F,816
CG18600,1414
CG7126,615
PKD,4316
CG31235,2494
CG15803,5268
CR45634,211
hmw,2041
WRNexo,1498
Nup43,1211
gl,3399
CR14310,402
CR44946,1962
CG7675,1390
CG14309,3341
cona,857
Vha100-4,2728
Vha100-2,3222
Vti1b,1080
CG12333,2167
koko,1419
CG7685,940
CG31122,3563
CG10864,1552
fru,18433
CG7691,1287
CG43210,910
hemo,910
CG7694,1207
fray,4423
qin,6098
CG14304,3837
CG14305,1407
CG7695,693
tRNA:Pro-TGG-1-5,72
CG14301,1846
CG31224,7361
CstF64,1446
Cpsf73,2190
Gos28,894
CG31231,2241
CG31229,777
CR45028,911
CG7702,2404
CG31230,416
CG7705,2780
CG7706,2394
CG46318,3299
CG7708,4748
Muc91C,3111
CG14300,357
CG34282,675
CR45996,723
ChAT,4011
VAChT,7098
CR46265,376
CG34283,567
CG7714,953
CG7715,823
CG14302,281
Mekk1,6046
CG7718,1921
gwl,3099
Epg5,7607
CG7720,3261
CG18208,9804
CR45633,300
CG31226,389
CG14298,875
CG14297,1032
Rh2,1365
CG14294,602
CG34284,520
CG14292,648
EndoA,4147
CG14291,1870
Xrp1,4826
Mpc1,1155
CG42613,8687
CG43732,5507
euc,477
Smu1,1942
dnk,1393
snRNP-U1-C,687
gukh,7699
CG6005,1456
CG14286,762
CG14285,989
GatA,1661
NP15.6,648
P5cr,1168
Prp18,1304
CG6013,844
CG6026,5461
cdi,6526
CR46041,500
mRpL55,456
ATPsynD,950
CG6040,6526
Cyp12a5,1820
Cyp12a4,1697
Ppcs,4134
CG5835,1344
CR44107,380
CG11779,2948
nos,2349
Nsun5,1498
CG42359,966
sqz,3258
CG14282,987
CG5555,2110
CG31475,2688
CR46039,973
cry,1896
vib,3569
CG11703,1278
CG5250,1060
CG3773,1247
unc79,10179
CG5217,974
CG14280,2847
CR44173,882
CR43451,940
CG44174,450
Dl,5278
CR44175,610
hpRNA:CR46343,215
CR43258,1042
CG43203,781
Ino80,5243
CG3581,1033
CG31404,981
CG31245,965
CR34285,1366
CG3734,1619
CG18493,1566
CG3739,1586
CG31244,1138
CG5316,2693
CG11626,1815
CG31221,4352
CG3517,1421
Dys,21204
CG6255,1188
CG15025,1413
snoRNA:Me18S-A1374,68
Cpr92A,1120
CG7333,1698
CG7342,2190
CG17751,1666
CG17752,1716
CG16727,2014
CG6231,4343
mir-9373,59
subdued,4351
CG34138,748
Vha13,943
Nup58,1820
CG6195,1250
CG31220,1421
CG31219,1139
CG6184,3641
ort,2158
CG7432,2921
Naam,2084
tRNA:Val-CAC-2-5,73
CG34286,686
GluClalpha,6633
CR43488,689
CG6300,1724
CG11659,1705
CG11391,1800
CG11407,1789
CG11453,1831
tRNA:Val-CAC-2-6,73
tRNA:Ala-AGC-2-11,73
bnl,4559
tRNA:Thr-AGT-1-7,74
CG31459,1014
CG4662,2767
Ire1,4034
CG11447,991
CG4572,1877
CG4686,1195
CG4562,6617
CG17186,1482
Arc42,1418
Ask1,5168
ninaE,1588
CG4733,3663
CG4538,4139
Surf6,1150
RhoGAP92B,3980
CR45047,411
CR45048,1835
Xport-B,1029
Xport-A,949
CG4465,1917
CG4770,1565
CR43282,667
hpRNA:1,155
CR46040,359
CG4462,2194
CG4459,2062
Hs6st,3100
mira,3322
CR46042,348
CG4783,410
CG31213,6020
MED25,2766
CG17190,932
CG4836,4089
PIG-L,2275
psidin,3509
CG4424,1258
CG4854,1220
trem,1525
CG4936,1824
CG10889,2176
CG17193,3938
CG33934,4064
Indy-2,4064
CG4390,1190
mdlc,1419
Rh3,1391
CG31206,856
CG10887,2188
Gr92a,1161
CR42836,693
CG5023,789
Nlg4,6265
CG17199,1591
CR46043,585
cic,12579
CG4367,939
CG4362,829
CG42668,5637
CG4360,3569
CR45800,732
Sirt2,2285
Ir92a,2037
CR45023,1215
MtnC,268
Gfrl,9719
CG4335,1198
eIF3g2,979
CR44400,393
CR44401,902
Dic2,1599
MtnB,584
Or92a,1234
MFS9,2100
MtnE,604
MtnD,274
Stat92E,5210
DPCoAC,2265
att-ORFB,1327
CG5180,1517
CG15922,462
CG5191,3325
CG10877,1582
snoRNA:Psi18S-301,138
TFAM,1242
CG5412,1020
EloB,1207
Srp14,464
CG34008,715
CG16953,2813
Sep2,1688
CR46044,547
Srp72,2149
PUS1,1466
bon,5811
tRNA:Leu-TAA-1-1,84
CG15923,4319
CG5466,2907
H,6004
Pi3K92E,4839
Lrrk,8022
GluRIIE,3444
GluRIID,3080
Nep4,4019
Cpr92F,1858
CG4000,999
CR45024,716
CR43452,897
Oamb,5533
CG31205,1020
CR42786,510
Cdk2,2299
mir-995,90
CG17267,1510
CG42322,4229
CG31199,1013
CG31200,915
Prosalpha4T1,891
Syp,11225
CG31195,4001
Takl1,1323
Fancd2,4587
CG17270,1362
CG17271,1916
RpS20,564
snoRNA:Psi18S-1295,140
snoRNA:Psi28S-2562,135
CG17272,670
AdSS,1951
CR44047,816
CG31223,1270
Synd,2356
CG15695,2723
CG15696,681
RpS30,619
Ir93a,2742
mir-1011,54
CG3822,3607
TotA,579
TotC,530
TotB,526
TotZ,573
CR44048,980
tRNA:Thr-CGT-1-1,72
tRNA:Thr-CGT-1-2,72
tRNA:Thr-CGT-1-3,72
CR44947,1112
Ktl,2869
Grik,3640
TotX,602
CG31191,4416
CR44106,1154
snoRNA:CG31191-a,147
hdly,2589
Atpalpha,6680
Calx,8959
CG43446,1367
CG10827,1674
CG5697,987
Rlip,2518
CG17278,1934
Dhc93AB,14010
CG12278,838
CG31189,831
CG31207,835
CG7079,1237
CG17279,810
Mvl,5647
Cortactin,2450
AnxB9,2073
r-l,2039
dmrt93B,978
HHEX,1267
RhoGAP93B,5353
CR44178,1078
CG7044,3171
CR46045,882
CG5745,1816
Sec15,2799
rtet,1722
Rab11,1815
ppan,1477
Bdbt,1000
slmb,3492
CG5793,1633
Obp93a,591
Ice2,2505
CG7009,1038
Usp8,3369
meigo,1868
SNF4Agamma,11990
cDIP,1855
CG5810,1384
Snmp1,2280
CG5862,1090
CR43975,423
Smyd5,1356
Oga,3409
CG3337,2819
CR44265,846
Nelf-A,4648
e,3142
CG5892,2329
ETHR,4512
Rab1,1804
CR45798,994
AP-2sigma,751
CG5919,1227
CG3308,2124
CG3301,1293
SIFaR,5029
CG17298,495
Hsromega,21710
mir-4951,150
CG16791,7188
mod(mdg4),12432
pre-mod(mdg4)-B,4972
pre-mod(mdg4)-H,4693
pre-mod(mdg4)-G,4693
pre-mod(mdg4)-L,3725
pre-mod(mdg4)-I,3725
pre-mod(mdg4)-J,3725
pre-mod(mdg4)-K,3725
pre-mod(mdg4)-P,3725
pre-mod(mdg4)-Z,1824
pre-mod(mdg4)-T,1824
pre-mod(mdg4)-E,2365
pre-mod(mdg4)-C,2255
pre-mod(mdg4)-AB,2255
pre-mod(mdg4)-W,4377
pre-mod(mdg4)-AD,2455
pre-mod(mdg4)-Y,2671
pre-mod(mdg4)-AE,2455
pre-mod(mdg4)-X,3406
pre-mod(mdg4)-V,4276
pre-mod(mdg4)-U,4318
pre-mod(mdg4)-O,2658
pre-mod(mdg4)-N,2658
pre-mod(mdg4)-AA,2658
tin,1664
bap,1449
CG6475,1683
CR46046,636
CG7907,2733
CheB93a,751
CheB93b,680
lbl,2744
CR44089,351
lbe,2277
CR43453,792
Fancm,4722
CR44032,774
C15,1856
CG7956,5037
CR43372,1772
CR44033,939
slou,2670
CG15498,1139
InR,11367
CR43653,1368
CR44034,721
E2f1,6451
mir-998,143
mir-11,75
CR46055,532
CR46056,437
CR46057,303
Archease,1222
CG15497,1217
DNApol-alpha180,4624
CG31176,2511
CR44096,546
CR43096,394
Sfp93F,329
CG42869,283
CG42870,368
CG34034,637
CG5849,3063
CG31343,3004
CG31233,3059
CG31198,3019
CG42335,2786
Burs,640
GABA-B-R2,3988
CG6800,909
RpI12,530
tsl,2059
CASK,8504
CRG,2669
mir-999,105
mir-4969,158
CR45632,395
Gr93a,1450
Gr93b,1188
Gr93c,1194
CR44087,1122
Gr93d,1146
glec,2050
CR45644,231
CR45645,704
lsn,941
CG6569,1582
Cby,622
CG31174,721
CG31431,2018
CG31178,1184
CG6656,1542
CG34148,600
P5CDh2,2472
CR45046,5273
CG31465,3079
fit,531
CG17819,646
dnd,836
CG6678,2843
CG43844,633
CG6690,1776
CG17843,1800
Eip93F,12686
CG6332,1316
Idh3b,2059
Mitofilin,3000
mRpL35,751
CG6028,1091
Cchl,1356
ND-42,1618
CG13409,2087
CG6015,2012
CG45099,2012
pit,2958
Fadd,1163
scaRNA:MeU5-G38,101
how,5086
CG13408,1189
CG5778,657
CG5791,1301
CG13407,1335
Ir94a,1788
Ir94b,1779
Ir94c,1815
CG42390,5439
SKIP,6833
CR45224,829
Gld2,5217
mir-1010,71
CR43696,675
CR43697,504
CG7084,3810
CG34377,5288
CR46261,555
CG7080,1178
CG33721,546
CG13862,490
CG5391,782
CG5388,1413
CR46054,606
CG5386,856
rdhB,1169
Sar1,1815
PSR,1590
Muted,1766
CG7071,1826
CG5382,1165
CG5380,1103
PyK,2242
CG7069,2693
CG18596,3665
CG34149,1072
CG43342,748
CG43343,4226
CG5379,1471
CG7059,1661
CG13857,1435
tRNA:Ser-GCT-2-3,82
tRNA:Ser-GCT-2-4,82
tRNA:Ser-GCT-1-1,82
tRNA:Ser-GCT-2-5,82
CG13856,943
CG13855,2337
CG13850,1935
lqfR,5967
Nop56,1746
mats,1716
pinta,1341
CG13847,3083
CG12499,6384
CG34288,436
CG34376,3458
Rpn7,1393
AP-2mu,2025
CG7054,893
Pebp1,646
CG5377,1253
Nrx-1,10699
mir-4952,126
Pfdn5,894
CG5376,812
CCT1,1980
tHMG1,553
tHMG2,654
Octbeta1R,5405
CG5346,1921
CG33099,1248
CG33093,1055
CG5326,1694
CR45646,539
CR45647,301
AdipoR,2899
CR44062,1175
bond,1923
sit,1722
CG33110,2005
CSN6,1203
Dph5,1128
CG33107,1067
CG6937,1307
btn,477
Efa6,8255
CG31156,3193
CG13843,1183
mRRF2,2481
CG31161,1666
mRpL45,1268
loco,7671
CR43475,503
CR43474,1097
wake,9604
Gclm,1505
CG17625,559
wfs1,2671
Nup133,3742
cd,2619
Cyp6d4,1872
CCAP,1249
CG6972,1308
CG13842,2504
CG4907,2919
wge,6473
Irp-1A,2882
CR45648,331
CG4813,1531
CG45049,3708
Takl2,928
Dcr-1,6913
CG6985,1757
vret,2328
HP1c,986
CG17141,1099
CG31139,1312
rumi,1534
Usp12-46,2208
CG7029,8549
CG4725,2267
CG4723,2272
CG4721,2213
CG13841,835
CG43091,549
CG43092,722
CG43093,476
CG43094,310
CG43095,554
mir-4953,93
CR43654,3445
CG7031,2597
CG13840,1696
CR44350,3575
CG4704,2154
CR43846,717
klg,4052
CG6660,1112
CR46088,537
CR43655,528
Tpl94D,1491
Gbp3,895
Nha2,2796
Or94a,1164
Or94b,1152
CR43454,1332
CG34375,2266
CR44225,440
CG6688,1778
lmd,3356
CG13833,1076
CR44226,565
CG13838,429
CG13837,672
CG17121,1433
p53,2136
Gr94a,1215
CR46089,5069
CG17119,1570
sav,2235
Ublcp1,1202
CG17111,2959
Cow,4391
CG17110,3171
CG6726,3023
CG17109,1373
CG6733,1291
CG6738,1291
Rassf,3473
CenB1A,3527
CG31365,2335
CG31457,1342
hh,2370
unk,6328
VhaAC39-2,1233
CG13829,810
Irk1,5246
CG46310,3202
cnc,9178
fzo,2391
CG4467,7390
Rad60,1677
EloA,2869
wda,2744
CG13827,1091
orb,9551
Cdc16,2615
CG6763,1974
CG17083,1959
bb8,1795
pnt,6119
CR46090,300
DNApol-epsilon255,6849
ATPsynCF6,704
Sec13,1809
RpS3,1133
CG4408,1686
CR44322,644
CG42827,558
CG42828,471
CG4393,6076
CG31515,469
CR43387,423
CR44323,540
CG17380,1068
Ir94d,1782
Ir94e,1836
CG4374,5842
CG43694,428
Ir94f,1677
Ir94g,1638
CR44324,605
Ir94h,1680
CG34289,569
Irk2,2497
CG10177,1438
CG10175,4025
CG10170,1764
CG16732,1758
CG10168,1856
CG10164,2401
beat-IV,3358
CG10182,2212
CG33337,2127
CG16723,2088
CG10183,2058
tRNA:Leu-CAA-2-3,83
CG10184,1330
CG31145,4945
GILT3,773
GILT2,712
eIF3d1,2012
CG16710,1215
CG18754,1723
SPE,1267
CG10254,5028
CR43903,683
CG10252,833
prt,2177
CG31468,967
Gba1a,1777
CG31413,1782
Gba1b,2335
CR44052,650
CG10301,1000
CG10300,1484
nau,1532
CG10232,1864
CG10365,1985
RNaseMRP:RNA,382
Rpn9,1679
Hmgcr,3818
CR46091,733
RanBP3,1770
Rpt5,1627
Hrd3,3296
PTPMT1,1068
SdhD,894
CG10217,2262
Lsd-1,1960
CG10214,970
CG10375,1008
tst,4332
CG10208,1064
Nup98-96,6846
mbc,7465
CG33111,2916
CG34355,5589
eIF4G2,9097
CR43285,556
snRNA:U1:95Cc,164
snRNA:U1:95Cb,164
snRNA:U1:95Ca,164
Pli,2975
TfIIA-S,617
tbrd-1,1726
sba,6427
CG31141,961
Ndc1,1978
CG13601,1091
CG43999,1159
CG43998,1155
CG31142,644
Rpt2,1625
CG13599,1029
RpS19b,666
CG5854,1562
Gdh,2343
CG12268,1923
GluProRS,5453
CR46092,1084
AP-1sigma,2026
CG31140,7622
mir-9381,74
CR31451,1563
CG13603,1046
CG5902,1956
CG13604,3259
Rab7,1700
CG33108,1100
LSm3,643
KrT95D,5938
Ime4,1971
Miro,3791
spas,3929
Rox8,4010
CG5986,1321
Atg6,1493
CG5991,2110
CR44097,558
CG6000,702
Hsp68,2231
SMC1,3924
eIF4EHP,6418
Syx1A,4164
CG10694,968
CG18428,644
CG13605,2174
tRNA:Leu-TAA-2-1,84
Root,7408
CG13607,2212
GatB,1786
Tsc1,3896
Sec10,2380
Npc2f,712
Kal1,1993
Slimp,1532
p38c,1184
p38a,1634
CG6178,2008
Myo95E,5377
CG6182,1373
mRpS24,600
Apc2,4039
CG5510,1362
CG13606,1441
CHORD,1241
CG5515,1119
jnj,3590
CG6204,2810
twin,4723
CG17786,4088
cav,2049
Spps,3490
CG13609,1516
Spase22-23,1694
Acp95EF,243
CR45217,779
mask,14639
CR44092,534
scaRNA:MeU2-G25,119
beta-PheRS,1960
jar,5641
tRNA:Leu-TAA-4-1,84
Orct2,2700
Orct,2533
CG13611,1548
CR45662,458
CG6356,2887
CG34290,932
CG6364,2485
CG5715,978
crb,8144
Nab2,3490
CR46093,967
BRWD3,7244
CG5728,4622
Dis3,3588
CG6432,2715
mir-1015,64
Ms,1178
CG5746,4576
CG6454,5299
Golgin84,1814
CG18528,1676
CG5762,921
CG33339,1018
CG33340,1152
CG17784,714
CG13613,660
CG42811,642
CG42812,691
CG33341,946
CG13614,1047
CG17782,1484
CG17781,1506
CG33342,660
CG17780,1633
CG5768,1037
CG13615,1139
CG13616,752
nAChRalpha1,11027
CR43455,603
CR45950,644
CR45649,521
CG31128,860
nAChRalpha2,2387
mir-1017,71
nAChRbeta2,4018
CG13617,2622
Pp1alpha-96A,3210
CR44021,454
CG13622,1201
CG13618,1021
CG6607,1514
CG13623,725
ana1,5610
CG5789,5283
Esyt2,3510
tRNA:Asp-GTC-1-11,72
snRNA:U6:96Aa,107
snRNA:U6:96Ab,107
snRNA:U6:96Ac,107
REPTOR,7133
CR46094,535
CG13625,2094
mld,7369
CR46095,525
Syx18,1442
atl,3349
Wsck,2895
CG43222,481
puf,13438
ash2,2235
CG31125,1450
CG6695,3170
mir-1003,56
CG31126,589
Ppox,1655
slo,10153
CG46316,2528
CG13627,2728
Rpb10,405
CG13630,1301
tok,5411
snoRNA:Me18S-C1280,95
tld,3359
asp,6338
AstA,1459
CR45650,757
CG13631,1583
CG42331,5302
CG5805,2278
Ets96B,3213
CG13634,1837
Ude,1608
polybromo,5119
lili,2831
CG6980,927
CG34150,495
CG5808,2043
CR46096,1373
Saf-B,4332
niki,2791
CR43166,245
RabX4,1416
CG31357,1681
CG43273,619
sosie,2151
CR45216,572
CG33658,546
Esp,2907
CG7006,708
Nct,2906
HDAC11,1692
CG10899,972
ppk22,1851
CG13639,467
CG13640,507
CG7016,1286
CG13641,542
Elal,2135
CycB3,2883
CG3744,4723
CG11089,2285
CG31381,1699
CG31121,3557
CG11069,2038
CG13643,3284
CG10845,1933
CR44267,691
PIG-S,1764
tRNA:Asp-GTC-1-12,72
tRNA:Asp-GTC-3-1,72
sud1,1826
CG11168,3373
Mink,2511
CR46097,867
Trf4-2,1870
CG11771,2853
Osbp,3248
ssh,5086
Nmnat,1645
mah,1584
tnc,10448
beta4GalT7,1099
CG11781,489
Hr96,2834
Smg6,3310
CG6422,3361
CG31115,981
bai,807
5PtaseI,3313
CG11786,768
CG11790,1146
CG11791,2533
CG31109,978
CG31111,952
stac,4312
veli,1047
PQBP1,868
Stt3B,2703
CG11839,836
CG11836,1366
shams,1496
CG11920,1012
fd96Ca,2195
fd96Cb,1088
CG33096,3906
CG33095,3581
CG45095,1065
CG34027,4560
CG13650,2680
CG31108,3463
CG31510,4289
vig2,1773
Mocs2,1420
CG42503,1420
Clbn,3386
Bili,4328
CR46098,301
danr,1832
lobo,2859
dan,3968
CG13653,937
Cad96Ca,2939
CG13654,3999
CG13663,802
CG31106,1676
CG31103,1621
CG11851,2363
Cad96Cb,3028
CG10420,1831
CG11852,1045
to,1253
CG11854,1039
bam,1894
RpS27,729
Nup37,1227
Nup358,8553
CG11857,1801
CG10425,1402
CR46099,455
CG11858,493
GlnRS,2455
RIOK2,1751
CR45214,1360
CR43310,361
CR13656,1248
CG11891,2944
CG11889,2944
CG11878,1345
CG10513,1358
CG10514,1358
CG11892,1607
CG31300,1474
CG31104,1382
CG13658,1334
CG11893,1415
CG31098,1487
CG31102,1756
CG31097,1477
CG31288,1377
CG13659,1301
CG31370,1408
CG31436,1402
CG10550,1594
CG31099,1401
CG31087,1458
CG10559,1435
CG10553,1442
CG10560,1367
CG10562,1527
CHKov1,1463
CHKov2,1450
CG10669,3310
CG11902,4601
rha,4288
tobi,2104
Fur1,9128
ND-49L,1700
alrm,1717
CG31437,852
Muc96D,2796
Vps33B,2091
CG4553,1280
MED28,743
XNP,4688
CG5116,2563
CG42488,2158
Dhap-at,3781
CR44179,1978
CG5112,1803
CG33494,849
CR44948,349
CR43456,682
CR43457,353
CR45651,1101
CG5107,681
CG5111,2005
msi,11500
CR46100,633
CG4582,1758
CR45910,2738
mir-1000,100
ymp,1842
Npl4,2476
CG5079,786
CG5071,3425
Ssadh,1876
jigr1,4549
mir-92a,95
CR45917,986
mir-92b,100
Tnks,5486
CR46101,882
CR45208,952
RASSF8,3429
Lgr3,3005
CR45225,943
CG4730,1513
CG5039,719
CG4743,1082
CG5028,2376
RpL27,987
CLS,1572
LpR2,5510
CR46102,663
LpR1,6638
CG17197,1958
CG17198,1978
CG17196,950
CG17195,923
CG4956,1038
CG4960,970
CG31380,1335
CG31093,585
CR43631,743
CR43632,704
CR43633,356
CR43634,339
CR43847,931
BG642167,384
CR45652,636
CG5024,680
CG17770,1224
Acam,1224
CG14354,1041
CR44949,1449
Mst57Dc,378
Sfp96F,168
Mst57Db,195
Mst57Da,325
alpha4GT2,1520
CR45653,461
CR45654,641
CR45655,301
CR45656,400
CR45657,357
CG14545,813
CG5886,1894
CG5890,4649
Tsp96F,3343
SppL,2985
Lnk,3335
CG5913,1532
CG5948,951
MCO3,2202
CG31091,2149
CG31089,1408
CR43259,1657
CG42235,8363
CG14546,1495
CCAP-R,2986
CR34024,535
CG14540,2284
boss,3013
fid,5847
Nf1,10064
CG43116,897
E(spl)mdelta-HLH,1013
E(spl)mgamma-HLH,911
CR45037,469
CR45038,404
E(spl)mbeta-HLH,978
CR45039,572
E(spl)malpha-BFM,676
Kaz-m1,1705
CR45040,972
E(spl)m2-BFM,957
CR43643,1283
CR43644,598
E(spl)m3-HLH,1305
E(spl)m4-BFM,759
E(spl)m5-HLH,882
E(spl)m6-BFM,1137
E(spl)m7-HLH,982
E(spl)m8-HLH,769
gro,4455
Exo84,2246
Vps2,1248
Dak1,1202
Sld5,773
CG14543,657
PIG-P,814
CG42498,814
RpL34a,621
CG14544,1069
CG14551,1432
CR44950,1064
dysf,4225
CR44319,873
CG31324,3925
CR46060,615
CG14556,1210
CG6142,2161
CG31323,3558
CG31086,906
CG6073,1564
CG34130,974
CG34129,972
CR44320,1085
CG12290,4453
CR46061,2817
CR46062,512
Ald,3809
CR44321,550
CG6154,3893
CG33970,4058
CR42765,588
CG6036,1184
ppk15,1452
CG5432,1983
CG6503,408
CG34291,267
CR31084,482
CR43434,584
tx,2411
Hex-t1,1507
Hex-t2,1569
CG5447,1392
CG43117,319
Pdf,680
CG14237,366
CG14238,1910
CG5455,3002
plum,7490
CR46083,562
CR45226,2265
scrib,17197
CR46084,1918
CR44951,1334
CR45788,397
TwdlM,1030
TwdlP,757
TwdlB,1025
TwdlL,1066
TwdlO,807
TwdlK,840
TwdlJ,908
TwdlN,1088
TwdlH,920
TwdlR,1059
TwdlS,810
CR46233,1356
TwdlD,965
beat-VII,6138
Tb,1031
TwdlQ,893
amon,3991
CG6425,2101
CG5484,1522
CG6420,4175
CG14244,486
CG14246,715
CG14245,615
CG6403,749
CG14247,984
CR45562,935
CR45563,751
CG42789,484
CR42790,1416
Tl,5198
snoRNA:Me28S-U1554,115
Lerp,3615
CR46073,1428
mir-1012,59
IntS12,1184
ball,2027
His2Av,1224
SPARC,1201
Rb97D,3286
ms(3)K81,711
CG5500,859
ro,1241
T48,2449
Ets97D,1858
CG46339,5294
CG14252,1301
tRNA:Gln-TTG-1-2,72
tRNA:Gln-TTG-1-3,72
CG18472,1625
CG6330,2326
Tsp97E,2635
Gr97a,1311
CG5521,7742
CG46313,1886
CG14253,2708
CG31075,1874
CG31076,615
TwdlC,1396
RYa-R,2302
CG31077,3149
CG6296,2127
CG6295,1091
CG17192,1052
CG17191,1090
CG6283,1083
CG6277,1085
CG6271,1072
TwdlT,1607
Nep5,3946
CG34292,844
spz,2364
CG43935,372
CG14257,2628
Cpr97Ea,1781
Cpr97Eb,1054
CG14258,901
CG14259,1072
eater,3301
CG17189,995
caix,1130
gb,2635
CR45209,1705
CG5815,2302
CG6066,1556
CG5880,1526
CG5882,2601
CG6059,2897
CG6051,4494
Men-b,3381
grass,1391
CG5909,1455
ppk31,1266
CG34293,780
spn-D,1026
Ser,5831
CR34006,1587
CG42813,1366
CG42814,796
CG31064,5244
CG31068,2419
DNApol-alpha73,2066
CG17991,1064
CG18766,1824
CR46085,369
CG5984,1447
CG5987,2472
TfIIA-L,1645
pll,1931
woc,6332
CR44049,1848
CG14262,1004
CG14260,919
l(3)mbt,5398
CG5934,784
CG5938,1887
mrt,3110
CG3368,3558
bigmax,954
Hmu,2360
CG3348,561
CG3339,14788
CR44287,919
CG3330,1190
CG42534,6325
CG46335,2060
CR43476,918
side,11723
CR45991,531
CG44290,340
CG43447,534
CG13978,2842
Cyp6a18,4171
Gr98a,1919
CG43139,602
CG5402,615
CR46086,709
CG13972,1347
CG12885,3165
CR44289,2073
CR44288,927
Gr98b,1212
Gr98c,1227
Gr98d,1239
Klp98A,5530
CG5646,1273
snmRNA:157,43
wdb,7655
pins,3279
CG5639,5099
dsd,5800
Tusp,6092
CG5612,1507
CG5611,1375
Mtl,2427
tau,7126
mir-1001,90
RpS10a,604
Mlc1,1414
unc80,10271
CG5590,1492
CG12883,976
Sce,1542
CG31055,2073
CG12880,1894
CG43319,224
Acp98AB,175
CG43320,1297
ALiX,2892
btz,3085
CG12428,2899
CG12877,3250
Ets98B,3522
CG34353,5049
Or98P,210
Or98a,1194
CG12426,649
mil,1097
CG5003,2491
mRpS22,1341
CG33213,1279
CG12259,1246
BCAS2,1007
RpL4,1400
snoRNA:Or-aca3,147
CR45566,430
mino,3928
CG31053,818
NSD,4589
BOD1,4054
mfrn,3037
Gp93,2841
CG4951,1646
CG5527,2346
CG42487,1718
CG4884,1718
CG31253,1228
CR31054,523
CR45548,321
CG31131,1228
CG4849,3123
betaTub97EF,1869
CG4815,1053
CR46087,681
lncRNA:TS27,1108
trv,9239
CR46077,319
CR46076,899
CR46078,571
CG34354,4609
CR46079,789
CR46080,459
CR45041,981
CG43125,777
CG43124,784
CG34436,853
CG34437,876
Mst98Ca,1319
Mst98Cb,1066
UQCR-14L,503
CR44229,657
CR46103,659
CG12516,975
larp,9126
CR46104,598
Gfat2,2545
Moca-cyp,3893
CR46105,389
Or98b,1151
beat-VI,3540
CR46106,897
CG1894,1425
Dhc98D,15919
CG31051,853
Ppn,9544
mIF2,2255
fkh,4289
MRE23,5339
CR43440,796
Noa36,1138
Hrb98DE,2743
snoRNA:Psi28S-3405a,140
snoRNA:Psi28S-3305a,150
snoRNA:Psi28S-3405b,140
snoRNA:Psi28S-3405c,140
snoRNA:Psi28S-3305b,150
snoRNA:Psi28S-3405d,140
snoRNA:Psi28S-3305c,152
CG9986,2179
CG10011,8682
CG9988,2274
CR46232,1290
CG14062,1180
CG31050,514
CG33346,1096
Sid,1214
CG9990,4491
htt,12044
AstA-R2,2356
CG10000,2597
CG9997,1325
aqrs,1236
CR44952,573
CG34295,867
intr,940
CheB98a,686
wdn,3184
CG1646,4834
snoRNA:291,74
CG1523,2150
CG1647,4103
WASp,3125
Apc,8506
spg,8100
Inx3,2242
CG33203,3243
CG14529,2127
CG14528,2185
CG14523,2099
CG14527,2154
CG14526,2323
Doa,13638
CG11828,1556
DIP-gamma,3105
CR45669,2210
wat,2274
mir-4947,100
CR44264,897
CR45567,1740
CG14518,625
eIF4E6,686
CG1951,3224
Ssl2,1519
CR45044,2969
beta4GalNAcTB,1349
Cpsf100,2431
Slu7,1831
Pkc98E,5772
CG11837,1103
CG11841,1076
CG11842,1118
CR46107,1254
CG11843,1223
Sirt7,3058
Cul5,3325
CG11873,12599
CR45030,1120
alpha-Man-Ib,3211
CG11876,2041
Atg14,1866
yem,4239
Ctl2,3509
dgt6,2196
Vha100-1,3289
CG14512,604
CG14516,3849
CG14511,1216
CG11882,1087
Pglym78,1136
eIF2D,1841
Slbp,1132
Rpn2,3412
CG11897,5031
CG11898,4472
CG14509,4726
CG14515,639
CG11899,1176
Mesh1,642
Cyt-c1L,1293
CR31044,5106
mir-279,100
mir-996,97
eEF1gamma,1695
Cisd2,675
Brd8,2792
CG14507,1233
Usp1,5004
CG11951,2707
CR31427,1182
CG31445,3221
SP1029,3715
stg,3064
CG45544,818
CR45568,733
CG14506,3302
Cnx99A,2795
CR45547,624
CG45546,440
Ptp99A,9139
CR44022,500
CG2321,3605
CG2006,1916
Spase12,493
CG2310,1279
Diedel,416
CG2010,2488
Trc8,3719
ND-20L,784
CR43613,644
Dr,2552
CG7567,770
CG11470,770
CG31041,700
alph,3149
CG7568,2031
Diedel2,378
CG1907,1623
Dop1R2,5164
ppk21,1662
ppk20,1779
ppk30,1890
Obp99a,610
ppk19,1536
Bub3,1362
Cap-D2,4301
CG7582,1232
Gycalpha99B,2354
Obp99c,669
dmrt99B,2350
CR45569,401
Obp99d,500
Dup99B,310
Obp99b,594
CG15506,1471
CR46108,1479
CG34296,420
Pcd,725
Naa40,736
CG18731,615
Kul,7696
CG7601,1250
CIA30,1048
CG1969,1564
Wdr24,2702
CR46109,875
IntS11,2043
ATPsyngamma,1460
yata,4765
CR44953,1087
kay,7789
CR46110,728
fig,1180
sro,1154
CG7837,3158
Drice,1927
CG7834,1156
CG7789,1130
ncd,2720
ca,7026
Vps16B,1531
CG7829,976
neo,3005
Atg16,2563
CG42592,679
Prtl99C,1053
Cad99C,5800
dgt1,2535
CG7824,1229
CR31032,770
CG15514,1369
RpS8,1250
snoRNA:Or-CD8,92
snoRNA:Me28S-A2564,46
Zip99C,2223
CG34133,4263
CG31038,6269
CG15517,525
CG15515,472
CG31036,3322
Capa,695
trp,4149
Jon99Ciii,1240
Jon99Cii,862
Jon99Ci,907
CG15522,1381
alpha-Man-Ic,1686
Cog7,2340
CG42557,1095
CG42558,1095
eIF2Balpha,1005
Vps13B,11469
TkR99D,2880
CG7896,4955
Acph-1,2024
CG7903,1515
Sas-6,1507
CG15525,654
CG11504,1856
CG34298,548
Tace,2461
Nph,818
Nlp,1080
CG7912,1992
CG7920,1910
Mgat2,3394
RpS28a,304
Axn,4985
CR46111,655
CR44045,302
ZIPIC,1631
ocn,619
janB,569
janA,740
Sry-alpha,3300
Sry-beta,3300
Sry-delta,1546
RpL32,796
CG7943,2066
CG15528,1032
CR44046,1042
CG7946,2042
spn-A,1342
CG15526,566
CG34317,1168
CG7950,1192
sima,7194
CR46112,536
CG45072,1122
CG45073,816
Ppi1,3376
CG31029,3002
Tpi,1558
AdoR,3527
CR46082,2574
CG15529,1393
CG11498,2506
CG31030,1671
CG31028,3775
Mlc2,2286
CG1983,1582
CG15530,2068
Bet5,1051
CR44262,554
CG9747,2318
CG15531,1158
CG9743,1733
RpS7,1139
snoRNA:Psi28S-2149,144
snoRNA:Psi18S-1377e,137
snoRNA:Psi18S-1377d,136
snoRNA:Psi18S-1377c,137
snoRNA:Psi18S-1377b,138
snoRNA:Psi18S-1377a,139
snoRNA:Psi28S-2626,142
Anp,373
CecA1,339
Cec-Psi1,166
CecA2,355
Cec2,201
CecB,425
CecC,386
CG43448,529
CG9737,1635
CG9733,1467
tRNA:Leu-TAG-1-1,80
tRNA:Leu-TAG-1-2,80
CG34299,799
CG9682,1649
CG18404,607
CR46113,794
hdc,15063
CG34300,641
CR46114,884
Fer1HCH,2376
Fer2LCH,1648
CR45570,561
CG2217,4135
CG42740,4135
CG15535,828
mRpS18C,528
CG15536,664
CG2218,2529
CG15533,2203
CG15534,2164
CG15537,1600
Osi23,853
aralar1,3376
CG2224,2140
CDase,2951
PH4alphaEFB,2248
spdo,2087
Jon99Fii,913
Jon99Fi,933
PH4alphaSG2,1683
PH4alphaMP,1882
PH4alphaNE1,1737
CG31371,1748
PH4alphaSG1,1708
CG15539,1615
mir-4908,59
CG34041,1797
PH4alphaNE2,1782
CG31524,1691
CG9698,1752
jdp,2178
CR45552,1428
CR45553,1390
tmod,8320
CG34155,2619
CG9702,2318
Rpt6R,1445
CG9717,2679
CG2246,2431
CG31019,1980
CG31021,1496
PH4alphaNE3,1627
CG31016,3923
CR45571,3451
CG44954,772
CR44136,764
CG2267,1734
CR46236,1044
CG31013,1766
PH4alphaPV,1949
CG34432,723
CG34433,898
CR45191,557
Spn100A,2038
CG12069,1750
Pka-C2,1349
CR46115,3385
CG31010,1360
CR46219,1658
eIF4H2,1906
CG11313,1222
CG15543,1595
Npc2g,659
Npc2h,812
CR43238,488
zfh1,6915
CR45189,929
wts,5803
mir-1013,61
dj-1beta,733
cindr,4662
CG15544,4209
tll,1965
Cpr100A,1378
CG15545,1267
CG15546,1822
CG12071,2640
CG15547,1601
Sap-r,3527
Cyp4c3,1906
CG33483,788
CR46220,565
Ptx1,3571
CR44041,702
CG15549,1112
CG15550,514
CG15548,2608
Ctr1C,1031
5-HT7,4486
CR46116,327
CG31008,529
CG31007,758
CR46117,813
CG33773,605
CanA1,3064
CG33920,543
Alp4,2412
mir-4948,106
Chchd3,940
dco,4783
Sox100B,2049
CG11317,1804
CG15553,1784
CG11318,2764
Prosalpha3T,889
CG15554,801
CG15556,2643
CR46207,492
CR43458,721
Gycbeta100B,4066
stops,2297
mesh,5175
bnk,1028
CG1544,2932
chp,4872
Zwilch,2232
CG1542,1207
CG15561,1167
ATPsynC,1980
RNaseP:RNA,299
mir-4949,99
CG12054,6238
CG15563,652
CG15564,1822
qless,3218
mRpL32,704
CG1750,1075
spn-F,1465
CG3669,1101
CG18672,1042
CG18673,1060
ppk24,1788
pHCl-2,3815
CG34347,6905
CR46118,608
gskt,1772
CG1607,3183
CG31204,1634
CG31002,1663
Gcn2,5743
PNPase,3127
Gprk2,4690
lox,1435
CG11334,1732
CG11333,715
CR45554,876
CR45555,698
CR45572,1601
mey,3385
CR45573,3401
nyo,3812
CR46120,995
CR46119,299
gammaCOP,3276
pygo,4507
rod,6479
CR45190,1614
CG1635,1548
CG1638,1567
CG1774,1860
RpL6,967
CycG,6143
Med,3425
CG11539,826
CG1792,1344
pasha,3214
kek6,6616
CG1815,5868
CG11550,1060
CR44091,366
CR45564,492
CR45565,751
CR45052,718
CG42693,408
CR34046,444
ttk,7557
CstF50,1407
CG11563,831
eEF1alpha2,2656
CG1890,704
CG1896,835
awd,727
nero,1114
CG1910,3199
salt,2114
mir-1014,68
CG2187,2580
CR44263,647
Smvt,1996
CG2150,1170
CR43436,667
pncr017:3R,1393
betaGlu,2331
sip3,2660
CG2126,1317
faf,10488
CG2118,2920
Acf,5079
CG42233,3032
Ir100a,1812
CG1971,1278
CG11576,2158
FeCH,1521
RhoGAP100F,13106
heph,12120
CG2003,2014
CR45556,761
CR45557,10988
CG2053,1374
krz,5281
mod,2287
Map205,6046
mthl8,3413
CG43149,879
Lsp1gamma,2501
CR44510,757
CR44511,539
CR43150,476
CR43988,670
CG13405,1326
CG12483,608
CR45401,412
CR45402,413
CR45400,346
Pdk1,6593
CR45805,842
CG6845,2294
Dic61B,2642
p130CAS,4099
CR43151,394
CG7049,1117
CR45806,967
Vdup1,2151
CG13875,2044
Mkp,1905
CG34140,1732
Mtch,1501
rno,11796
mri,1739
Gk1,1940
NitFhit,1527
CG13876,1337
CG7028,3208
thoc7,929
Dis3l2,3605
Kaz1-ORFA,307
Kaz1-ORFB,1276
pyx,4046
CG13877,512
CG33229,1754
CR42862,5485
CG42846,564
CG34454,603
CG34453,705
E(bx),10072
mthl14,2091
DIP2,5932
wac,853
Tudor-SN,3411
snoRNA:Tudor-SN-a,311
snoRNA:Psi18S-996,151
mRpL17,1092
CG34263,258
miple1,1997
miple2,1508
CG32845,1972
ttm2,1513
RhoGEF3,13467
fwd,7436
ddbt,633
CG32344,2694
Atac3,2354
Ptpmeg,4649
mthl9,2133
mthl10,4166
mth,2420
CG1231,1243
Cdc5,3346
Roc1b,506
CG1233,4064
CG13884,774
trh,5502
CR45378,1250
CR43969,706
CG13891,761
klar,11717
snmRNA:438,64
CG34267,375
CG34268,373
CR46002,527
CR45118,347
CR45117,459
CG34269,660
CG17180,1184
Cypl,718
Hipk,11604
CR46249,630
CR45808,524
Ppm1,1422
Kah,2825
MED14,5513
CG13893,2198
CR45807,1459
Reg-2,883
CR44513,442
CR42719,944
CG43337,1453
CR43334,15466
CR43423,994
ban,81
Gale,1757
CG3402,1035
MED30,1103
Rev1,3244
CG17129,2379
CG3386,1780
ebd1,2329
CG3344,1480
CG32483,1382
RabX6,1286
Vti1a,1370
CG13894,2193
CR44514,394
CG13895,1945
CkIIalpha-i3,1597
CG13896,1031
CR45411,315
CR43785,428
hng3,1529
tRNA:iMet-CAT-1-3,72
emc,2049
tRNA:Ile-TAT-1-1,74
tRNA:Ile-TAT-1-2,74
CG13898,625
CR44537,1188
CR43883,754
CR45184,2649
Sf3b3,4329
snoRNA:Me28S-C788b,70
snoRNA:Me28S-C788a,72
snoRNA:Me28S-G3113b,84
snoRNA:Me28S-G3113a,80
snoRNA:Me5.8S-G74,71
snoRNA:Me28S-A771,75
snoRNA:Psi18S-110,139
snoRNA:Psi28S-3308,153
snoRNA:Psi18S-1086,148
CG42553,1251
CG42554,1023
CG13901,985
CG13887,1593
CG13902,1330
Gr61a,1868
cep290,6441
CG13890,1210
dpr20,2717
CG12502,3743
Usp10,8436
CG13907,4723
snoRNA:CG32479-b,221
snoRNA:CG32479-a,226
CG34056,1303
CG34057,1276
CR46200,441
CG13905,913
nerfin-1,3208
Glut1,10933
CR45809,703
CR45810,344
CG12038,1456
trio,11182
CR45811,1096
CG9205,1130
bab1,5340
bab2,5149
CG13912,818
Trh,2183
LysX,564
Aplip1,2411
mwh,4747
CG32335,1082
CG9119,1212
LysB,611
LysC,242
LysD,480
LysE,580
LysP,615
LysS,492
CG33965,1026
CG33966,1163
CR45747,231
CG9194,2974
CG9192,1187
Klp61F,3871
CG32318,785
Psf1,692
Sac1,2496
CG9129,1083
CG9130,3109
CG9133,3250
tfc,2634
CG32333,6432
Rabex-5,2373
scf,1600
Rac1,1805
CG9149,1439
CG2277,2569
Ctr9,3848
CG9186,1550
Sherpa,3835
Myo61F,3955
CG9184,966
CR45166,1032
ND-ACP,842
msd1,528
msd5,840
CG2211,1941
l(3)02640,2556
CG2199,2878
Ptp61F,6069
312,1618
ru,1798
tRNA:Glu-CTC-3-1,72
tRNA:Glu-CTC-3-2,72
tRNA:Glu-CTC-3-3,72
tRNA:Glu-CTC-3-4,72
tRNA:Glu-CTC-3-5,72
tRNA:Glu-CTC-3-6,72
tRNA:Glu-CTC-3-7,72
CG32320,2591
tRNA:Glu-CTC-3-8,72
tRNA:Glu-CTC-3-9,72
CG9168,1952
FucTD,1647
CG9173,2273
SA-2,3219
CR44842,1983
rho,3000
Naa30B,1211
stet,2550
robl62A,751
CR43701,93
snoRNA:Psi28S-2622,140
CG12084,3567
CR45812,621
hfp,4856
scaRNA:MeU2-48,125
Psa,4221
cue,2801
Iml1,4923
Ir62a,1821
CG12091,1907
pns,5708
CG32313,752
Pcyt1,3257
CR45813,453
Pcyt2,1697
CG12099,2935
Pex10,1487
CG7879,3804
CG12003,1807
CG12004,3706
CG13917,9032
CG12104,1435
CG33791,5663
CG18170,5663
CG12105,5106
CG13926,726
CR45814,706
CG33230,1754
ABCB7,2743
GC,2685
CG13928,2587
nSyb,4072
metl,1240
Bgb,1242
alphaCOP,4078
CG13919,517
CG17249,1534
Bro,744
CR45815,988
CG13920,1292
Vta1,1257
CG7970,1281
CG7971,6510
CG7974,1348
Uhg7,421
snoRNA:Me28S-A2634c,86
snoRNA:Me28S-A2634b,81
snoRNA:Me28S-A2634a,73
RpL23A,1016
RabX5,922
CG13930,2145
CG7991,4532
CG12011,1724
CG13931,1063
drpr,4757
CG18171,2538
CG12035,1258
Oseg4,4131
PIG-Wb,2200
Gk2,2844
CG13921,5093
Cht2,3038
CG8001,2687
Dhc62B,12090
CG13933,3165
CR44351,1504
CG12018,1387
CG2021,402
mRpL46,909
alpha-Spec,8347
CR45834,406
dlt,4000
Cdc37,1611
CR45818,419
CG12020,1242
Patj,3294
JTBR,849
CG42676,2889
CR45686,890
CR45687,310
GV1,1311
Cpr62Ba,972
Cpr62Bb,992
Cpr62Bc,1134
CNMa,1900
CG12024,1822
Rap1,3012
HBS1,2360
CG12025,2839
CG13924,1513
dre4,3690
CG13937,2000
Aprt,1021
Tmhs,1647
dsb,4674
Dbx,2488
tRNA:Cys-GCA-2-1,72
CR45826,530
CG5687,3115
CR44536,1217
Mfap1,1682
mu2,4117
Cnb,2453
mv,11334
CR45827,1143
SCOT,2355
CR45828,488
CG1927,1224
CG11815,1010
CG1139,1578
CG42841,1131
CR44535,2030
CG42357,1350
CG42356,1270
CG34259,1281
CG42355,742
sls,58996
CR42860,1461
zormin,12085
CR45802,1009
CG15822,4713
CG15879,1389
CG5704,1289
CR15821,1021
CG15820,1183
CG13810,1552
CG5707,1759
CG8960,1042
CG15878,1631
Oseg2,5265
CG9018,1578
ACXD,4118
CG32301,3574
CG32305,3495
CG1275,2093
CG2034,1284
oxt,3380
CG13807,636
ecd,2204
CG13806,1175
CR45829,839
obst-I,733
CG32302,1079
yellow-g,1344
tRNA:Cys-GCA-3-1,72
yellow-g2,1431
MsR2,2918
CR45427,470
CR45426,534
MsR1,3544
CG13801,2130
CG1317,4040
CG8993,616
mRpL23,699
CG9004,2708
CG15877,1018
Svil,24343
CG42787,386
CG32298,1205
CG32299,1254
CG16762,885
Cyp4d20,1817
CG1146,2357
CG16758,1985
CR45425,609
Spn,10266
CR45170,811
CG32295,1175
msn,6833
RpL8,1173
dos,4666
CG16984,1162
CG12182,3633
CG16985,641
CG16986,769
Pxn,5955
CR45981,909
CR45982,978
CR45660,860
CG42245,5111
MEP-1,5719
CG14949,934
CG1143,1657
CG1246,1865
ProRS-m,1517
CG42304,3245
Snup,3245
Fife,9680
CG33233,1719
CG33234,1523
Mrtf,8562
Acp62F,479
Non2,1320
AhcyL1,3020
CG12093,1296
Atg2,6266
mRpS35,1144
pgant6,2817
Tet,13823
CR44531,587
spz5,1996
Shab,11359
CG9970,1631
CG32846,1382
CG34025,1202
Or63a,1718
CR44530,628
CPT2,2352
CG2113,926
FMRFaR,4218
CG32488,1245
CG32487,1040
aly,2267
CG2162,2580
Jafrac2,1270
scramb2,1586
Sk2,2594
CG32485,1136
CG1271,2057
CG16753,764
CG32486,2356
CG11486,5969
snRNA:U5:63BC,123
Cht7,3953
tRNA:Cys-GCA-1-1,72
tRNA:Cys-GCA-1-2,72
tRNA:Cys-GCA-1-3,72
tRNA:Lys-CTT-1-12,73
tRNA:Lys-CTT-1-13,73
tRNA:Cys-GCA-1-4,72
CG45066,1050
CG45067,2736
prominin-like,5597
tRNA:Met-CAT-2-1,73
CG11537,5200
CR45819,414
CG1291,1477
Usp5,2797
BtbVII,7280
ND-30,976
CG15812,2022
rasp,1673
Asciz,2002
CG32280,1593
CG32278,845
CG32281,1539
CG14963,932
CG14964,5079
Girdin,5190
CG42494,1337
CG32284,457
CG14957,423
CG42525,1461
CG14958,541
CG14965,1870
Hsp83,2960
CG14966,587
CG32276,865
gry,4593
CG32271,925
CG33159,774
CG32277,850
CG33160,825
CG32269,2037
CG32270,2037
CG14967,7388
CG12034,1684
RpL28,1382
snoRNA:Or-CD12,78
snoRNA:Me28S-C3351,77
snoRNA:Or-CD11c,67
snoRNA:Or-CD11b,67
snoRNA:Or-CD11a,67
eIF1,681
CG11505,10013
CG17746,1851
CG12078,954
CR45424,435
CG43389,923
CR43626,5165
mir-282,97
ckd,1747
CG34265,467
CG14960,1444
CG12017,2667
CG12009,3565
mir-955,97
CG14968,1282
ZnT63C,3253
Drsl2,333
Drsl3,360
Drsl4,323
Drsl5,364
PIG-C,1103
CG12016,2346
CG42456,2326
Strip,4055
PHGPx,1359
CR45380,317
CG14961,3063
CG14969,1636
Drsl1,210
Drsl6,387
kst,14454
Drs,387
YT521-B,3452
CG12010,2255
CG12012,1236
Ids,1636
CR45737,520
sty,5438
mir-2282,107
eIF5B,4410
armi,4151
CycJ,1478
CG14971,2419
CG32267,489
CG42324,5974
CG43074,677
ImpE2,1708
Eip63E,6544
CR45043,771
CR45820,669
snRNA:U7,71
CG10359,1762
CG10357,1111
CG14974,491
dar1,3526
CG10862,1201
CG43098,657
CR43484,624
CR43485,476
CR45675,435
CG43089,638
CG32264,12277
ppk27,1381
CG32266,526
ntc,1572
IntS10,2272
CG32262,1051
CG32263,803
PIG-B,2244
Scsalpha,1479
CR43932,423
CR45034,262
Acp63F,401
enc,9058
Rdh,440
Awh,2104
CR45379,721
CR43917,262
CR45422,318
Fie,1600
snRNA:U11,275
Gr63a,1470
CG14977,543
Ccz1,1531
Ubi-p63E,3138
Sc2,1105
ida,2408
mge,1488
Eip63F-1,3545
Eig63F-2,1275
CG10866,1874
CG12766,1075
CR43916,382
CG10863,1089
CG14982,4282
CG10853,588
CG14983,607
CG14984,709
CG12605,7500
CG43915,886
scrt,9075
CG14985,2908
FoxL1,1414
Mul1,1656
CG11594,2895
Gr64a,1488
Gr64c,2858
Gr64b,2858
Gr64d,2961
Gr64e,2909
CR45042,665
Gr64f,1446
CG11593,2773
Rcd5,1947
CG1136,2704
Dpy-30L2,587
CG18869,1976
dib,1975
wit,4217
CG32259,824
Faa,1421
Gad1,3684
CG14989,2917
CG14990,1072
CG14995,4081
Fit1,3553
CR45670,328
Ack,4393
Chd64,1459
ens,5703
RfC4,1127
Rop,2638
Ras64B,1620
Akh,536
CG32260,1967
CG1299,1956
nab,2470
mas,3657
CR44529,506
Ero1L,2100
CG18675,1608
Teh4,2732
Teh2,3287
Teh3,1586
VhaM9.7-c,848
tipE,4084
CG43367,10170
CG15005,2648
Cpr64Aa,1014
Cpr64Ab,552
Cpr64Ac,890
Cpr64Ad,961
CR32252,980
ImpL2,2667
CR45738,437
CG14997,1707
pav,3207
ago,5517
CG1265,828
CG15011,2631
CG1309,1859
CG11586,1115
VhaM9.7-a,710
CG1273,4187
CG33764,543
Ctl1,2487
CG11583,1253
srw,523
CG1316,2222
TfIIEbeta,1121
Hexo1,2211
CG15012,858
Fdx2,863
dyl,3139
Claspin,4779
PMP34,1401
CG15014,1155
Cip4,3932
CR45156,1477
mRpS6,628
CG33514,1179
CG11342,965
DopEcR,4291
CR44360,632
CG32240,645
slow,2364
Syx17,1566
CG15019,764
DOR,3058
CG15020,2744
nAChRbeta1,2974
CG15021,1536
CR45739,400
CG12607,1001
CG11345,923
CG15022,1063
CG15023,819
CG15024,495
CG32241,1375
CG32249,951
CG32248,619
CG11349,1970
CG7465,1126
CG11350,1497
CG13722,2603
CR44709,1350
CG13721,765
CG13720,1645
NT1,4104
Tie,5236
CG11353,3115
CG32243,1639
CG11357,3168
CG33777,519
CG42540,5118
Src64B,5200
CG32246,1767
CR45438,302
HDAC1,2124
axo,9106
CG13716,354
CG32238,2030
CR45830,926
CG32236,1463
CG34266,402
CG7514,1188
CG18418,1142
RhoGEF64C,7297
CG15876,641
CG13713,458
CR43879,476
CG13712,682
CR45983,361
CR43882,626
CR45984,585
CG12493,1173
CR43881,538
CG13711,826
CR45821,1103
CR45740,342
CR44528,986
CG7509,1958
CG18808,1354
Dhc64C,14597
LeuRS-m,3020
CG13708,4357
CG13707,2118
CG32237,2948
CG32235,597
Dnah3,14155
CG13705,1536
CG13704,682
Rh50,2934
CR43627,1600
Con,5947
CG17030,767
CR45685,768
CG32232,2928
ATPsynCF6L,635
CR43884,524
CR46198,576
CR34047,1315
CG4597,567
CG15212,445
CG15213,366
CG4603,1520
CR45160,481
CG10674,478
CG4611,2248
Prpk,744
CHMP2B,855
CG10672,1082
Gdap1,1597
CR45985,261
Fitm,1923
AlaRS-m,3233
Gen,2273
Srp54k,2015
shep,11502
CG4669,2101
CR45741,239
CR45742,258
tRNA:Ser-AGA-2-5,82
lama,4046
tRNA:Val-TAC-1-1,73
tRNA:Val-TAC-1-2,73
Klp64D,2529
Cyt-c1,1521
Uev1A,1706
Membrin,858
Pfdn4,543
CR44515,827
CR44516,390
CR45743,594
Ir64a,2580
DIP-delta,4805
CG4835,3735
CR44520,1326
blanks,1268
CR44518,495
CR44519,368
CG34342,1813
Lkr,2930
CG13285,1227
frm,4625
sinu,2065
Sucb,1600
Sras,1271
bc10,1380
Msr-110,2902
snmRNA:357,77
l(3)psg2,6602
spo,2489
CG10592,1749
CG5150,1881
CG10591,1075
TM9SF3,2653
mthl2,2035
Eaf6,864
Blimp-1,8461
lin-28,1152
sif,23781
Sse,2177
CG46320,17139
CG44521,699
snoRNA:Me18S-A1494,132
DnaJ-1,2161
Usp47,5636
CG10576,1898
snoRNA:Psi18S-1397,141
snoRNA:684,78
snoRNA:Psi28S-1837c,139
snoRNA:Psi28S-1837b,137
snoRNA:Psi28S-1837a,137
CR43603,186
Txl,1123
Ppat-Dpck,1711
CR45831,1384
scny,5470
vito,951
Myt1,1940
PGRP-LD,3957
Pmi,3609
CR45026,704
Cralbp,1604
Bre1,3993
Tektin-C,1640
S6k,4885
CG42272,2418
kri,1191
mad2,818
vn,5239
CG5568,1911
CG18586,2047
CG13287,1787
DNApol-epsilon58,1688
CG5592,1633
CG32409,1231
QC,1141
CG32413,996
CG10486,2369
CG13288,1941
CG10483,2238
CR45167,1107
CG32407,1377
CG33523,3115
Rcc1,2365
CG33993,2523
CG10479,1676
CR45439,201
CR45440,221
PVRAP,2919
alphaKap4,1509
CG10477,1361
yip7,904
CR43952,426
CG6462,1078
Jon65Aiv,904
Jon65Aiii,875
Jon65Aii,833
Jon65Ai,951
tant,1657
CR45441,408
CG6592,1605
CG10472,936
CG42269,2362
CG6602,1401
CG13295,1638
CG6610,586
ssp6,4137
CG13293,4489
CG10469,1067
CG10467,1544
loj,1179
Ets65A,4922
CR46001,349
l(3)mbn,2321
CR46005,4486
Lcp65Ag3,543
Cpr65Au,526
Lcp65Ag2,543
Lcp65Ag1,517
Lcp65Af,519
Lcp65Ae,476
Cpr65Av,642
Cpr65Aw,450
Lcp65Ad,616
Lcp65Ac,505
Lcp65Ab2,416
Cpr65Ax1,389
Lcp65APsi,263
Lcp65Ab1,413
Cpr65Ax2,732
Lcp65Aa,500
Acp65Aa,615
CR45421,490
CG13297,595
Cpr65Ay,441
Cpr65Az,720
CR45744,408
CG13296,1428
CG10289,8097
CG7376,4157
CG10274,3034
D19B,2685
CG43293,586
D19A,3233
CG7386,2247
Sf3b6,920
Tnpo,5598
CG8219,2805
LanA,11690
CG33946,310
CG13299,494
BG642312,540
CG42714,451
CG10226,4717
Mdr65,4135
Best2,3547
CG10163,1220
ImpL3,1942
CR44522,392
CG43168,1078
CR45420,615
CR45114,677
CR45113,494
Or65a,1254
Or65b,1221
Or65c,1233
CG13300,4303
Sfp65A,554
CR45419,619
CR45980,492
CG42747,2857
CG10147,2198
CG8270,2170
Vps8,3885
sfl,5772
CR45979,825
CG32396,1649
MCU,4919
jv,6436
ndl,8230
CG8368,2937
zpg,1539
CR45418,469
CG8398,3450
GluRIA,3810
CR45238,624
CR45239,593
eIF4E4,1031
CR45173,547
CG32395,1116
SP1173,3725
CG8519,1420
ple,3806
CR44523,378
CR45417,501
dikar,12226
velo,6688
CG8549,1037
CG10103,1729
CG32392,2831
CR45759,446
vvl,4784
CR45115,991
CR45416,281
Prat2,2140
CG45413,928
CG14820,1430
CR45415,296
CR45414,839
CR45412,654
tow,2669
CG10077,5541
CG9948,1394
CG10075,924
Surf1,1055
sgl,2275
CG10064,2379
Mis12,839
CG9953,1814
CG10063,827
Galphai,2067
CR32385,2572
CR46000,492
CG32388,990
CG43439,990
bin,2412
Mp,6568
CG17744,926
CR45832,441
CG8641,3264
CG14823,2339
CG32391,766
CG34030,822
Cpr65Ea,540
Cpr65Eb,1004
Cpr65Ec,566
form3,6298
msl-3,1970
BBS1,2069
CG8629,352
CG15829,697
CG8628,436
Dbi,432
melt,4372
corn,5591
CG8620,776
Dscam2,12907
CR45410,1182
CG14826,1325
CG14829,1257
BHD,1557
RpL18,788
Neos,1449
mRpL50,739
mei-P22,996
Cdc27,3713
MED4,941
CR43470,1794
CG14830,2038
unc-13-4A,7838
CG8607,1008
RhoGEF4,2167
Rint1,2394
CG8602,2570
CG42307,4073
mus312,4022
CG43780,1430
CG43781,1430
eco,3654
lark,2192
Cln7,2168
CG14834,1426
Srp19,653
qm,2543
CR45833,399
CTCF,2892
CR45822,882
pst,2626
Sec63,2944
CR45835,1960
Sh3beta,3187
akirin,2633
SMSr,2591
smid,3386
CG8564,1950
CG8563,2121
CG32379,1238
CG8562,1483
CG18417,1480
CG8560,1566
pncr015:3L,295
CR44525,1215
CG42458,3731
Rac2,2429
CG14835,659
sphinx1,915
sphinx2,1120
CG33278,1307
ppk26,2089
CG42661,2597
Tsp66A,2537
CG42660,2597
CG8543,801
CG8541,956
CG43292,505
mthl6,1621
Cyp316a1,1455
Cyp4d8,1573
CG8539,1538
CG7548,678
CR45896,2413
CG7546,5285
ltl,4108
lqf,6521
CG16998,777
CG32374,900
CG32376,876
CG14837,2586
frac,5438
CG14838,3512
CG7716,2391
Pura,7273
CR45866,518
snoRNA:Me18S-A1806,78
Urm1,391
CG7506,793
CG32373,2217
PGRP-SD,721
CG7492,2674
Ank2,46942
CG44195,6153
CG12262,1461
CG7457,6335
CG8492,4388
Snmp2,2837
CG13685,3209
CG7409,760
Hn,2115
Clk,4516
CG32371,1084
CG32369,5696
Pdp1,12138
CG32365,2757
eIF4E5,1020
pbl,5781
CG8281,1301
CG8111,1340
CG32368,410
syd,5612
Srp9,821
CG43880,556
exex,2378
RNaseX25,1663
CG8042,2173
HP4,717
CG8209,1295
CG8038,846
nmo,6945
tRNA:Ala-AGC-2-1,73
bip1,1892
CR45867,408
CR45868,593
tRNA:Leu-CAG-1-2,83
tRNA:Leu-CAG-1-3,83
tRNA:Leu-CAG-1-4,83
Ect4,9929
tRNA:Leu-CAG-1-5,83
tRNA:Leu-CAG-1-6,83
tRNA:Leu-CAG-1-7,83
CG42590,855
CG42591,508
CR43974,853
CG7565,3722
fan,912
CG7927,2704
mir-2501,71
Arp3,1983
msk,3979
ldbr,1734
CG7550,920
mRpL36,495
Uba2,2329
CdsA,2609
CG7504,5627
mus301,3364
CG13676,3575
CG42445,1134
CG43886,347
CG13675,1494
RecQ4,5041
Nmt,1812
mthl7,1477
Uxs,2093
ERR,2223
CR45869,416
CR45870,970
Atg18a,2924
MED24,3199
CG7387,1508
UbcE2M,1732
CG8005,1227
CG7366,1340
CG13679,489
tut,1046
CG8006,1733
CG8012,851
CG13674,687
CG13678,561
eIF4E3,1040
CR43953,668
CG7213,1624
Dscam4,7913
cert,2900
CG7201,1662
Rab19,1105
Arl5,1339
CG13671,2278
CG7194,1365
Sbp2,1055
Gr66a,1584
BI-1,1247
CR45409,1162
CG7185,2862
CG43059,377
CG13670,960
CG34461,1873
CG34462,1157
Cpr66Cb,1001
Pex2,1051
DNApol-alpha50,1569
CG7083,2029
CG7182,1962
GAPcenA,5118
Culd,3289
mir-4913,58
Idh,2434
ImpE1,6264
Jon66Ci,838
Jon66Cii,830
CG7120,2965
mkg-p,3058
CG33057,3110
CG13667,1901
Oseg1,4766
Exo70,2284
mtrm,1092
CG32354,3251
Cbl,6154
Unr,8968
CG6983,1740
Gug,8819
CG43163,7970
ZC3H3,2042
CG6745,2770
CG6765,3505
CG6683,990
GstO3,881
se,825
GstO2,1743
GstO1,954
foi,4210
ergic53,2463
rhea,11083
CR43910,530
mir-190,100
CG6638,1514
CG43078,14466
Nelf-E,1227
RpL14,619
snoRNA:U49:66Da,80
snoRNA:U49:66Db,84
CG5989,1567
CG6282,3863
S-Lap1,2121
S-Lap2,2093
GAPsec,1544
Zasp66,2812
Cdc6,2483
Cpr66D,1104
CG13305,1364
Pex7,1501
Arr2,1547
h,2335
CR44526,489
SrpRbeta,1135
CG32022,938
CG6511,4498
CG43965,193
Cp18,649
Cp15,515
Cp19,651
Cp16,522
Prm,5356
CG13306,531
CR44527,436
Fhos,10218
CG6576,1179
CG5804,337
CG13310,1380
CG13311,568
CG34426,1022
CG32023,525
CG34427,865
CG13312,1061
CG32024,743
CG13308,702
CG13309,800
dally,4483
CG32026,2382
CR45823,871
CG43169,416
CR45871,2245
Mcm7,2451
TrpA1,4457
tRNA:Thr-AGT-3-1Psi,74
mfr,5847
Tsp66E,2330
CR43970,378
CG43783,5452
orb2,8905
GNBP3,1531
mRpL12,738
CG13313,1394
ValRS-m,3254
CG5653,1463
CG5021,1088
CG5026,2822
pix,2293
Srp68,2132
CG5644,1712
CG13314,883
Galk,3144
CG5068,1845
CG5280,986
smg,5963
CG5087,3945
Doc3,1671
CG5194,1113
Doc2,1945
Doc1,1595
CG5144,1286
Argk,3504
CG4911,4775
CG4942,1306
teq,9106
CG32032,1072
CG13315,618
bol,8169
Dhpr,1261
Use1,980
nwk,5622
mir-4940,105
Rdl,8994
Slc45-1,3315
CG4476,2400
CR45408,410
CG4483,1499
CG4477,983
GluRIB,7186
PGRP-LA,2097
PGRP-LC,3743
PGRP-LF,1355
UGP,3013
CG32040,1364
CG32039,881
Pdxk,1590
CG34456,627
Klp67A,3086
mRRF1,891
CG4452,1677
Fdx1,741
Hsp67Bc,987
CG4456,2109
Hsp22,1900
CG4461,864
Hsp26,1010
Hsp67Ba,1733
CR43481,2901
Hsp23,884
Hsp27,1632
CR43483,467
CR43482,352
CG4080,3453
eIF4E1,2235
Cpr67B,1010
CG4022,4406
CG3689,2423
CG3967,3359
CG3982,1455
aay,1529
Shc,1600
RpS17,535
snoRNA:Psi28S-612,145
MTF-1,4604
CG42526,1598
Bet3,1125
CR45872,467
Nf-YA,2055
CG33926,820
CG3529,2120
CG3448,1028
ghi,697
phol,3384
CG3552,1639
CR45873,958
CG3437,1126
CG3434,1372
CG44838,6980
Uch-L5,1394
Jarid2,8463
pall,1206
CG32036,709
CG32037,1836
path,3195
CG3408,1888
RpS9,1018
CR45874,873
snoRNA:Me28S-G3253,88
CG33703,546
CG33702,540
CR33701,315
CG33700,1116
Or67a,1497
Ir67a,1755
CG42673,6878
CR46246,1205
Tmc,6670
CG3222,1354
CG3088,836
CG3306,1026
LanB2,5916
CG3335,2926
Or67b,1362
CG8336,1645
fry,11788
CG8329,910
CG18179,870
CG18180,901
CNMaR,2704
CG16717,1427
alphaTub67C,1617
CG6767,2361
CG16719,1080
CR45804,885
CR45121,555
Ubc4,1709
CG6761,2854
CG16711,5930
SH3PX1,2146
vsg,2273
snmRNA:838,73
CG18178,1310
CG14174,1073
nbs,2599
defl,3227
Naa60,2379
ATPsynB,918
CG6749,1834
mir-4986,122
CG42268,7218
CR44348,544
CR45407,455
CG8177,6616
CG32052,2829
Zasp67,3248
Ilp1,631
Ilp2,670
Ilp3,751
Ilp4,804
CG43897,7911
Ilp5,478
I-2,1858
Cdk8,1529
RasGAP1,5434
CG10809,2233
iPLA2-VIA,3685
CG8108,3160
CR45406,676
CG34382,3091
Taf2,3972
CalpB,4274
CR45875,1294
CG6709,1331
CG14164,1331
CG6707,2227
nudE,3033
bma,6061
CG6685,1534
Dronc,2015
CG6674,843
CG42455,1262
vnc,1354
dpr6,6312
CR45876,848
CR45877,1037
CR45155,615
CR45878,626
CG14160,2112
CG32053,1618
CG32054,1775
CG42825,1752
CG42826,1422
CR45879,984
dpr10,3546
snoRNA:MeU2-A31,115
CG8072,1109
CG6628,1096
ect,3741
CR44538,665
CG8065,1256
CG32055,1605
scramb1,2406
CR44542,328
CR45403,419
CR44541,444
Or67c,1215
CR44539,982
CR44540,784
can,2953
CR45242,872
Or67d,1176
CR46003,21055
CR46004,7941
mir-276b,99
CR46006,10235
mir-276a,98
CR45245,1348
CR44543,369
CR43990,471
CG12362,1957
Ir67b,2295
Ir67c,1722
Gem3,3963
CG32061,820
S-Lap3,3014
Rbfox1,8305
S-Lap4,2074
CG6527,1917
CR46212,680
CG42521,457
CG43127,698
CG34238,754
CG14151,683
CG42536,763
CG42535,674
hay,2628
CG34001,587
E(z),2665
CG8009,863
CG18628,334
CG32066,2555
CG14154,1019
CG14153,1022
CG8003,1555
Adi1,701
simj,5134
CG11811,1575
CG33493,638
ND-13B,597
NijA,1146
CG43245,1164
CR44544,506
CR44545,543
CR44546,212
CR46230,560
CR46231,783
CG12523,1161
CR44347,1938
CG42831,1266
CR45247,602
CR45246,458
CR45169,540
tna,6751
CG6418,2723
Blos4,1050
CG6409,1544
galla-2,629
CG6404,1816
Cpr67Fa1,554
Cpr67Fa2,565
CR45171,1024
Cpr67Fb,457
Aps,3115
CR45248,775
CR45249,642
CG14147,761
CR45745,292
klu,4792
snoRNA:Me18S-G962,81
Fad2,1312
CG32079,1374
CG32081,1566
CR44547,610
CG43693,3292
CR45119,422
CG7888,2465
CG6321,1594
Blos2,645
CG32069,356
CG32075,1955
SuUR,3776
CG45101,3776
CG6310,690
Mocs1,2270
Pfdn2,993
CG7839,3714
JIL-1,6634
Iyd,2638
CG33947,1031
Irbp18,614
APP-BP1,1867
Elo68beta,840
Elo68alpha,937
CG32071,453
CG32073,575
CG12522,498
CG34012,551
CG7638,1891
Sod1,777
FoxK,3823
mRpL2,1039
Ufd1-like,1194
NaPi-III,3715
nol,568
CG32074,440
CG14143,494
IRSp53,5246
CG6216,1073
CR43989,953
Alg10,1529
wls,2574
CG7616,2320
CG14142,2651
GlcAT-P,3916
Plod,2630
CG7607,668
CG14141,755
Ube3a,3674
CG7600,3255
CG42671,6697
CR46050,409
CR45405,282
Ir68a,2443
CR44718,1121
CR44719,319
CR44714,348
CR44713,271
CR44715,694
CR44717,2873
CR44716,419
scyl,3124
CR44720,603
CR45404,450
CG6175,3956
CG7573,1523
CR44361,562
CR46240,654
CG6168,2078
CR44721,495
CR44722,323
CR44723,675
CR45250,343
CR45251,349
CG6163,2020
CR45036,1215
CR42755,1097
CG11726,984
CG44362,324
CR44363,560
CG7560,1107
CG6149,782
CR44548,557
CR44549,633
CG7557,1356
CG12289,1395
CG7551,1136
CG6140,1846
Vha16-3,642
CR46049,641
Vha16-2,595
chrb,5960
CG33500,267
Sgs8,359
Sgs7,321
CG33272,267
Sgs3,1109
CG7512,1958
CG11714,3513
Fuca,3513
Mob2,5663
mir-4968,155
CG7394,1554
CG33267,742
CG33490,1745
CG33489,1751
CG33271,490
CG33270,388
CG43390,208
CG43391,191
CG33269,783
CG32086,1548
rt,3268
CG7377,285
CG33268,360
CR45672,344
CR45442,333
CR45671,263
CR45443,266
CG7368,2916
CG14137,312
Duba,3442
CG42832,252
Muc68Ca,9524
CG6084,1521
CG6083,1308
PCID2,1275
CG18815,1801
mir-3642,76
CG32091,2967
CR45158,599
CG6071,2926
RIOK1,2121
CG7339,1628
CG32085,3030
mir-274,100
CR45881,761
CR45880,621
CR45883,542
CR45882,667
CR45884,362
TfIIEalpha,1622
Sugb,3830
CR45885,1047
Pldn,952
CG14135,1064
CR43887,527
CG11652,1873
Dnai2,1885
CG11658,2731
mtTFB1,1529
Ccdc56,1529
crim,752
CG14132,894
Bmcp,1855
sunn,3003
CG32087,1470
CG6024,5263
Gr68a,1170
Muc68D,4802
mir-314,90
mir-956,148
Tim13,442
Pi3K68D,7799
CG14131,2532
CG5964,3007
CG10907,1610
Klp68D,2998
CG10361,1431
tRNA:Gln-TTG-1-1,72
CG42255,11198
CG14130,1067
CG5946,2706
CG11597,1851
RpL10Ab,960
snoRNA:Psi18S-920,141
CG32095,1526
CycA,2919
CG7264,1700
CG43064,2001
CG12521,421
CG44837,5460
CG5906,849
Sprn,1977
CCDC151,1845
CG5897,1671
CR43624,722
CG11588,1087
SdhAL,2148
byn,2650
Rpt4R,1502
CG5883,1146
mir-285,99
CG7252,1514
CG17826,2329
obst-G,962
CG7248,2611
CG11570,951
CG43294,619
prc,5535
Muc68E,5578
CG42397,651
CG14125,860
CG43896,6844
CG6938,4246
CG6931,1075
viaf,1158
Grip163,4623
Pop2,2623
CG6928,2585
rols,7556
CR43994,353
CG43993,390
CG6793,1770
CG43638,778
Sema5c,4385
CG17154,600
vers,1513
ssp,1412
CG11560,1113
yps,2677
Ir68b,1908
CG34241,427
CR11538,2386
Lsp2,2477
CG11534,1637
CR45892,883
CG5645,2745
Atg12,469
ND-SGDH,888
RhoGAP68F,2378
eIF3l,1834
Nrx-IV,5137
CG32099,1057
CG9760,2039
Rh7,4014
CAH2,1899
CG6910,1609
Est-6,1837
thoc6,2895
Est-P,1740
CR45746,263
CG11529,1240
Adk1,1266
CG5626,1491
app,9018
CR43991,539
CG32100,2169
Pbgs,1894
CG4300,2092
INPP5E,3133
CR46241,342
CR45658,858
CG4328,1968
CR44550,839
CR44551,390
CG44355,977
Lmx1a,2643
CG10418,437
CR45444,348
CrzR,3238
Ncc69,5047
CR45824,1219
CG32104,3768
Obp69a,546
Smyd4-2,2165
CG32103,4461
ArfGAP1,2085
toe,2400
eyg,3148
CG32102,544
CG10616,1886
CG10663,3174
CG33725,684
CG10660,2310
CR45681,903
CG10657,1524
CR45682,1766
CG10638,2446
CR43868,546
CG10681,1027
CG10646,1377
vih,1464
CG10654,1805
sti,6084
CR45168,333
tral,4170
Gcn5,2770
ver,808
eIF2beta,1128
nst,2202
Tsf2,2884
CG34242,375
Pmm2,924
CG4069,1709
sowah,3013
CR43612,1175
ara,2942
caup,4317
CR32111,5214
CR43431,2032
CR44553,1193
CR44552,422
mirr,3892
SmD1,729
Ptp69D,5168
CG32112,2038
CG32109,1052
Klc,2065
CG10984,2518
CG10973,1032
CG32113,11901
Hip1,4569
CG32106,4545
CG10969,2348
CG17666,2908
Atg1,4148
CG42709,2403
Sap130,4324
CR46251,1809
CG32110,1376
Sf3a2,992
CG42588,8603
CG10960,3389
CG10948,2956
Wbp2,2007
Ent3,3363
CG32107,3956
CG10943,1150
CG14120,4206
CR45748,287
CG43894,2105
CG14118,1637
CG12520,1427
CG32117,787
CG32115,1560
CG10752,1774
Or69a,2157
CG10748,1146
CG10749,1177
CG11262,2284
CG11263,1065
CG14117,1053
CG11261,2215
MICAL-like,3357
CG11267,594
mRpL20,602
ste14,1227
CR45445,796
AdenoK,1905
RpS12,613
snoRNA:Me28S-A774b,73
snoRNA:Me28S-A774a,73
Zmynd10,1497
CR45172,478
CG17672,1483
CR45157,425
SRm160,3862
RpS4,1449
snoRNA:Psi28S-3327a,140
snoRNA:Psi28S-3327b,140
snoRNA:Psi28S-3327c,140
Syx13,1700
CG11279,1880
CG14115,660
CG34428,693
CG34429,750
CR43652,1354
CG17300,699
CR45749,1098
CG11251,1389
CR44554,452
trn,3365
CG33262,627
snky,2232
CR45096,416
tRNA:Pro-AGG-1-5,72
tRNA:Pro-AGG-1-6,72
tRNA:Pro-AGG-1-7,72
tRNA:Leu-CAA-2-2,83
CR45097,433
CR43914,1321
CR45098,662
caps,4841
CG32119,1785
tRNA:Asp-GTC-1-10,72
tRNA:CR32123:Psi,53
CR43146,960
CR43913,748
CR45752,571
CR45753,799
CR43912,3947
Sfp70A4,331
CR45253,567
CR45255,296
CR45254,509
CG42481,227
CG43147,260
SP,223
CR43911,402
CR44557,411
CR44555,576
CR44558,686
CG14113,513
CR44559,516
CG17687,4812
Nplp2,610
CG14111,792
SNCF,608
CR45886,513
CG14107,925
ImpL1,1235
CG14110,1085
CG10171,1845
Poc1,1641
sens,2451
CG10222,1332
flr,2343
CG32121,2820
CG33263,849
CG14106,1101
CG14105,666
CG10713,2534
tRNA:Val-AAC-2-3,73
tRNA:Val-AAC-2-4,73
CG10154,1165
CG10725,876
CG10140,969
CG14109,948
cmb,5561
CG10133,1097
CG10738,5121
CG10116,918
CG10089,3708
stv,3670
Abp1,2500
Tgi,2424
Spt20,8181
Vps36,1346
Liprin-beta,2897
CG10710,2637
bru3,12817
CR45825,935
CR45178,262
CR45120,654
mir-289,99
CG43184,325
CG8757,1878
CR46266,1588
CG8750,641
Tsp68C,1564
Hml,11756
CG8745,2429
dysc,10288
CG13737,938
Rgl,5500
CG8833,3002
DCTN1-p150,4550
CG32137,3223
Meics,1940
ssp2,4496
Nxf3,7512
CG13738,355
Hsc70-1,2718
CG17364,5456
CG17362,565
CG9040,749
26-29-p,1872
CG17361,865
CG17359,1352
Nprl3,2442
upSET,12737
Ptip,8068
endos,1665
CG6650,3132
pncr014:3L,2306
CG6661,1976
Hsc70Cb,3751
Neurl4,5722
CG6833,1264
CG13484,652
CR46067,960
Frl,6165
Pex1,3275
btl,3968
CG8100,2708
Fbp1,3465
Sox21a,2335
Sox21b,3228
CR45887,381
D,2935
nan,2850
nuf,5594
saturn,913
CG7768,717
CG7924,1079
CG34244,829
CG7906,1351
CR45399,834
CR44561,687
CR44560,893
fz,3817
CR45025,547
CG13482,540
CG13481,783
CG43120,1270
CG3868,1181
stwl,4334
CR45233,582
CG3919,1406
bbg,10028
CR46032,693
CR46031,1305
CG9592,651
CG4613,1241
CG43246,588
Mpcp2,1823
Gbs-70E,2846
CG34039,699
CR44843,860
Lk,626
CG42758,631
HGTX,3014
shd,3016
CG9628,1179
RecQ5,3739
dlp,3761
CR45888,492
CG43121,503
ome,5044
tRNA:iMet-CAT-1-4,72
tRNA:iMet-CAT-1-5,72
CG4914,1657
CG5048,964
goddard,616
CG13474,555
CG17177,4002
CG13476,694
CG13473,584
CG13471,929
Trl,6254
CG42507,4441
CG33260,902
CG9384,4612
CG17173,1581
mop,5961
bmm,2437
Tdrd3,2644
CG9425,8665
NHP2,781
gnu,923
CG17839,6089
CR44702,792
CR45398,414
CG34245,560
DCX-EMAP,4831
CG13465,602
BobA,627
CR45978,820
Tom,963
Brd,532
Ocho,1193
CR43432,1006
CG3349,2408
CG5114,1500
mnd,2546
Zip71B,2391
mRpL39,1137
Prosbeta2,1034
Reck,4268
Sytbeta,4563
CG32148,456
Rpn12R,940
ind,1126
CG43678,317
CG18581,660
CG12310,544
CG43679,516
CG13461,560
CG43680,354
CG18649,568
EAChm,789
CG13460,677
CR43684,416
Plp,10794
Or71a,1433
sstn,2854
GlyRS,2545
CTPsyn,3026
CR43973,518
CR43972,1641
CG45071,1867
CR43971,840
CG13458,2188
Cep135,3570
CG16959,2292
CG32847,730
CG13457,3284
CG12316,4382
scaRNA:MeU5-U42,111
Pdi,2328
CR45396,670
CG32147,911
CR45397,370
Pex3,1906
FucTA,3338
Msh6,4080
Prp31,1862
CG7011,1343
CG6878,531
CR44562,559
CG6888,743
Tollo,7214
Best4,1662
Best3,1694
CG7255,5047
CR46213,369
CR43247,563
CR43992,389
Toll-6,7624
CG33259,436
CR43625,513
CR45395,388
CR45394,357
CG7804,1782
Ran-like,1007
CG12355,1466
CG13455,1414
CG7276,620
CG7275,1495
CG7272,1191
CG7857,1234
CG7841,1628
Z600,453
gdl-ORF39,965
gdl,1175
Eip71CD,1354
CG13454,524
mex1,1219
CR43159,1175
yellow-k,1034
CG7945,1772
CG33986,871
CG33985,860
CG42729,607
CG42728,577
obst-H,915
CG43248,846
CrebA,4498
AGO2,4144
CG7739,2281
SCCRO,2046
dop,7868
CG16979,2046
mrn,1714
CG12301,2515
AIMP2,1150
CG7656,2154
RhoGAP71E,6458
CG7650,1680
CG13449,1781
comm3,2618
CG7372,4172
CR45977,401
CG43083,430
Eig71Ea,412
Eig71Eb,472
CG43084,450
Eig71Ec,639
Eig71Ed,415
Eig71Ee,1486
Eig71Ef,420
Eig71Eg,413
Eig71Eh,443
Eig71Ei,530
Eig71Ej,403
Eig71Ek,445
CG43082,294
CG7304,1692
CG7579,1681
pgant8,2199
CG34452,1297
CG34451,1481
comm2,1516
CG42571,1023
CG42570,1977
comm,2495
CR45240,1297
CR46197,991
CG6244,509
CG13445,431
fwe,3020
CkIIalpha-i1,1585
DCP2,5971
dbo,3650
CG12713,1351
CG18081,1002
CG15715,969
meru,2203
mir-263b,90
pHCl-1,8354
CR44051,382
CR44050,1155
sff,6785
Pka-C3,3091
GXIVsPLA2,1234
elgi,1611
CG17032,1463
l(3)72Ab,6707
CG10516,1329
brm,5597
CG17026,1004
CG17029,1167
CG17028,1140
CG17027,1558
Arl1,863
DNApol-delta,3440
CR45446,258
Hip14,3910
CG5830,3603
mRpS31,1277
mib1,4095
CR43950,1153
CR45998,2592
CR43949,1098
Notum,3792
mir-4941,103
CG42717,373
CG42716,325
CG42538,270
CG5895,1567
Diap1,3143
CR45889,574
CR43951,995
Mbs,7797
CG33258,964
CG13075,1149
Tasp1,2159
CG5235,2711
ClC-c,3962
CG13074,1533
ATPsynbetaL,2036
IleRS-m,2900
IntS9,2078
CG43295,504
Zn72D,5291
Taf4,5516
Strumpellin,3814
Pgm,1843
SsRbeta,950
Trs20,575
elg1,4200
CG5157,1393
CG5151,7580
CG32152,4277
CG33796,540
CG33795,537
CR45754,447
CR45755,291
CR45437,718
CG33687,792
CG33688,528
CG33689,537
CG33690,513
CG13073,1500
CR43891,449
tRNA:Met-CAT-1-3,73
l(3)72Dn,2323
CG5027,1862
PDCD-5,650
MED10,638
Hsc20,927
l(3)72Dp,2517
l(3)72Dr,1138
CG13055,2796
CG13054,1340
CG13053,620
CG34247,353
CG13071,434
CG13070,568
CG13051,388
CG13069,420
CG4950,2360
CG13068,450
CG34248,534
CG13067,564
CG13066,501
CG13065,677
CG13050,694
CG13064,394
CG13049,736
CG13048,945
CG13047,639
CG13046,781
CG13045,1182
CG4962,774
CG4982,512
CG13044,624
CR45890,988
CG43249,324
CG13043,646
CG13063,544
CG13042,571
CR32160,2138
CG13062,801
Nplp3,538
CR45663,323
CG13041,513
CR45664,492
CG13060,539
CG42718,351
CG13059,572
CG13040,1419
CG13039,706
CG13038,509
CG13058,606
CG33061,1288
CG33060,468
retinin,798
CG13056,402
CG4998,4192
CR45893,1681
CG33257,993
mRpS34,709
Golgin104,2559
tRNA:Met-CAT-1-4,73
Tcs3,1180
Pdh,945
CR45894,419
ringer,1400
Cpr72Ea,1148
Cpr72Eb,809
Cpr72Ec,1447
CG4842,934
CG18814,956
roq,6179
CG4753,1628
CG4729,2401
RAF2,4082
CG44836,3078
Gagr,2295
fax,4167
TMS1,1767
GluRS-m,1700
TyrRS,1771
CG33158,3436
dsx-c73A,3496
aos,2822
CG43373,7558
CG42514,2508
st,2146
CG13033,828
CG4229,949
Mipp1,2078
CG43206,432
mbf1,1788
nxf2,2917
Smn,1086
CR43727,1131
Rpn12,995
UQCR-C2,1686
Syx8,897
CR45895,636
CG32163,946
l(3)73Ah,1404
tra,862
spd-2,3686
CG32165,3888
CR18217,2100
CG32164,3694
CG4098,1154
Prosbeta6,944
Su(P),1412
CG4101,465
CR45865,328
Mo25,2255
Abl,12819
Baldspot,2844
snRNA:U12,238
Galphaf,1825
CR46033,1011
CR45241,387
zetaCOP,1227
CG13032,2187
CG43954,4413
Lasp,4413
CR45179,1089
CR45897,641
CG9692,1393
Dab,9270
CG13026,1431
CG13031,460
PGRP-SB2,688
PGRP-SB1,623
Dbp73D,2209
CG9701,2005
CG42852,165
CR46214,3123
Nrt,4281
CG13025,3145
CG9705,1570
CG9706,2062
eIF3e,1520
CG9674,8414
nudC,1622
CG13024,2013
TSG101,1757
CG9669,367
Zcchc7,5454
CG32161,774
Rh4,1349
sina,3257
sinah,1450
CG13029,1096
CG9951,1826
Lmpt,12091
CG32170,2064
CR45898,349
CG13028,743
CG13023,2216
CG11905,4644
CG13022,623
Cpr73D,3030
Obp73a,905
Nc73EF,5338
Exn,7879
CG3764,6372
mir-2500,68
CG6664,2681
CG7728,3675
CG6652,2244
a10,567
Fit2,2790
CG7730,2123
Ilp8,867
CR45756,554
CR43250,341
beg,1198
scaf6,3831
Papst2,1551
CG14057,554
TpnC73F,1059
rogdi,2379
CG7724,1418
Rbp6,15616
CR43433,616
CG6512,3239
CG7707,1138
CR43870,604
CG6497,1561
CR43874,789
CG13723,571
CR45436,500
mir-219,100
ND-24L,843
CG13724,1653
CG13725,901
Or74a,1215
CR44563,494
CR44564,955
CG6479,1897
tRNA:Pro-CGG-2-2,72
CG13727,909
brv2,2367
Mip,1396
CG7692,5440
tap,2130
CR45688,591
Cad74A,6779
CG13728,2504
CG13731,2980
blot,4601
noe,1077
Sec3,3109
CG7630,417
CG33051,719
CG33052,1391
frc,3871
CG32174,3934
CG32176,1928
CG12229,1960
CG18265,8834
CR44565,324
QIL1,762
CG7589,2249
UQCR-Q,975
CG34250,865
CG13733,1132
qjt,990
CG6333,2133
Oatp74D,4146
edin,421
U4-U6-60K,2058
CG7564,10443
Edc3,4062
snoRNA:Edc3-a,141
CR45165,316
Nedd4,5259
Jon74E,1553
CG7542,1155
CycT,6342
Eip74EF,9332
snoRNA:Me28S-A576,121
Vps60,1100
CG7510,4338
scaRNA:MeU4-A65,147
CR44566,864
CR44567,278
CG7497,1822
Pep,2792
CG43085,1193
Ndfip,2094
Krn,1354
CG7484,657
Crtc,5957
snmRNA:641,143
CG34251,1275
Ccn,2778
CR45976,577
CheB74a,609
CG6052,5104
CG7460,2001
CG6034,1688
Adgf-B,1694
Adgf-A,2588
Adgf-A2,1911
CG32182,1442
CG32181,2276
CR44668,497
CG42815,408
CG42816,4777
NUCB1,2203
CG5589,2112
CG32187,1326
CG32191,2419
Cln3,1649
Ir75a,1982
Ir75b,1818
Ir75c,1872
Grd,4071
CG32188,349
CG32189,430
CG5577,2162
CG5567,1288
CR45175,873
MED19,1853
CG7430,2252
TrpRS-m,2477
CG5535,2296
CG34002,1148
CR43086,1027
CR43087,999
CG7408,3171
CG5506,661
CR42548,237
CG16775,698
CG7402,1894
Tsp74F,1519
Prestin,3553
CG14353,1485
CG5290,2917
CR43174,1921
CR45393,509
Eip75B,13451
CR45921,521
snoRNA:Me28S-A30,101
CR45922,558
CG32192,992
CG42393,1142
CG44006,1240
CG44005,1406
CG44004,1302
CR45391,581
CR45392,523
CR43253,828
CR32194,1679
CG34253,484
CG13698,2418
mRpS26,825
CG5147,1544
mus304,2816
CG32195,4961
CG7341,1455
CG42853,1001
Cyp312a1,3383
CR44669,446
geko,1318
CG7330,1166
CG13699,3755
hid,4018
CR45234,761
CG7320,2023
CR45935,428
CR45937,515
CR45936,540
CheA75a,699
CG5103,2074
CR43306,621
CG13700,1944
grim,1699
CR45975,541
CR45974,749
rpr,901
CR46215,732
skl,1382
CR43280,1087
CR44670,402
CR44671,350
CG32196,826
CG4306,1029
Met75Cb,241
Met75Ca,242
CR44672,382
CR44673,402
AstC-R2,3735
CG32198,470
AstC-R1,2912
CR45435,799
CG7271,1407
term,1469
CR45389,471
CR45390,435
CG4174,3439
CG13380,3428
CG18234,1575
CG18233,1548
CG18231,1548
CG32201,1773
CG32199,1692
not,2989
tRNA:Pro-CGG-2-3,72
bora,2002
MYPT-75D,5204
CG42495,654
Capr,4080
GNBP2,1501
GNBP1,1785
CG34254,318
Sgf11,800
CG32202,616
Chmp1,1096
Cyp12c1,1884
CR43987,601
CG6893,1164
Dic4,1811
CR44674,664
CG12477,1325
CR43985,506
CG6885,1212
MED11,713
Nufip,1640
Atg3,1221
ftz-f1,8581
CR45938,289
CR45939,2803
CG14073,7804
HipHop,1183
Cat,1993
Indy,3073
CR32027,1064
CR45388,4902
CR45387,306
CR45912,7418
mir-315,84
CG6865,1025
CG14074,1149
Dysb,1391
Grx1,696
Rad9,1881
Blos3,564
Ugt,5316
CG3961,3731
NijB,741
CG3902,1585
snoRNA:Psi28S-2566,268
RpL26,1179
arx,892
CG6843,1281
CSN1b,1802
CG6841,3382
CG14077,3130
Ir75d,2312
CG6839,1325
CG18223,992
CG3819,1422
CG32204,2989
CG43049,743
CG6836,1309
CR45689,223
CG14075,674
CG11619,2419
CG34256,762
CG18135,4072
CG3808,2522
SmydA-2,1856
nkd,5062
CR45940,584
Acp76A,1201
CR44675,489
CG43407,488
CG3797,3154
Sfxn2,2062
Mkp3,4736
CR45386,393
MESR6,1791
CNPYb,1328
CG10424,1233
CG14079,1008
Gem2,1190
CG14082,3861
Spn75F,1149
fz2,7422
CR45941,729
CR43893,1042
CG33647,573
CR43892,223
CR46216,850
mRpL21,1696
rept,1772
nes,2377
CR45210,856
Bet1,987
Max,1289
CG42374,1635
CG9666,1635
CG45081,657
CG9629,2053
CG14085,2948
CG14088,871
CG14086,1536
CG14089,681
Gbs-76A,5392
fal,2722
CR46048,472
pip,11219
CG32206,7272
ms(3)76Ba,2332
CR43966,312
hpRNA:CR32205,3351
CR33255,330
CR42838,225
CR45732,1197
CG33062,1006
Chd3,3066
CR45434,913
CG14095,641
CG14096,458
CG32214,756
825-Oak,514
CG12519,600
CR46047,912
CG18294,507
CG32213,526
hpRNA:CR32207,1133
CR42842,330
brv1,2673
hpRNA:CR33940,1013
CG32212,730
CG9449,2750
CG9451,1592
CG9452,1652
CR45731,310
Cpr76Ba,781
Cpr76Bb,771
Cpr76Bc,1838
Cpr76Bd,4525
CG9279,5504
CG43885,447
Ltn1,5404
Rcd7,1906
CG9300,2156
CR44677,1286
CR44676,371
CR45916,3898
mir-9a,78
Shal,4606
CG9231,847
CG9330,2384
CG14100,1393
ash1,7615
Taf6,2056
CG9368,2423
lush,979
CG9372,1693
Lon,3761
PIG-F,1035
l(3)76BDm,4347
asf1,1505
ms(3)76Cc,3746
wnd,5251
CG8786,4488
Oat,1501
tey,3431
CR44678,1201
CG8765,3082
Gbeta76C,1466
verm,2368
serp,2541
Trpml,3070
CG42637,6521
CG42529,1409
CG42638,3070
Gyc76C,6547
ms(3)76Ca,1409
SREBP,4056
mir-33,99
CG14102,2055
Ir76a,2109
TORIP,1221
CG15881,1642
CG34116,796
CG14104,389
Kap-alpha1,2322
Cyp305a1,1801
cyc,1625
Fibp,1544
Deaf1,3698
trc,2816
CG32221,1606
kto,7776
Papss,3029
CR45433,412
Rab8,2314
Usp32,6311
Mi-2,6600
Su(Tpl),6626
CR32218,1176
CR43889,785
Prp3,2151
Mtr3,1253
Rpn1,3041
Su(z)12,4098
Pfdn6,847
Grasp65,1797
CG8004,1242
RhoGDI,1540
CR45678,482
Ac76E,5320
CG32219,997
CG34258,623
CG33710,715
CG42655,519
CG42654,503
CG42263,1089
CG14182,1032
CG17732,2373
hale,1384
schuy,1917
Csas,758
fln,1300
CR45161,1034
Nca,899
CG7646,1696
Gabat,2330
Tom20,1008
CG7668,1736
kug,14507
CG14183,2712
CG14184,759
sNPF-R,4746
CG14186,3522
CR44679,1042
CG14185,1397
Ir76b,2308
CG14187,492
CG7365,1889
gig,5795
obst-J,1235
CG7335,1237
CG7328,1398
CG42674,10693
CR45942,497
Ssk,898
CG42833,395
obst-F,1069
CG7298,1323
CG7290,1667
CG6996,1828
CR32224,936
CG7017,1560
CG6933,1415
CG17145,1323
CG17147,1136
Su(var)3-3,3681
CG13813,1527
CG17233,5995
Clc,1406
CG6951,1184
rdgC,5299
CR43876,546
CG32228,2987
gogo,5099
CG17122,1947
CR43890,296
FRG1,903
Pex23,4504
SCCRO4,2121
CR43872,2827
CG32225,1293
polo,2980
alphaSnap,2070
CR43875,798
Spn77Ba,2161
Spn77Bb,1161
CR6434,659
Spn77Bc,1440
CR45385,599
Rbbp5,1853
eRF1,3112
CG5618,2269
kin17,1453
CG5665,1188
DNApol-alpha60,1753
Toll-9,3490
in,3062
CG13247,1305
Ide,3439
RhoBTB,3355
CG5498,1523
fbl,3513
CR43944,1535
CG33969,1665
CR45677,458
trbl,2372
CR45973,3289
CG13248,2856
zye,7031
CG5282,1543
CG5274,1390
CG5262,2033
Las,1373
Psn,2048
mRpL15,1029
CG5872,1866
CG11796,1518
CR45176,322
CR43943,610
CG5910,1199
CG5199,1643
Uhg8,496
snoRNA:Or-CD11,89
snoRNA:Me18S-U1356a,79
snoRNA:Me18S-U1356b,79
snoRNA:Me18S-U1356c,79
atk,5188
mag,1477
CG42764,988
CG5955,1314
CG32428,2299
CG5969,947
isoQC,2153
ZnT77C,2536
ND-39,1616
CG32425,4295
CG18281,1665
CG17637,1515
CG5078,1344
CG5059,2332
mTerf3,1124
CG5104,787
CG4825,2049
CG4858,950
Rcd2,2245
CG13250,579
lncRNA:TS3,593
CR46326,324
knrl,3909
CR44684,641
CR44683,1537
CR44680,1024
CR44681,465
CR44682,480
CG13251,3413
CR44685,1012
kni,2215
cmpy,2753
CG34260,543
CR43945,383
CG13252,2532
Gr77a,1396
CG33912,498
CG43251,250
CG4074,1157
CG4186,444
CG4042,1025
Pitslre,4544
Pex16,1439
Pex14,1249
CG11399,4254
CG11396,1601
Six4,1849
CR43705,578
CR43706,533
CG3698,1135
tzn,1283
Spc105R,6195
CG3634,2340
HIPP1,3369
CG3618,2625
Pka-R1,5167
Mst77F,1065
CR45384,1024
CG3288,908
CG13255,1352
CR45943,388
CSN3,1679
CG11456,1806
CG32432,4487
CR44686,997
Sfp77F,1093
CG43931,945
CR45383,671
CG11458,537
CR45733,280
CR43930,486
CR45734,272
CR43929,479
fng,1959
CG10589,1365
CR45243,425
Sems,883
CG10588,3727
CG11037,913
CG10587,957
CG12983,3696
CG33287,3434
CG33286,3294
CR33283,738
CG12984,909
skd,12307
CR45944,495
scaRNA:PsiU6-40,142
CG10585,1990
CR45801,743
CG10584,1081
Sin,1673
CG10581,587
siz,6940
CG43072,387
ko,4710
CG33285,767
CR45945,389
CG43938,1486
CG33284,1132
ICA69,1735
CG10565,2538
Ac78C,6850
chb,6205
AsnS,1856
CG42337,3910
CR45951,1380
park,1687
CG34261,796
CG33054,773
CG33056,1914
CG10512,2394
CG10510,1732
CG10508,3270
CG12975,627
Ilk,2220
CG43219,665
Eip78C,5878
CG43218,682
CG9391,1231
CG9389,2043
CR45162,477
AcCoAS,3605
ppl,900
CG12974,2452
pzg,4093
Cpr78Ca,876
Cpr78Cb,2124
Edg78E,967
CG43702,350
Cpr78Cc,522
CR45432,683
CG11309,2205
CR45952,1573
CG7632,1442
Pc,2462
CR45674,428
Rab26,4353
CR46068,400
Tsr1,2844
CG7324,4645
CG32436,5407
ebd2,1853
CG12971,969
CG32437,2185
CG32440,633
rgn,4346
CR45953,625
sa,956
CR45954,341
barc,2287
CG33288,3690
Aef1,4007
CG5664,2630
Alp1,1806
Syx7,1610
croc,2347
Neu2,1368
CG7202,986
CG7519,710
Hr78,2420
CR43933,1287
Glg1,4402
Est-Q,1827
M6,2613
SAK,3371
Cdk12,5121
CG7611,4464
Arv1,942
CR43877,514
Mkrn1,2884
ppk5,1495
Rpn10,1422
COX8,513
VhaM9.7-b,1216
CG33290,654
Wnk,8262
CG7173,2439
CapaR,1827
CG7634,1892
CRIF,840
SMC5,3368
mir-193,108
CG32441,1032
CR43939,751
hpRNA:CR46340,202
TfAP-2,2564
CR43940,864
S1P,3136
CG11307,1543
CG7166,3466
CG11306,1994
MED1,5774
ORMDL,674
CR45955,672
CG32444,1280
CG32445,1352
Atox1,903
CR45956,1549
CG43980,5927
Cpr78E,463
CR43977,634
CR45920,2009
mir-316,89
CG11249,2110
Als2,5063
CR43979,1712
CG11248,2998
Sfp78E,829
CR43978,952
CG32447,5180
CG11247,2861
Rpb8,692
CG14570,780
CG14569,826
CG14568,682
CG14573,690
CR43888,336
CG14567,725
CG14566,710
CG14572,908
CG14565,1022
Syn1,3741
CG14564,890
CR45957,687
CG7370,1410
CR45958,461
eg,2033
CG43895,604
CycH,1065
CG7407,1049
CG7414,2827
CG32448,516
CR43309,918
CG7148,1594
Nopp140,3232
P5CDh1,3026
CG14563,499
mub,12718
tRNA:Cys-GCA-4-1,72
CR43878,636
CR45959,690
SLC22A,2085
DNApol-eta,3067
CG14562,5378
CR7448,1446
CR45803,1448
CG7458,2166
CR34262,1130
CR45757,326
CS-2,4509
CG7470,4686
Act79B,1619
CG7140,2096
CG43392,318
CR44687,673
Oct-TyrR,3682
CG14561,1310
CG7139,3641
CR43995,252
CG7133,1456
CG7130,701
RpLP0,1328
Sfp79B,233
msopa,648
CR45236,533
olf413,8353
CR45971,1177
CR45972,459
CR45035,302
Rich,4866
Ddx1,2470
CG11523,874
Csp,3081
Srpk79D,6233
CR45960,1580
Hem,3777
IleRS,3899
Ten-m,13109
CG32450,821
CR45963,854
CR45962,2587
CR45964,800
CR45965,1411
CR45237,346
CR45966,441
CG11449,1617
laza,2316
CG11438,2458
CG11437,992
CG11426,1882
CR45382,480
CG11425,998
CR45430,773
CR45431,530
CG43312,818
CG43331,853
CG43330,555
CG43329,732
CR45429,802
mir-957,96
CG11404,806
Trxr-2,1794
CG14459,6028
ND-B14.5AL,758
CR45967,622
CR45381,590
CG33766,537
CG33767,567
CG33768,504
CG33769,540
CG33770,558
CG33771,537
CG33772,558
CR43270,3560
mir-958,92
CG14457,1557
CG14455,663
CG14456,943
CG14454,855
CG12546,489
CG14453,566
CG14452,483
CG32453,741
CG45116,438
CR46227,864
CG11370,1323
ArfGAP3,2692
CG32452,2216
mael,2152
CG14451,862
CG14450,1506
CG11367,1796
CG32454,1835
CG11241,3450
l(3)04053,2469
CR45163,438
CG7369,3790
SPoCk,7863
CR45961,533
CG14448,809
jim,14271
CG45428,516
CG11226,1103
CR45659,1010
tRNA:Leu-CAG-1-8,83
tRNA:Glu-CTC-4-1,72
CR43426,2340
CG32462,1243
CG32459,1376
CG13239,704
CG33169,633
CG33170,1168
CG11137,957
Arf79F,2442
snoRNA:Me28S-G764,78
CR45969,295
CG11109,1503
CR45968,1344
Chro,4263
Ssl1,1713
CR45970,1141
slif,3140
CR44688,493
CR44689,390
CG11131,1379
BoYb,3559
CR45661,370
CG12768,2633
mir-9388,92
Mes2,2492
CG32461,882
CR45758,739
CG32457,621
nrm,9946
RpL10,1235
CkIIalpha,2256
CG33217,2227
CR41454,1058
Vps11,2844
CR45164,957
CG34031,740
CR43967,245
CR45735,790
nAChRalpha4,6050
alpha-Cat,3487
mir-4942,110
ND-MLRQ,538
AGO3,3182
CR45174,1043
CG17454,1307
CG40298,1161
CR45736,564
CG17698,2560
CG43968,3103
CG40470,2990
CR43941,1352
CR43942,904
CR40053,1361
CG40045,1009
Snap25,2282
CR45159,512
nvd,1722
CR12460,762
mRpS5,1682
CR42722,849
CR42723,810
CR41597,1091
scro,2105
CG40472,460
ND-AGGG,745
Set1,5555
MED21,967
UQCR-11,1613
CR40354,1400
CG45782,1967
CR40450,1692
CR45180,966
FASN3,7395
CG40178,3076
CR45182,583
CR41320,724
CG40160,5187
CG41284,1023
CG42598,1158
CG40228,1686
CR45177,440
CR46252,490
CR45181,568
vtd,2527
CR43170,532
RpL15,1018
snoRNA:Me18S-C419,70
Dbp80,2367
CR46250,956
eIF4B,1922
CR14578,927
CG17514,8403
CG45781,2461
CG46302,707
CG40498,3416
CR41257,461
rl,7591
CR42653,1396
CR40190,1791
CG40191,3281
Yeti,1576
CR44042,1001
l(2)41Ab,2971
CR44043,2481
Maf1,4606
CG17691,1394
CR40068,414
CG41520,3074
CR41379,479
CG17684,3398
CR40100,394
MFS17,3406
mir-2279,113
CG41378,859
Scp1,1226
dpr21,993
CR41243,1307
CG41242,483
CR45227,1272
CR41501,1512
CR40461,391
RYa,420
uex,4520
CR45139,1868
Haspin,1815
CG17683,2454
RNASEK,1160
IntS3,3382
Gprk1,2519
CR44100,332
RpL38,1013
Stlk,1878
p120ctn,2685
CG17486,1804
CR45923,1364
CG17883,1680
Nipped-B,6711
CR40282,803
CR45471,864
CR41440,531
conu,2596
CR43281,1265
CR46064,2473
CG12547,2877
CG17528,4686
CG14464,1289
CG44102,934
Ir41a,2345
CR44105,801
TpnC41C,1880
CR43360,548
CG3107,4128
gus,2252
CR43256,586
Atf6,4085
Nipped-A,11519
CR41443,1351
d4,2409
sxc,3678
CG10465,1241
CG10395,1438
CG30441,406
COX4L,730
CG10417,2538
CR42646,2652
laccase2,6490
CG30440,3443
CG30438,3316
TpnC4,849
Fis1,928
CG17508,1733
CG11665,3393
CG1344,3051
Not3,3919
CR45472,707
CG8245,1316
kune,1060
scaf,3462
CG17337,1661
vlc,2818
ap,4320
l(2)09851,1811
CG34200,321
CG7791,2226
Gp210,7801
scaRNA:PsiU2-35.45,140
ZnT41F,2461
Or42a,1280
Tsp42A,1201
Or42b,1200
dpr12,4704
CG44438,1075
CR44125,1602
CG43366,7712
CR44126,849
CR46269,1712
CG7882,2266
CG7881,2807
CR44127,350
BubR1,4626
mle,4641
Src42A,7358
Act42A,1626
Pngl,2670
Strica,2720
SCAP,5110
CG14591,1893
Tbce,2198
CR44130,569
CG34211,198
CG34212,358
CCHa2-R,2935
CG7856,2202
CR44131,1001
l(2)k09848,1778
CG7849,1075
SmydA-5,1877
Ars2,3847
EcR,9934
CG14589,882
tRNA:Arg-ACG-1-1,73
tRNA:Lys-CTT-1-1,73
tRNA:Asn-GTT-1-1,74
tRNA:Asn-GTT-1-2,74
tRNA:Asn-GTT-1-3,74
CR43904,943
tRNA:Arg-ACG-1-2,73
tRNA:Asn-GTT-1-4,74
tRNA:Asn-GTT-1-5,74
tRNA:Asn-GTT-1-6,74
tRNA:Lys-CTT-1-2,73
tRNA:Lys-CTT-1-3,73
tRNA:Lys-CTT-1-4,73
tRNA:Ile-AAT-1-1,74
tRNA:Arg-ACG-1-3,73
tRNA:Lys-CTT-1-5,73
tRNA:Arg-ACG-1-4,73
Cyp6w1,2392
tRNA:Arg-ACG-1-5,73
CG8343,631
CG11211,593
Ptr,5956
tRNA:Asn-GTT-1-7,74
tRNA:Asn-GTT-1-8,74
CG30432,880
eIF3f2,1048
CG30431,1849
CG17994,1762
l(2)k14710,3079
bin3,5942
CR44161,709
tomboy40,1251
Pld,5400
CR46075,664
jing,9322
CR45127,1177
CR43905,1001
CG15233,822
CG33919,576
Vha16-1,3077
Trap1,2478
Bap170,5316
Fmo-2,1663
Debcl,1724
Opbp,1829
geminin,1061
sced,3299
Dpit47,1417
Adf1,1800
CR45128,708
CG15908,537
CG9410,996
Hsepi,3054
PGAP3,1332
CG17266,908
CG9422,1973
Tdc1,2281
CR44164,599
CR44165,1229
CG15909,1465
Tdc2,2303
CG3270,1449
Mob4,1426
Rab2,1712
CG45092,6143
CG3409,6143
mir-4975,111
CR43611,442
Zip42C.1,1290
Zip42C.2,1278
l(2)01289,9515
phtf,3336
CG3267,2141
Eb1,2715
CG3420,715
CG9436,1303
Epac,8047
Cyp6a2,1674
SdhB,1219
CG15237,598
ubl,396
koi,5329
CR44442,1305
CG15236,4817
CG34215,444
mir-4976,103
CG9445,982
CR44166,550
coro,3345
CG9447,2198
CR44169,925
Spn42Da,2665
Spn42Db,1486
Spn42Dc,1704
Spn42Dd,1195
Spn42De,1419
CG30158,3657
CG3358,1250
mim,8677
CheB42b,674
CheB42c,1649
tRNA:Lys-CTT-1-6,73
tRNA:Lys-CTT-1-7,73
tRNA:Lys-CTT-1-8,73
tRNA:Lys-CTT-1-9,73
CheB42a,693
ppk25,1362
Cyp6u1,2027
CG30157,1034
vimar,3470
CR44170,700
CR44171,801
CG30156,1726
CG17002,1722
Tsp42Ea,2022
CG30159,1566
Tsp42Eb,865
CR42785,450
CG30160,844
Tsp42Ec,1025
Tsp42Ed,1248
Tsp42Ee,1463
CG43646,444
CG43647,441
CR44172,701
Tsp42Ef,1347
Tsp42Eg,1188
Tsp42Eh,1010
Tsp42Ei,1304
CG33914,2115
CR12842,626
Tsp42Ej,1116
Tsp42Ek,1203
Tsp42El,1062
lbm,1098
Tsp42En,1326
Tsp42Ep,2892
Tsp42Eo,889
pgant3,2884
Tsp42Eq,1077
Tsp42Er,848
CG12836,704
tRNA:Thr-AGT-2-1,74
CG12831,3601
tRNA:Thr-AGT-1-2,74
esn,5992
Cyp9b1,1752
Cyp9b2,1667
CR44443,601
Spn43Aa,1294
CG12828,448
CR44200,300
pk,6748
Spn43Ab,1329
Spn43Ad,1432
nec,1633
CG11060,2312
CG33140,2341
CG30385,1695
CG30384,2302
Or43a,1531
Ady43A,2203
Gadd45,1495
CR45280,2095
CG1850,2403
Br140,5509
Incenp,2838
pwn,5810
CG12164,1554
Dscam1,26496
CR45129,1224
CR44071,351
cos,4763
Dhx15,2747
Gr43a,1527
Glo1,720
CR44201,1199
Eaf,4548
CG11112,676
CG11113,453
CG43123,989
CG43267,358
mir-4977,105
CG1701,952
so,2786
CR44202,432
CG11145,574
CR44203,500
CR44204,801
CG11123,2122
sPLA2,904
CG30503,1842
kappaB-Ras,1905
fa2h,1399
CG11125,2177
CR45320,696
Inos,1986
CG11141,3499
CG11127,1484
p47,1432
Aldh-III,3593
wech,7991
Coop,1690
CR43723,1134
CG1620,2597
dpa,3071
didum,6502
mEFTu2,1711
az2,2006
CG1603,2368
CG1602,1901
PIG-G,2909
Orc1,3152
Drat,2594
CR44209,236
Cyt-b5,917
CG2137,2379
CG1598,1259
Corin,8926
CG30499,1060
boca,704
Vps13,10480
CR45130,1210
blow,2848
CG1360,1757
scra,4447
CG1358,4058
CR44444,809
CG43340,13854
CR45131,3670
CG43341,1040
CG17985,1479
Rpt1,1515
CG30491,1414
CG30495,1939
CG1339,1415
CG2070,1381
CG2065,1233
CG2064,1210
DCTN4-p62,1782
CG12826,717
mRpL52,558
CG12107,782
U2A,1001
LRR,7222
CG30493,1577
CG30496,2379
CG34216,1590
tor,3131
CG1941,1682
mir-4909,60
CG1942,1305
CG1946,1189
CG18812,5449
CG45093,8656
CG30497,8656
cn,1790
CR45108,2167
CanB2,2061
mir-4980,122
CG12825,585
CG12824,692
Gapdh1,1480
mus205,6750
Nop17l,3991
sax,2865
CG1550,1961
CG1882,2898
cathD,1784
CG30383,966
phr,1969
Prosalpha1,969
CG18853,1157
CG30382,952
CG12822,1522
Atg10,1516
Dgk,6968
CG30377,4078
CG12159,1045
Cul1,4141
Or43b,1412
Kdm4A,2022
MFS12,2420
PIG-X,1195
rnh1,1108
drosha,4290
CG8728,1935
CG30380,459
CG30379,888
CG14764,3155
CG34430,795
CG34431,2551
azot,627
CG30378,1154
CG2906,1591
CG2915,1750
Sep5,1789
nito,4475
CG14763,1001
CG8726,3470
CSN4,1703
ACC,9067
Nup44A,1379
CR44272,372
Dic3,1001
Hey,1687
CG11191,1459
Odc1,1253
Odc2,1268
CG14762,3801
mir-4981,95
CR45267,7420
CR43724,953
Optix,2801
CG12769,5960
CG17977,966
lig,6258
Vps28,1173
slv,1464
sut1,2412
sut2,1608
sut3,1592
sand,1978
CG8712,1693
CG11210,2863
Cul4,3409
udd,1352
Asap,5112
Nup50,1907
coil,2091
Socs44A,1840
Pbp49,1970
CG42516,1970
Pabp2,2138
Obp44a,1076
Lpin,5511
kermit,2633
CR44068,1003
CR30374,600
tRNA:Ile-AAT-1-2,74
CG8708,1862
RagC-D,1558
Rs1,2731
CG30373,720
snoRNA:MeU6-C68,99
Gasz,1908
Mlh1,2075
CG14757,739
LRP1,15786
CG14756,819
CG34217,738
dpn,2036
CR44275,1501
pnut,3027
CR44276,422
CR44445,1105
CR44446,501
CG44439,500
CG14760,1818
CG30369,499
CG14759,643
CG2291,857
CG12126,605
CG30376,941
CG30375,1399
CG30371,1258
CR44280,651
mir-280,95
CR44447,601
CR44448,751
lncRNA:TS18,714
CR44450,301
pdm3,5381
CG11635,935
hubl,2691
spaw,2691
whip,860
cola,2074
swif,2074
boly,1139
CG18449,765
CG2127,1695
CG8701,1070
CG2121,2107
CG43296,445
CSN7,1186
Lcp1,1065
Lcp1Psi,456
Lcp2,927
Lcp3,730
Lcp4,792
Cyp4ad1,1903
Cyp4e2,1897
mir-986,100
Cyp4e1,1772
Mal-A1,1826
Mal-A2,2036
Mal-A3,1795
Mal-A4,1786
Mal-A5,2102
Mal-A6,2291
Mal-A7,2717
Mal-A8,1814
mtt,7539
CR44279,747
CG12780,432
CR45308,510
Cyp6a14,2959
Cyp6a15Psi,1056
Cyp6a13,1649
CG42326,5611
CG14752,540
CG43183,608
CG8736,764
CG8735,2004
rgr,4244
CG8642,1803
Cirl,8942
Vps25,678
beta3GalTII,1431
CG14749,2287
CG8635,1572
ptc,5521
CR44281,603
Acsl,4902
UQCR-11L,443
CG30355,751
tRNA:Leu-CAG-1-1,83
Jon44E,1397
CG8586,2651
CG8738,1629
CG8584,1103
CG12376,2059
CG14744,2675
PGRP-SC1a,588
CG14743,1836
PGRP-SC1b,1649
PGRP-SC2,746
CG14767,2177
CG30357,1525
gcl,2509
snoRNA:gcl-a,161
CG30356,538
stmA,3293
CG8740,5075
CG42615,421
CR44277,332
CR44278,436
CG8746,1141
sns,8694
CG30350,1365
RyR,16405
CG8272,2804
DCTN2-p50,1358
Sec31,4148
CR45202,388
ana2,1432
CG13751,377
MrgBP,758
Ggamma1,2773
CCT8,1904
CG30349,2014
CG8252,918
Pgi,2460
lin,3654
CG34219,1111
CG8248,1372
Spt,2119
CG8243,2410
CG8237,1220
AIMP1,1036
PAN2,4051
CG13749,897
FANCI,4523
CG13748,722
CR44273,901
CR44274,801
CG8230,2781
CG33199,1523
CG8229,2288
Tom7,539
babo,5113
spab,1203
CG8213,6637
Np,4195
CG8172,3146
CG13744,1824
CG13747,979
CG8170,3903
Ance-4,2008
PPO2,2280
CG13743,3543
CG8197,1390
ana,2611
CR45924,794
CNT2,2115
CNT1,2819
CG13742,2527
Dbp45A,1670
CG8080,1864
CG13741,1933
Uhg4,491
snoRNA:Psi28S-2949,155
snoRNA:Or-aca5,148
snoRNA:Me28S-G3255a,85
snoRNA:Me28S-A982a,77
snoRNA:Me28S-A982b,77
snoRNA:Me28S-G3255b,82
CG8078,1487
snoRNA:Or-CD2,140
CG8777,3791
Vang,3492
Pmm45A,2443
tsu,691
Mys45A,2385
Phax,1591
Su(var)2-10,5039
GstE13,1061
CG18659,4122
Hydr1,2742
alc,1544
CG8788,1905
CG44286,2471
shrb,1267
Prp38,1196
CG30344,2147
CG30345,2217
CG8008,2748
CR44283,515
CG8046,2325
Rad51D,1918
CG42382,885
Rme-8,7771
Rab32,4081
CR44284,1101
CG8026,3003
CG45085,2926
unpg,1690
CG8027,2597
VhaAC45,2013
CR45309,620
CR44451,1051
hig,4332
Cyp4p2,1777
Cyp4p1,1680
Cyp4p3,1667
CG30343,1235
Pkn,8540
CG34141,2934
CR45132,522
CG2063,1195
CG1968,2087
Mad1,2439
Drep2,6902
Myd88,3613
CG13739,8117
CG13954,7700
CR45918,2909
mir-987,94
Or45a,3461
CG12158,279
l(2)03659,4499
CG8800,759
Non1,2276
l(2)k10201,820
CG33774,310
wun,2181
wun2,2211
CG13955,1493
prel,1550
Pdk,3164
ced-6,3022
CR45321,351
Camta,10086
CG33758,537
CG33757,537
Wnt2,2240
brp,13350
CG1888,5704
CR43651,1097
mir-14,63
CR45281,5936
Or45b,1191
CG1809,1686
Not1,10916
CG1814,2060
CR46257,367
Smyd4-1,2439
Updo,1299
CG12929,551
RpL31,613
clos,5621
CG1827,1341
Map60,1814
CG30338,1039
CG1902,1897
CG30340,1232
CG30339,1023
CR44285,232
GstT1,997
GstT2,887
CG12926,1347
CR44069,1351
Mmp2,5065
mir-307b,120
mir-307a,88
CR44070,618
tRNA:iMet-CAT-2-1,72
Uba1,4343
CG30002,1572
CG1773,1123
CG10459,1187
CR44292,1487
dap,2530
sqa,6458
CheA46a,534
trpl,3893
CG1690,1708
CR44205,1167
CG1688,4116
CR44207,1204
CR44208,2695
CG1698,4106
CG1648,1443
lectin-46Cb,1039
lectin-46Ca,1105
CG34033,566
CG30001,1327
dila,3632
hebe,2119
CG1663,1439
Lsm11,1067
CG1665,1189
Vamp7,1148
CG1667,1576
Orc6,972
Prosalpha7,976
CG1671,2523
PCB,4739
CR44293,401
CG30010,960
CG46338,1231
Ntmt,1420
CR45138,736
CG18446,2115
CG12744,1298
Sec24AB,4951
CR45467,1210
CG1513,4178
CG12923,1838
CG30008,965
tea,5951
CG1441,1866
FMRFa,1427
Etf-QO,2300
Mef2,9188
CG15863,562
Pal1,2992
CG1418,1128
CG12133,1094
eIF3j,1363
CG12134,1581
CR43948,2589
eve,1406
CR45324,1161
TER94,3457
Pka-R2,4855
mir-4967,107
CR44294,403
CG12128,3766
CG1407,3013
CG12129,1239
oys,4866
CG34220,2387
CR44295,1103
COX7C,853
CG44296,410
sel,1012
magu,3217
CR44297,353
CR44298,299
Def,399
PIG-N,3072
mRpL42,593
Cdc2rk,1251
CG12920,1307
CG1371,3870
egr,2166
scaRNA:MeU1b-A234,137
CG2269,4037
sut4,1686
Jra,1642
RpLP0-like,948
14-3-3zeta,3637
Pfk,4377
dmpd,2513
Ccs,977
gem,6251
CG46319,6172
CG12917,1490
CR43467,2813
Or46a,2450
CG18011,3329
KCNQ,3875
CR45133,1256
mlt,3016
CG34221,1165
Hr3,10465
CG12912,6466
CG46321,6071
CR46322,666
CR45265,402
Hdc,3826
CG12209,1268
CG12914,1276
CG12913,2523
Syb,1237
CG12911,1639
CR30009,2450
CG12910,2662
CAP,18042
JhI-1,2707
CG12909,1031
Obp46a,597
Ndg,4816
CG34222,584
SLO2,10039
CG43200,487
CG43172,536
CG46305,536
CG43171,619
CG43201,607
CG43178,619
CG46298,1022
CG43397,1047
CG12902,1047
CG42733,630
CG43396,575
Gr47a,1206
Ir47b,1303
Ir47a,2982
CG12898,471
CR43177,219
CG33477,597
CG33476,498
CG33475,444
Prx2540-2,856
CG11825,1291
CG33474,1284
Prx2540-1,848
CG12896,848
RanBPM,4457
CG12895,667
Galphao,6415
Cyp49a1,2833
Caf1-105,2481
CG11777,701
whd,3175
CR45134,673
trsn,864
CG17765,989
pre-lola-G,3359
lola,25208
snoRNA:lola-a,166
snoRNA:lola-b,161
snoRNA:lola-c,171
snoRNA:lola-d,136
CR45135,334
acal,2336
psq,7602
CG11883,3970
Git,2503
Elp2,2538
CG12934,943
CR44452,721
CR46229,882
stan,13535
Rab3,3757
CG12309,2003
CG12338,1357
CG7220,2663
Mat1,1213
CG33144,5611
CR43605,812
CR44299,1523
CR44300,313
CR44301,299
mthl13,1323
wde,4856
CG12935,1200
CG7637,316
mms4,1138
CG12341,1100
CG7222,1583
dgo,3539
Prosbeta5,1139
Lsm10,543
RpS15Ab,724
CG12343,973
CG12325,3410
CG12344,2905
LTV1,2099
CG30015,7491
CR45136,888
CR44302,497
CG30016,446
nclb,1549
Taf5,2362
Pex6,2953
CG18003,1322
CG18004,1242
mir-1008,57
CG30020,4730
cag,1324
CG12942,2481
ND-B14,612
Rpb5,1030
polyph,1550
Obp47a,498
Spn47C,3169
CR45228,787
luna,8785
CG43188,795
CG43189,601
Cyp12d1-p,4482
Cyp12d1-d,1812
BBS4,1520
CG13229,2611
CG13231,707
CG12391,2378
CG13230,318
shn,10997
CG9084,1433
Syx6,2261
CG7737,2556
metro,2782
CG13218,523
CG13228,471
CG13227,504
CG34223,285
CG13217,484
CG34224,473
CG13216,888
CG13215,621
Listericin,450
CG13226,953
CG34225,590
CR30029,550
CG34227,485
CG43112,340
Or47a,1359
Cpr47Ea,829
Cpr47Eb,817
CG13223,1769
Cpr47Ec,744
Cpr47Ed,634
Cpr47Ee,1386
Cpr47Ef,2198
TpnC47D,791
Cpr47Eg,421
CG9067,548
Vhl,1309
CG9062,3035
CG13220,816
Fbl6,3700
CG18335,1346
dare,1681
CG30033,1002
CG18336,750
CG42336,1514
CG7741,3158
Obp47b,611
Fpps,1465
CG7745,1893
nompA,5235
CG43114,278
Or47b,1239
sha,6115
lambdaTry,952
kappaTry,937
zetaTry,947
etaTry,911
thetaTry,1047
alphaTry,860
epsilonTry,830
betaTry,1071
gammaTry,810
CG30031,811
CG30025,810
deltaTry,810
CG13202,426
iotaTry,818
tRNA:SeC-TCA-1-1,87
CG12384,612
ix,727
san,808
Gr47b,1381
CG13204,2189
Tapdelta,977
CG13203,2411
Tsp47F,1208
Sod3,2018
sprt,2795
CG30022,1356
tRNA:Thr-TGT-2-1,72
tRNA:Thr-TGT-2-2,72
tRNA:Thr-TGT-2-3,72
tRNA:Thr-TGT-2-4,72
Smyd4-3,2174
CG30026,821
CG34054,545
Drip,2499
CG7763,892
CR43771,649
Prip,1609
qvr,5103
E(Pc),10946
inv,5919
en,2792
tou,12968
snoRNA:Psi28S-1936,149
snoRNA:Psi28S-1180,145
CR43907,500
Egm,2033
CG9005,6778
CG9003,4682
CG34228,415
tRNA:Arg-TCT-1-1,73
tRNA:Met-CAT-1-1,73
Roc2,758
CG13198,543
tRNA:Met-CAT-1-2,73
Tret1-1,3375
Tret1-2,1695
Buffy,1038
CG13196,2033
wal,1579
CG13197,3613
Ir48a,1226
Ir48b,1803
CR45377,1154
pyr,3212
ths,8067
CG13193,570
CG42493,590
Ir48c,1686
CG13192,1343
Sobp,3104
CG34229,474
S2P,2020
CG43190,664
CR44304,576
Sln,3918
Mtor,7780
CG34230,546
Twdlbeta,716
Damm,2028
CG42531,600
CR42532,509
CG13185,16988
cuff,1295
ERp60,1807
eEF1alpha1,2464
snoRNA:Me28S-A1322,73
MCPH1,3754
Zip48C,1878
reb,2211
CR44305,1222
CR44312,553
exp,4532
PI31,1404
ADD1,6170
CG30036,1428
CG30037,1387
GalT1,2316
RnrS,1593
CG34231,1494
rho-7,1533
CG8298,2978
CR45319,3531
CR45318,1200
otk,4769
CR44306,801
otk2,1968
Mppe,1790
pds5,4929
CG8321,1195
CG43191,1016
128up,1304
RpIII128,3532
Drep1,2153
CG30039,727
CG44314,2003
Drep3,1804
CG8888,1708
CG13186,782
jeb,10378
CG18343,630
SkpB,877
Smyd4-4,2474
OSCP1,1186
Hen1,1573
CG8878,4079
CG8407,763
Prp8,7442
mir-988,99
scaRNA:PsiU2-55,178
CG13177,1099
CG34232,904
Oda,2445
SmD3,744
CR46194,2149
mir-281-2,92
mir-281-1,90
CCT5,1981
EndoG,1124
CR45264,732
CG8860,420
wash,1799
CG33964,2245
CG13175,2245
SmF,467
Cyp6g1,2074
Cyp6g2,1989
Cyp6t3,1694
CG8858,5896
RpS11,861
snoRNA:Me28S-C3420b,91
snoRNA:Me28S-C3420a,91
CR45276,1105
Sr-CII,2369
CG13171,386
CG8854,2130
CR44313,601
CG13170,415
CG43315,591
CG43316,576
CG43244,435
CR44315,301
CG13168,1546
Vha36-2,1296
Cam,5812
CR43900,737
CG42700,6071
CR45271,1198
CG8850,2260
CG13164,3065
CG17739,2830
CG30203,2877
CG30046,2986
CR44316,262
mIF3,1499
CG8841,3652
garz,6954
tRNA:His-GTG-1-1,72
tRNA:His-GTG-1-2,72
tRNA:His-GTG-1-3,72
CG8490,835
tRNA:His-GTG-1-4,72
tRNA:His-GTG-2-1Psi,72
CG34021,760
Den1,1406
CG8839,2342
ana3,6284
CG30047,2809
CG30049,2796
CG30043,3082
CR33013,2636
CG33012,2849
CG13160,2736
CG13159,393
Cpr49Aa,584
Cpr49Ab,852
CG13155,751
CG8501,1077
Cpr49Ac,2117
Cpr49Ad,683
Or49a,1191
CG30048,4133
Cpr49Ae,1186
Cpr49Af,1056
Cpr49Ag,650
CG30050,670
CG33626,504
CG33627,552
Cpr49Ah,990
CG13157,1904
CG42782,599
CR46027,590
CG8834,1832
CG8520,2134
CG8525,1378
CG13154,918
Nup54,2048
CG43204,641
DUBAI,4118
Tmem18,676
Dyb,3990
CG30334,638
Lac,2156
dgt5,2300
CG8545,2949
CG8550,2107
Dh44-R2,3278
CG34234,603
fdl,3724
s-cup,2184
vis,2211
achi,2564
CG13151,1910
CG8818,1535
CG8569,2334
CG33632,543
fra,6320
CG33752,558
CG30056,596
CG33775,549
Cyp301a1,1940
Ak6,711
stil,1171
ClC-b,2647
Sin3A,9421
CR30055,2058
CR45279,633
Amph,3205
CR43909,1258
Galphaq,6910
CG45086,3050
CG30054,1120
CG17760,1535
muskelin,3115
CG33792,678
spt4,457
CG33672,1976
CG33671,1976
Iswi,3647
CG8785,2189
CG8778,1124
ZnT49B,2549
CG8646,1763
nemy,3597
GLS,4149
CG8771,5786
CG13148,1672
CG30053,1088
Obp49a,780
CG8768,1210
wuc,715
CG42663,4068
Mos,1340
Taz,2174
mRpL18,740
ox,331
Dgkepsilon,2010
Nacalpha,1097
CG12374,1464
CR45266,1672
sca,3796
CR45137,7115
CG17580,1086
CR44453,556
Cyp9h1,1617
Or49b,1739
CG17575,957
antr,917
CG30486,859
CR45468,1157
CG17574,2481
CR45140,1244
bic,1546
CR43469,2199
CG3790,1947
Lfg,1285
CR43468,2060
AspRS,2266
Nmda1,2590
CR45141,1673
vg,3463
CR46237,733
CR46336,2443
CR46337,1693
CR44461,831
NAT1,5665
CG13319,691
sug,1572
CG17019,2865
SCCRO3,2105
Sans,1905
CG30487,728
Mdr49,4396
CG44251,1917
CG44250,1100
CG13321,2043
Psc,6332
CR44339,629
CG33798,537
Su(z)2,6721
CG13323,2562
CG13324,511
Drl-2,6020
CG44341,946
CG13325,4040
CG3955,997
CG13326,2778
Cap-G,4387
Ack-like,7757
TppII,4813
ND-MWFE,844
Nrk,3235
CG15870,586
GLaz,1215
Spt-I,1830
CR45142,2186
AGBE,2322
CG33137,623
CG17724,8422
Kdm4B,6742
seq,6060
ValRS,3412
Orc3,3315
CG34315,3315
FLASH,3486
CG34312,1827
CG30058,1761
CG34235,1761
AQP,1272
CG4627,988
CG4630,2178
CG4646,797
CG17059,423
Fsn,1396
Dp,3198
CR43918,288
Pex13,1768
fsd,1020
CG4670,2620
CG4676,1024
CG4679,2159
GstE14,1008
CR45278,1050
Mp20,948
CG4712,2251
CG4714,2355
CR44343,1002
CG4716,860
CG10799,592
CG42319,3541
Dh31-R,3284
CG4734,1011
CG17047,1914
CR44206,2308
mir-184,100
CG17048,712
CR45312,1011
CG10814,1458
CG43691,3792
AttC,900
CG4744,4681
IMPPP,1160
CG18278,1677
CR45470,323
CG33470,1159
CG30059,1683
CG42321,9093
CG30060,670
tRNA:Ile-AAT-1-3,74
tRNA:Leu-CAA-2-1,83
tRNA:Ile-AAT-1-4,74
tRNA:Ile-AAT-1-5,74
tRNA:Ile-AAT-1-6,74
tRNA:Ile-AAT-1-7,74
tRNA:Leu-CAA-1-1,83
CG30065,673
Ser8,839
tRNA:Ile-AAT-1-8,74
cnn,6196
CG30062,610
cbs,2257
arr,6024
CG43192,569
cbc,1654
cid,1015
bbc,2843
drk,2946
mars,4815
mip120,3585
mEFTu1,1776
Vmat,8134
CG13330,2129
CG13331,1412
CG13332,1072
tRNA:Lys-CTT-1-10,73
CG6145,3271
CG33156,3323
Roe1,1065
link,1394
snoRNA:Psi28S-1153,148
snoRNA:2R:9445205,151
snoRNA:2R:9445410,151
CG13334,2224
CG42807,2101
CG42808,640
CR44365,2633
CR44366,1591
CG6191,3745
CG45088,3439
fand,2793
S-Lap5,2074
CG43058,455
CG34236,945
CG12464,506
CG17716,5978
CG6209,2104
CG13337,2643
CG18368,3859
CR45031,316
CR45032,664
CG6220,1427
CG6280,3706
Cpr50Ca,3427
S-Lap7,2122
CR43810,448
CR43811,586
Cpr50Cb,867
stj,6273
fl(2)d,2977
CG13339,662
CG6329,3924
CG6337,1402
CG6347,1312
CG6357,1441
Syngr,2710
CG30484,3274
CG30485,3102
mir-9379,57
CG6543,1124
CG6553,1145
CR44367,1178
tum,2353
Uba3,1481
CG16935,1316
CG13344,2036
shot,30414
DJ-1alpha,735
AGO1,8278
mRpL53,829
CG33155,1193
Rpn13,1672
Cp1,2066
CG42806,803
PheRS-m,1526
St4,1183
CG18568,1510
CG6701,5412
Ctf4,2956
CG8067,1336
RN-tre,5164
mam,8869
mir-4978,147
CG18371,477
Prosap,9022
CG42287,526
CG42288,648
mir-989,174
Rcd1,4142
pea,3898
CG13018,379
CG13016,1475
CysRS-m,2108
O-fut1,1570
eIF3m,1590
CG8323,1460
CG18327,1064
CG18324,1401
CR44368,1608
CG8331,1576
mRpS16,546
cg,5429
CG30069,12808
VGAT,2700
Sox15,3651
RpS23,865
mir-308,63
CG8468,3961
Opa1,3968
mir-1016,58
CG8485,3428
Usp20-33,3423
SmydA-1,1774
Mdr50,4256
Hsc70-5,2922
CG8531,2001
beta4GalNAcTA,1867
CG8547,2835
SelD,1887
conv,4343
Ih,12715
tej,1942
Shroom,6207
CG8613,2984
CG8617,1328
Arc1,2371
CR10102,1348
Arc2,902
Tfb1,2176
CG34184,715
CG34442,831
CG34443,790
CG34444,920
Obp50a,728
Obp50c,1648
Obp50b,1648
Obp50d,587
CG34185,450
Obp50e,755
CG30075,703
Dh44-R1,2475
CG10104,1514
CR44369,508
CG17385,1853
Sin1,2027
Achl,4441
phyl,1839
CR45277,466
Oaz,5344
CR44462,620
PRAS40,2632
Cpsf160,4845
Asx,7167
Cpr51A,651
CG30197,481
ttv,7027
CG30076,1829
CG43919,474
LamC,2450
CG12869,3339
RpI1,5078
Blos1,675
tra2,1844
scaRNA:PsiU5-44,139
CG12868,688
CG33469,651
CG33468,607
Su(var)2-HP2,10289
Sec61beta,792
CG12863,1417
Uhg5,808
snoRNA:Me18S-C1366,100
snoRNA:Me28S-C3227a,80
snoRNA:Me28S-C3227b,80
snoRNA:Me28S-U1848,80
snoRNA:Me18S-G1952,76
snoRNA:Me18S-A1061,76
snoRNA:Me28S-A992,71
snoRNA:Me28S-G2703a,91
snoRNA:Me28S-G2703b,87
snoRNA:Me28S-G2703c,85
snoRNA:Or-CD4,78
CG10131,1058
CG43236,398
CR42715,337
CG12862,324
CG10139,1018
Adgf-E,1791
CG12861,1111
CG12860,1177
CG12866,2870
mspo,3131
CG30479,3601
CG30480,3531
CR43428,1665
jef,4422
Dro,754
AttA,790
AttB,879
Rpn6,1945
ave,546
CG10151,2508
ND-B15,477
Trs31,666
CG12857,1584
Spred,4167
CR42254,1372
BEAF-32,1919
kn,4391
hui,821
CG10202,2059
CR45329,821
CG10205,904
NaPi-T,2660
CG10209,2024
SMC2,3690
Ercc1,950
Ciao1,1186
HPS1,2074
CG33506,1073
U3-55K,1690
Pcf11,7815
Cyp6a22,2165
Cyp6a17,1727
Cyp6a23,1761
Cyp6a19,1913
Cyp6a9,1964
Cyp6a20,1801
Cyp6a21,1631
Cyp6a8,1781
Cyp317a1,4078
Kank,7416
ADPS,2838
CG12853,329
Lap1,4604
CG10257,1377
aPKC,6433
ckn,5142
pcs,2216
tRNA:Leu-AAG-1-1,82
CG7639,1834
CG10265,1421
CR43830,540
hbs,5478
CG43101,405
Obp51a,398
CR45256,562
CR43622,581
CG33467,567
CR44457,448
chn,6256
Rpb12,353
CG8089,2000
CG7544,1592
igl,2894
CR43831,350
CG43068,795
Sfp51E,538
CG43829,444
GPHR,1780
CG11807,2106
CG42391,795
Ir51a,1681
row,4746
Ir51b,1794
CG8093,1555
CG11808,801
mRpL41,594
CR44463,201
CG8079,3283
Hex-C,1493
Fs,3561
CR44370,5545
scb,5004
ItgaPS4,3361
Trpm,9680
CR44241,494
ND-51L2,1566
CG8152,1204
Xpc,4830
CG8155,4211
Arf51F,2196
CG8157,824
CG8160,1072
CR44371,801
Hr51,2089
unc-5,5235
Pms2,3040
CR44458,901
CR44459,246
CR43276,455
CR43275,777
CR43105,802
CR43186,593
dup,3138
SRPK,5540
CG43729,14690
CR45020,400
Mtk,268
CG30472,839
CG34188,806
CG8180,2614
CG12964,3942
Ir52a,1800
Ir52b,1791
Ir52c,1800
Ir52d,1785
GalNAc-T1,2765
Khc-73,9177
CG30471,2435
CG30467,1782
CG8187,1698
CR45927,414
Vha36-1,1064
eIF2Bgamma,1548
CG8192,1755
CG12963,3669
CG8195,2280
Flo1,1830
CG30466,2158
Cdk5,1604
CG8204,735
CG42524,2407
mir-278,98
fus,7287
CR45143,351
CG8207,1562
Vha14-1,659
CG30091,1681
CR43429,2301
Impbeta11,3395
CG30082,843
Cep89,1483
CG30090,999
CR44372,2834
CG30088,926
CG30087,834
CG33460,946
CG33461,864
CG33462,1025
CG42662,2791
CG30080,2791
CG30083,868
CG30089,5204
Zasp52,10771
tun,5130
CG33465,1610
Poxn,2458
CG8249,3432
CG12970,1137
Gpo-1,2929
Rif1,4605
sli,9618
CG33463,474
CR44373,801
bdg,5326
Diap2,2134
bug,1057
Mlf,2796
CG8299,874
Cyp4aa1,2108
COX6AL,540
mir-4919,60
Strn-Mlck,32768
CG8366,1472
CR45021,566
CG8314,1280
Pex11,956
CG8320,981
ATPCL,4339
CG8370,5610
Ufc1,656
CG8389,2041
CG8388,1865
Prosbeta1,852
Rrp42,981
CG8397,921
CG8399,2342
casp,2614
CG8401,1053
SP2353,6502
CG8405,4466
mir-137,91
CR43415,605
Dg,6533
mRpL34,327
CG8414,3133
Rho1,2385
Ric,2283
Asph,4157
Jhedup,1758
Jhe,2101
CG30095,645
spin,3656
Got1,1770
CG30094,675
CysRS,2453
Ext2,2694
CG10731,984
lbk,5506
CR45993,549
CR45994,646
CG10734,1449
CG8435,1148
Ptp52F,4589
Lis-1,3459
CG8441,941
clu,6162
calypso,2147
CG44242,456
CG42837,2131
CG44243,2308
Shark,3176
mrj,3286
tRNA:Gln-CTG-1-1,72
tRNA:Glu-TTC-1-1,72
tRNA:Glu-CTC-1-1,72
tRNA:Glu-TTC-1-2,72
CR43898,1275
CG7798,516
CG15706,2892
Tsf3,2377
CG15701,3367
CG7786,579
CG3687,708
krimp,2549
CG15708,943
CngA,4259
fidipidine,1977
csul,2013
Khc,3718
CG33017,5479
cato,712
prim,456
CG15705,465
CG7755,1317
CG9068,3684
CR43728,458
CG30324,648
CG30099,762
CR43730,1433
JhI-26,1495
CG30100,762
CG42372,762
CG7747,1696
Atg9,2833
CR45232,9247
Nox,6586
CG8060,4017
CG30096,1130
CG4282,2393
Vha44,4023
Hmgs,2795
CG7997,1878
Nup62,1452
wcd,1663
CG15710,914
CG30098,809
CR43416,745
CR45322,700
CG6262,3556
CG15711,2345
CR45316,1321
CR45317,901
CG43187,5093
Sema2b,5169
Menl-1,4198
Menl-2,4202
jtb,822
CG7848,2103
CG4409,939
Parp16,1527
CheB53a,681
CheB53b,615
CG15712,657
CG33458,896
CG33459,914
S-Lap8,2055
knon,2375
Sema2a,4171
loopin-1,2144
Syn2,3712
DAT,3040
CG4945,2637
RpS15,810
CG4927,1449
Lst,2008
Cdk4,2462
CR44375,1374
RpLP2,604
CG8311,1897
CG8306,2211
CG8303,2286
CG5089,1664
CG5065,5493
Alk,9730
gprs,7033
Amyrel,1549
Nach,1662
Picot,3282
CG34457,1339
CG34458,857
CG30463,6101
Idgf6,1811
CR43104,1024
CR44464,308
Sfp53D,820
CG15617,1298
Acp53C14a,705
Acp53C14b,590
Acp53Ea,468
Acp53C14c,564
unc-104,8066
CG34189,482
CG5267,723
CG42392,640
CG5348,2126
Sod2,1015
Arp53D,1378
Vkor,520
resilin,2801
CG5522,3940
CG15919,447
CG15615,1429
CR44465,501
CR44379,470
CR44380,1101
CG5550,938
CR43417,1380
CG34459,1420
CG34460,714
CR43650,10400
mir-8,87
Ugt37c1,1743
CR44466,501
CR44467,727
IntS8,3293
Fen1,1378
Dek,4138
snoRNA:Dek-a,166
Psi,5690
eEF1beta,960
CG6426,713
CG6421,600
CG6429,672
CG6435,794
CG8910,3406
CG6472,1597
mir-990,86
inaC,2351
Pkc53E,5739
CG43788,351
CG43789,238
CG15614,1524
CG34190,1100
Vha16-4,567
mute,5824
Ufm1,647
PIG-V,1851
CG6665,1395
CG9010,1253
CR44376,600
tRNA:Gly-GCC-1-8,71
CR44377,2301
Cbp53E,2754
ste24c,2423
CG30461,2251
ste24b,1464
ste24a,1547
AsnRS-m,1482
NiPp1,1349
CG6805,1770
Ehbp1,4704
CG8963,2753
Dark,4883
CR44390,3240
RhoGEF2,8486
CG43328,1526
CG43327,1526
CG43371,565
CR45144,1188
CR45145,1376
SmydA-7,1866
SmydA-6,1790
CG9646,3435
fat-spondin,2475
tef,2168
CG8950,3248
CG6967,3474
CG30460,7888
Sply,2163
CG6984,1030
GstS1,2275
CG30456,3165
CG15611,1759
Amy-p,1668
CR45272,3542
Spn53F,1279
Amy-d,1606
CG15605,614
Cda9,1637
CR45273,508
Acp54A1,306
CG11400,1217
CR44391,731
Gbp1,453
Gbp2,2279
CG43103,482
CG43107,371
CR44386,559
snoRNA:U3:54Aa,173
tRNA:Leu-AAG-1-2,82
tRNA:Leu-AAG-1-3,82
snoRNA:U3:54Ab,173
CG17290,2443
CG17287,1783
CG30458,614
CG30457,646
CG10953,1489
CR44387,500
CG44388,175
CR44389,300
CR45323,641
CG10950,1904
CG43237,482
mbl,15094
CR46235,441
CG18469,509
CG12699,766
CR43660,1528
CG43272,442
CG43108,656
CR45997,410
CR43661,492
CR44344,1568
tRNA:Ala-TGC-1-1,72
tRNA:Ala-TGC-2-1,72
CG10939,1717
CG6568,1908
CG30101,1545
Prosalpha5,945
cnk,5816
l(2)k01209,3254
CG6550,1782
Mtap,1392
Bap55,1473
Lhr,1188
EDTP,3151
CG18467,1462
mthl4,1930
mthl3,2504
CG10764,1700
robls54B,561
robl,527
CG14478,4345
Tes,3102
qkr54B,4432
insb,1059
CG43110,8272
veil,2253
NT5E-2,2062
CG30103,2022
nw,3471
CG34193,2333
CG4847,1533
CG4853,2992
APC10,867
CG4866,692
Patronin,7787
eIF3b,2682
Cc2d2a,4255
CG34194,655
cyp33,986
RpL18A,635
MESR4,8012
Klp54D,2672
CG43324,746
CG14480,1337
Ns2,2233
POSH,3169
UQCR-6.4,561
CG42239,433
Rab4,1316
Dcr-2,5684
CG6484,1590
CR45274,401
CG14483,984
CR45275,552
RhoGAP54D,3791
icln,832
CG30105,642
Smurf,5365
ND-51L1,2143
CG43920,409
CG42649,219
tRNA:Phe-GAA-1-4,73
tRNA:Phe-GAA-1-5,73
CG10936,5377
CG44403,1397
snoRNA:Or-aca4,162
rhi,1570
Oxp,371
CCHa1-R,2642
eIF3c,3321
CG30108,552
CG30109,609
CR44404,228
P32,1154
Sema1b,4565
HPS4,3677
CG42561,566
CG42562,482
swi2,2582
rdgBbeta,1382
CR45146,829
Uhg1,1065
snoRNA:Me28S-G3081a,69
snoRNA:Me28S-A3407a,87
snoRNA:Me28S-A1666a,73
snoRNA:U29:54Eb,86
snoRNA:U29:54Ec,88
snoRNA:U76:54Eb,73
snoRNA:U29:54Ed,87
snoRNA:U27:54Ea,69
snoRNA:Me28S-G3277a,77
snoRNA:snR38:54Eb,76
snoRNA:U31:54Eb,67
snoRNA:U31:54Ec,67
snoRNA:U31:54Ed,67
snoRNA:U27:54Eb,72
snoRNA:snR38:54Ec,77
snoRNA:Me18S-A28a,67
CG6424,6244
CG46315,5765
CG10934,1043
Dlish,1402
Snx16,1699
CG4975,3222
CG4984,3483
CG34195,1184
CG6406,2740
PIG-A,1872
Vps50,3503
Ir54a,1905
sub,2460
CG10931,1202
CG5002,1998
Sardh,2750
HLH54F,1078
CG5009,2506
OstDelta,2201
mir-3643,68
CR44416,281
CG14488,569
CG18635,2073
CG6362,1875
CG33981,7194
fab1,7194
mir-31a,92
aft,2314
Ubc10,999
CG5033,2514
Dhit,4771
CR45270,1023
grh,9185
olf186-F,5330
olf186-M,1746
CG30323,1002
CG14490,711
thr,4578
Mapmodulin,2520
CR44417,831
Elk,5351
CG30325,2470
CG30110,2052
PPO1,2338
CG14492,600
CG14491,501
CR44418,751
PpY-55A,1175
dpr13,3283
CR44419,601
CG5084,1182
CG10910,1991
CG5773,1357
CG5770,910
CG5767,854
CG34005,694
CG14495,1035
Muc55B,1802
CG10911,1221
CR45313,378
CG10912,910
CR45314,1161
CG34386,2180
CR45022,268
CG5757,1007
CG5098,5450
CG5756,4100
CG34196,510
stau,5369
Spn55B,1297
Dlip3,1471
Hsf,2910
Pcl,4384
pAbp,4303
snoRNA:Psi18S-1347a,137
snoRNA:Psi18S-1347b,143
snoRNA:Psi18S-1347c,146
EMRE,701
CG5742,3315
adp,2291
lolal,2402
CG10914,2054
CG10915,3360
Nup75,2146
CG42518,899
MED9,871
Dgp-1,2969
CR45315,506
CG10916,2057
CG5726,3491
mir-11182,55
nopo,1674
CG5721,1601
CG33958,2676
CG14499,867
CG14500,677
CG30114,1224
CR45147,1165
CR45310,1801
CR45311,3734
fj,3551
CR44420,637
CR44421,500
Ote,1571
pen-2,1181
sbb,11326
CG14502,2798
CG18536,788
CG18537,607
CG18538,549
CG18539,675
CG18540,627
CG14505,1033
Tango8,177
CR42736,542
CG43202,390
IM23,468
IM1,361
CG18107,281
CG15067,711
IM2,367
IM3,769
CG16836,383
CG15065,218
CG15068,198
Idgf5,1495
GstE10,1134
GstE1,831
GstE2,890
GstE3,755
CR43687,452
CR43688,276
GstE4,839
GstE5,734
GstE6,751
GstE7,765
GstE8,1122
GstE9,788
imd,1518
Dp1,6962
CG5174,2420
PIG-O,3594
Ttd14,2871
slim,3081
CG5189,2533
CG30120,2533
Prp19,1757
rswl,1453
CG17669,1726
CG30116,8105
GstE11,943
CG43066,5055
CG10924,3516
CG45087,2486
Pepck,2486
Rgk2,4909
CR46271,1311
GEFmeso,6958
CG42697,818
CG10927,1166
mRpS28,691
CG5323,783
CG5327,2136
CG5493,1348
Atg7,2395
CG5335,1273
Sec6,2405
Eip55E,1478
CG5482,2106
CG30122,4623
tRNA:Trp-CCA-2-2,72
tRNA:Gly-GCC-1-9,71
CheA56a,543
SP2637,2023
CG42306,2507
Gint3,2507
CG33136,1250
edl,1454
CG44435,5259
CG44434,5259
CG44433,2491
CG42855,945
Sik3,6768
CG15071,761
CG15073,2054
Vps51,2418
pncr016:2R,503
Hs3st-A,5724
mir-4982,119
List,1867
CG33998,589
CR30121,2299
CG18609,989
CG17821,1073
Cyp12b2,1782
Jabba,2417
Mctp,4898
tRNA:Leu-AAG-1-4,82
CR43964,1494
CG15093,1310
CG15080,5546
MFS15,1896
MFS14,3288
CR44468,1601
CG15096,2199
CR43418,704
CR46234,734
Phb2,1889
CG15097,3221
CG15082,1932
CG15098,953
CG15083,669
CG15099,8544
MetRS,3403
CG15084,1120
CG18190,1077
Jheh1,1486
Jheh2,1926
Jheh3,1576
CG43069,416
CG43070,502
CG43071,514
DptA,496
DptB,449
CG43109,261
sano,5165
snoRNA:Me28S-U1130,109
Vha100-3,2935
prod,1597
CG15107,1118
Topors,4357
CG18605,1589
tn,6152
snoRNA:abba-a,147
5-HT1B,4026
CG43351,242
CG15115,777
CG15116,641
CG15109,1536
5-HT1A,5019
Ir56a,1812
CG15117,3391
botv,3608
CG15118,2859
CG15111,1772
ena,6075
CR43399,740
CG10737,4805
hppy,5143
CG7137,1270
cora,6043
wbl,1319
CG33454,522
CG33453,618
CR44432,789
tbrd-2,2332
rib,4665
CG11906,2289
CG10476,669
CG10474,1273
CG18606,1013
CG18607,744
FK506-bp2,633
mip40,1092
Tab2,3976
CG7461,2274
EndoB,2431
Rgk1,7035
CG34045,581
fest,3245
CG11961,3896
CG10051,2768
CG9416,3189
CG10062,3330
CG10073,2824
CG10081,2738
CG11257,1718
SdhA,2750
cer,497
CR45925,350
hts,11366
CR43430,1567
snoRNA:hts-a,136
tRNA:Ser-CGA-1-4,82
tRNA:Val-AAC-2-1,73
tRNA:Val-AAC-2-2,73
CalpA,3440
Fak,5619
Spt5,3460
RpL11,1017
snoRNA:Psi28S-2444,130
Arl6,709
EloC,654
betaTub56D,1869
CG7744,2585
mei-W68,2300
par-1,12693
TBCB,1166
Oseg6,4322
Rep,1923
hpo,2804
CG15120,1070
CG16926,979
CG11007,1527
CR44472,688
tRNA:His-GTG-1-5,72
Ir56b,1436
Ir56c,1704
Ir56d,1899
sm,16635
CG43111,553
tRNA:Glu-TTC-1-3,72
CG42878,340
CG16716,2829
CR44473,601
CR44474,601
CR44503,1401
CG42753,663
CG18367,384
mir-4983,108
CG43277,415
CG15124,752
CG15905,987
Ir56e,238
CR44212,501
CR44213,300
CR44214,1546
CG15125,1190
CR44504,2203
mir-6-3,80
mir-6-2,74
mir-6-1,82
mir-5,69
mir-4,81
mir-286,100
mir-3,69
mir-309,69
CG11018,1250
hrg,4587
isopeptidase-T-3,2612
CG15127,624
CG34198,532
CR44505,636
CG15128,2011
CG15126,281
CR44506,4982
Obp56a,547
Obp56b,571
Obp56c,972
Obp56d,922
CR44509,755
Obp56e,532
Obp56f,528
CG8517,732
tRNA:Ile-AAT-1-9,74
tRNA:iMet-CAT-1-1,72
tRNA:iMet-CAT-1-2,72
tRNA:Glu-TTC-1-4,72
snoRNA:185,55
tRNA:Glu-TTC-1-5,72
tRNA:Glu-TTC-1-6,72
tRNA:Glu-CTC-2-1,72
tRNA:Glu-CTC-2-2,72
tRNA:Glu-CTC-5-1Psi,72
5SrRNA:CR33452,135
5SrRNA:CR33451,135
5SrRNA:CR33450,135
5SrRNA:CR33449,135
5SrRNA:CR33448,135
5SrRNA:CR33447,135
5SrRNA:CR33446,135
5SrRNA:CR33445,135
5SrRNA:CR33444,135
5SrRNA:CR33443,135
5SrRNA:CR33442,135
5SrRNA:CR33441,135
5SrRNA:CR33440,135
5SrRNA:CR33439,135
5SrRNA:CR33438,135
5SrRNA:CR33437,135
5SrRNA:CR33436,135
5SrRNA:CR33435,135
5SrRNA:CR33434,135
5SrRNA:CR33433,135
5SrRNA:CR33432,135
5SrRNA:CR33431,135
5SrRNA:CR33430,135
5SrRNA:CR33429,135
5SrRNA:CR33428,135
5SrRNA:CR33427,135
5SrRNA:CR33426,135
5SrRNA:CR33425,135
5SrRNA:CR33424,135
5SrRNA:CR33423,135
5SrRNA:CR33422,135
5SrRNA:CR33421,135
5SrRNA:CR33420,135
5SrRNA:CR33419,135
5SrRNA:CR33418,135
5SrRNA:CR33417,135
5SrRNA-Psi:CR33416,143
5SrRNA:CR33415,135
5SrRNA:CR33414,135
5SrRNA:CR33413,135
5SrRNA:CR33412,135
5SrRNA:CR33411,135
5SrRNA:CR33410,135
5SrRNA:CR33409,135
5SrRNA:CR33408,135
5SrRNA:CR33407,135
5SrRNA:CR33406,135
5SrRNA:CR33405,134
5SrRNA:CR33404,135
5SrRNA:CR33403,135
5SrRNA:CR33402,135
5SrRNA:CR33401,135
5SrRNA:CR33400,135
5SrRNA:CR33399,135
5SrRNA:CR33398,135
5SrRNA:CR33397,135
5SrRNA:CR33396,135
5SrRNA:CR33395,135
5SrRNA:CR33394,135
5SrRNA:CR33393,135
5SrRNA:CR33392,135
5SrRNA:CR33391,134
5SrRNA:CR33390,135
5SrRNA:CR33389,135
5SrRNA:CR33388,135
5SrRNA:CR33387,135
5SrRNA:CR33386,135
5SrRNA:CR33385,135
5SrRNA:CR33384,135
5SrRNA:CR33383,135
5SrRNA:CR33382,135
5SrRNA:CR33381,135
5SrRNA:CR33380,135
5SrRNA:CR33379,135
5SrRNA:CR33378,135
5SrRNA:CR33377,135
5SrRNA:CR33376,135
5SrRNA:CR33375,135
5SrRNA:CR33374,135
5SrRNA:CR33373,135
5SrRNA:CR33372,135
5SrRNA-Psi:CR33371,137
5SrRNA:CR33370,135
5SrRNA:CR33369,135
5SrRNA:CR33368,135
5SrRNA:CR33367,135
5SrRNA:CR33366,135
5SrRNA:CR33365,135
5SrRNA:CR33364,135
5SrRNA-Psi:CR33363,144
5SrRNA:CR33362,135
5SrRNA:CR33361,135
5SrRNA:CR33360,135
5SrRNA:CR33359,135
5SrRNA:CR33358,135
5SrRNA:CR33357,135
5SrRNA-Psi:CR33356,143
5SrRNA:CR33355,135
5SrRNA:CR33354,135
5SrRNA:CR33353,135
Or56a,1260
Obp56g,495
CR45231,5443
tRNA:Lys-CTT-1-11,73
Obp56h,593
Toll-7,6396
CG44569,1174
CR44570,401
CR44571,321
Obp56i,1026
CR44460,690
CG13872,2010
CR44572,1201
CR44573,1701
CR44626,351
CR44627,501
CR43421,663
CG42690,1281
CG43195,1281
CG42691,928
CG30447,812
CG10822,554
CG44622,742
CG44623,629
CG8654,3178
tRNA:Arg-CCT-1-2,73
tRNA:Arg-CCT-1-3,73
CG16898,1325
CR44628,551
CR44629,201
CR44630,601
CR44631,701
CR44632,1549
CR44633,501
18w,5422
CR44634,204
CR44635,219
CR44636,352
CG11041,537
CR45229,263
CG16894,1035
CR45423,706
tRNA:Gly-GCC-1-10,71
CG11044,2041
tRNA:Gly-GCC-1-11,71
CG44624,351
CG44625,401
CG11099,2319
CG13869,753
Efhc1.2,2572
CG11208,1984
ppk6,1625
CG9864,1753
Ate1,1796
Hsl,3851
PCNA,1070
plu,616
RpS18,612
CR43812,291
CG8908,5102
CG10444,2790
CG11788,1429
CG9143,2708
Mpcp1,1499
CG16868,5174
CG34199,694
Cpr56F,1259
CkIIbeta2,912
CR44638,451
CR44639,801
CR44640,801
CR44641,401
CG11200,1688
CG13868,3860
CR44642,701
CG13871,1717
tapas,4552
MED8,963
CG8929,2972
CG16739,695
CG13870,1951
CG16741,549
CG11192,960
CG12484,5508
CR44643,1400
Obp57c,557
Obp57b,823
Obp57a,558
CR44644,501
CR44645,701
CR44646,301
CR44647,301
CR44648,501
CR44649,201
CG13426,418
CR44650,357
GNBP-like3,515
CG30151,962
CR44651,1103
CG30154,507
CG18067,1530
CG13423,1626
CG13427,440
CG13428,482
CR44652,601
CG30148,1064
Obp57e,411
Obp57d,1488
Cpr57A,1488
CG13430,1631
CG18065,1631
lms,2030
Mgat1,2822
CR44653,375
CG43308,487
qsm,2059
mir-310,89
mir-311,84
mir-312,66
mir-313,71
mir-2498,112
mir-991,96
mir-992,92
Nnf1a,682
HnRNP-K,2571
mir-7,88
Hil,3383
CG9945,2075
CG11180,2460
FAM21,4602
Rcd6,3135
rig,4123
CG13436,1917
maf-S,646
CG11110,752
CG33786,1245
CG33785,1245
DMAP1,1584
Lrt,3660
CG16799,1288
CG11159,656
tRNA:Trp-CCA-1-1,72
tRNA:Trp-CCA-1-2,72
CG13437,782
Fem-1,2874
exu,3290
galla-1,2414
Gr57a,1251
CR44659,501
CG13438,834
dpr1,3598
CR44660,501
CG13442,1633
CG34201,1155
CG34202,1091
CR44665,1451
CG13443,1604
CG43709,615
CG43710,1023
CG43711,1239
CR44666,401
CG43666,1023
CG43667,907
CG43677,903
CG43668,676
CG15225,814
insc,3887
sktl,4106
CR44667,966
CG17999,1691
CG9993,1802
CG15227,1294
IM4,767
IM14,223
Ipk1,3121
Cib2,947
otp,3368
CR43160,1495
CG9235,1098
Rx,3267
Act57B,1724
snoRNA:660,96
CG33704,723
hbn,1798
CG15649,766
CG34115,418
CG9344,474
CG15650,1152
CG9313,3072
CG15651,2547
CG3216,3486
dgt3,1809
Prosalpha3,973
CG10543,7429
CG30291,1655
grau,1894
CG9346,2998
CG3295,1853
RIC-3,2938
ND-B14.7,712
CR45148,689
shg,6400
cpa,1918
CG15653,711
mRpL54,682
Cht8,1448
Cht12,1648
Cht4,1473
Cht9,1161
CR44703,1186
CG10527,1160
CR44704,1147
Treh,4369
Rbpn-5,2319
CG34396,4420
CG4038,957
ktub,2523
CG9394,2312
CG4050,3572
mago,1103
Magi,5198
CG9406,732
Xbp1,2142
Hmg-2,1347
CG15657,617
CG30389,5067
tRNA:Trp-CCA-2-3,72
tRNA:Gly-GCC-1-12,71
tRNA:Trp-CCA-2-4,72
CG4266,4662
hng1,1081
LSm1,588
Xpd,2797
Pu,2152
CG4286,821
tRNA:Trp-CCA-2-5,72
tRNA:Trp-CCA-2-6,72
tRNA:Gly-GCC-1-13,71
tud,8830
Lapsyn,1630
Glycogenin,4135
CG44245,2299
CG4302,1754
CG15661,1899
ASPP,5044
Rgk3,4659
CG30391,1538
CG30393,1216
CG34203,535
MFS16,2814
CG10505,4426
CG30392,1141
Sgf29,1177
RpL29,389
CG9752,1131
CG42672,7929
CR44724,936
CR45149,752
Panx,1987
CG9485,5491
CG33655,2168
CG30394,3055
dom,13020
snoRNA:Me28S-A2589a,106
snoRNA:Psi28S-3316a,132
snoRNA:Psi28S-3316b,141
snoRNA:Psi18S-841a,144
snoRNA:Me28S-A2589b,109
snoRNA:Psi28S-3378,150
snoRNA:Psi28S-3316c,133
snoRNA:Psi18S-841b,138
snoRNA:Psi28S-3316d,132
snoRNA:Psi18S-841c,133
snoRNA:Psi28S-3316e,132
snoRNA:Psi18S-841d,138
snoRNA:Me28S-A2589c,107
snoRNA:Psi18S-1389a,159
snoRNA:Psi18S-1389b,155
snoRNA:Me28S-G2596,74
snmRNA:184,35
CG15666,2947
CG9822,883
CG17974,1033
cv-2,4329
CG10795,1100
eEFSec,1613
Acox57D-p,2552
Acox57D-d,2252
Sdc,4202
Sara,4621
Fkbp14,1800
TAF1C-like,2753
MESK2,4600
CG10494,2179
CG30288,965
CG30289,1164
Egfr,6947
CR44725,601
CG30286,967
CG30287,955
CG33226,879
CG30283,822
twz,2758
CG30222,1648
CG33225,1095
CR45150,592
CG10433,2112
CR43243,718
CG15673,1143
CG18870,2937
clt,1844
PTP-ER,5069
mahj,5346
CR42547,2463
CG15674,1809
CG10321,3322
CG10082,4426
CG30284,1180
CR43786,871
ND-B12,606
Rae1,1189
pirk,1846
CR44748,702
CG42362,1930
CG42363,1930
CG42364,640
CG42365,908
CG42381,2259
PIG-M,2320
CG42380,2320
CG42379,2320
NC2alpha,1235
CG15676,1146
stum,6868
eIF3k,853
Tbp,1387
CG30285,575
CG10307,1362
Tim10,762
CG42497,691
Ppcdc,1206
CG42496,1206
CngB,3399
HmgZ,1604
HmgD,1965
CR44749,551
CG30403,1268
Tango11,1881
CG30398,1029
LBR,2915
CR44750,701
Grx1t,569
CR43983,1000
CG43982,701
CR43984,300
CG30395,2870
CG4021,1201
lox2,1729
CG34204,486
CG18735,1179
CG4386,1510
CR9284,889
CG13492,9183
CG34040,980
CG4363,687
CG4377,788
CG4372,1194
tRNA:Gly-TCC-2-1,72
tRNA:Gly-TCC-2-2,72
CG9294,1115
comr,1990
Fili,5249
PpN58A,1182
CG43742,1508
CG13488,898
CR43405,423
CG13494,604
ppk9,1806
CG34029,460
CG9304,2785
Gr58c,1239
Gr58b,1406
Gr58a,1188
dany,1258
CG34370,4425
CG9308,823
PpD5,1279
CG13500,1215
CG13501,1692
Snp,2451
CG44249,1490
CG11475,1562
CG11474,1776
CG2921,1597
GlcT-1,3394
Synj,4764
CG13502,1755
CG43393,1138
CG44163,491
CG11073,3773
CG6613,2412
Vrp1,5242
CG30280,1110
CG30281,1007
mei-S332,1703
GM130,2721
NtR,1876
CG34205,960
a,5414
CG11269,401
gom,1313
CG34206,857
CG3045,1663
CG6758,2392
CR45151,1705
CG11170,1223
CG11275,1664
MED16,2755
Vps35,3369
Swim,2171
snoRNA:Or-CD1,106
CR45376,1427
CG3292,1713
Alp2,1762
CG3264,2182
CG11291,1280
ari-2,3008
CG30278,1164
Oatp58Da,2163
Oatp58Db,2090
Oatp58Dc,3138
CR44755,501
dve,4933
CR43422,679
CG5819,3378
wdp,3391
CR44758,534
Gp150,4916
CR44756,1742
CG34207,526
T3dh,1959
pgc,1212
CG34208,380
Liprin-gamma,5669
CG11298,569
CR44759,942
Rtf1,3161
CR45327,745
wrapper,1977
CG13506,2977
CR44757,447
babos,1303
CR44760,301
CG6044,1652
VepD,759
qkr58E-3,1729
Mes4,740
qkr58E-1,2713
qkr58E-2,3206
CR45152,602
mRpS29,1440
rad50,4072
CG10344,1190
ppk12,1710
CG10384,3849
CG45062,2820
CG45063,857
CG4752,3995
CG4554,8425
CG4610,2099
px,10746
gas,1955
CG11362,765
dnr1,3553
CG3927,1077
CR45328,640
CG4269,1783
CG4294,4704
RpS16,754
snoRNA:Me28S-G2173,67
snoRNA:Psi28S-1175a,136
snoRNA:Psi28S-1175b,141
snoRNA:Psi28S-1175c,136
snoRNA:Or-aca1,135
Vps20,899
CG4329,3781
CG33143,5674
CG17807,1924
Cdk9,1476
bonsai,981
CG3732,1262
RpS24,646
Ugt58Fa,1864
CG2852,1177
CG30195,575
CG34446,350
CG34445,527
CG3746,692
nsr,2523
Cyp6d2,1759
CG30196,496
CG43325,1366
CG43326,1229
CR45268,862
CG13510,2577
CG13511,2577
CG42565,2577
CG42566,873
CG4250,655
CG42867,438
CR45269,481
CR42868,337
CG30269,1234
CG30273,1234
CG13516,1319
RYBP,2242
CR44761,501
Ppa,4033
CR44762,301
CR44763,801
CR44764,1401
robo1,6791
CG30259,1771
Obp59a,1011
Obp58b,689
Obp58c,691
Obp58d,729
CR43735,682
CG30275,4010
CG30268,3761
jbug,10434
CG42260,8101
CG13526,678
CR30267,1494
CG13527,1569
CG30270,573
blw,2252
CycB,3047
stl,4559
CG30271,2550
CG42284,2332
CG30274,2879
MFS1,1699
CG30265,1771
CG12490,1647
CG9825,1543
CG9826,2096
CG3649,1569
CG13531,5665
RpL23,542
inaD,2331
fd59A,2228
CG13532,1918
CR45469,595
PIP5K59B,3556
EMC8-9,888
YME1L,2943
asrij,1067
Gmer,1116
MED23,4682
CG3700,1183
nahoda,5866
CG30187,1606
Nup214,5334
Reep1,4472
CG3788,1773
CNBP,2509
CG9849,986
CG3831,1770
CG42694,2918
mir-9376,76
CR32835,1223
CR44780,201
CG32834,1752
CG32833,1062
mir-4939,109
CR42742,1114
twi,2388
CG9897,920
CG9896,2043
CG42741,3453
CG44252,2963
CG44253,468
DCTN3-p24,1174
CG9890,1460
PPO3,2228
l(2)k09913,2411
tRNA:Ser-TGA-1-1,82
tRNA:Ser-TGA-2-1,82
Fib,1318
snoRNA:229,140
CG3085,1755
Art7,2230
CG43659,336
Gr59a,1104
Gr59b,1101
CG9877,388
CG13538,989
CG9876,1384
RpL37b,422
CG42703,488
Gr59c,1194
Gr59d,1173
CR44781,977
CR44782,677
Klp59C,2120
CR44455,474
CR44456,401
CG3215,1209
CG30192,373
CG13544,1262
Klp59D,2499
CG43207,455
CG9899,2988
CG13545,505
CG34371,5760
CG13539,1103
LS2,1410
CG3092,1302
yip3,1249
RpL22-like,1232
CG12782,1219
CG13540,528
ord,3915
CG3124,1206
CG13541,1532
CR44783,701
Prosbeta5R1,1107
HP1Lcsd,338
CG30412,1160
CG30416,1852
CG9861,2848
tbrd-3,843
CG30413,526
CG3502,3171
CG9863,1134
CG34210,565
CR30409,899
Rpi,1259
CG3500,948
CG9875,730
CR44168,484
CG34423,533
CG34424,915
vir,5867
Ice1,4537
Golgin245,5084
CG13551,637
yellow-d,1751
yellow-d2,1341
CR44784,695
CG30414,1094
roh,929
eIF2Bdelta,2174
CG3530,3698
CG3520,3990
CG9812,1574
CG30411,1237
CG9815,1445
Or59a,1140
CG43795,5891
SkpF,695
Or59b,1499
Or59c,1399
CG13557,436
CR43792,502
CR43793,400
CG13558,1052
CG13559,870
CR43794,698
CG3906,849
RabX1,1648
mi,3845
bw,2738
ppk3,1608
Gr59e,1200
Gr59f,1221
AIMP3,739
wmd,1769
levy,593
pita,2987
Dcp-1,1749
Rrp4,1137
ItgaPS5,3207
Pi3K59F,3164
CG30184,808
apt,3696
CG42559,1001
CG42560,970
IM18,739
CG10332,739
CG43209,370
Eglp1,938
Eglp2,1239
Eglp3,902
Eglp4,1804
retn,4477
CR45153,637
Pde8,8459
St1,1206
St3,2276
l(2)efl,741
Pal2,2304
CG30183,5461
angel,1230
mRpL43,783
sigmar,2160
l(2)dtl,2653
l(2)not,1704
l(2)tid,2070
CR45326,771
Sesn,4760
CG18128,1139
CR45325,628
mir-4979,109
egl,4515
CG13560,918
CG34105,574
CG12491,580
CG11300,581
CG5532,703
sona,5550
CG15800,614
CG30177,1529
CG13561,531
CG5539,1334
Ssrp,2507
CG5543,2163
Nxt1,540
CR44807,2349
CG4797,2106
CG5549,6361
CG4763,1035
snoRNA:Psi18S-176,154
CR44805,201
shu,1694
Snap29,1212
CG5554,1586
ytr,2209
eIF6,1056
CR45928,1171
gbb,1686
bgcn,4159
Pym,983
TBPH,3222
CG4585,1992
CG5569,774
Thiolase,1593
ken,3070
TM4SF,2433
CG4882,1626
PHDP,942
CG5597,920
DCP1,1513
DNA-ligI,2386
Upf3,1809
CG17658,1875
CG5339,1239
Lpt,4608
CG13562,1348
Nap1,1582
CR45926,1309
kcc,4946
CR44806,402
SERCA,8264
CG2812,1325
CG3735,2566
Taldo,1116
Galphas,2112
Orcokinin,1490
CG2970,1354
fzr2,1450
CG3803,1340
thoc5,2035
CG16787,1071
alpha-Catr,3007
CG13566,917
Fmo-1,1454
Alas,1842
CG34213,518
or,823
CG10904,1070
CG3065,1929
mr,2555
PPP1R15,1597
Sox14,3579
Phm,1603
CG30178,694
Pask,3184
CG3860,2113
mir-1009,61
Unc-89,13261
CG4324,1748
CG3121,2284
CG3907,1767
CG11388,1639
CR45350,1680
Adk2,1065
EbpIII,1160
HSPC300,584
CG3163,1239
CG30172,756
Chi,2246
MAN1,2479
Not11,1082
IntS1,6401
tsr,735
gammaSnap1,1117
sei,3278
ppk29,1770
CG13563,2123
eEF5,807
CR44814,359
RpL12,1154
RpL39,288
Rap2l,1278
yki,1525
CG3209,2278
Mlp60A,2839
CG10339,1963
CG13564,500
CG16786,3203
snama,4309
gek,5108
enok,7406
CG4049,6115
CG3253,1788
CG3257,2911
CG43775,2959
CG43777,2959
CG43776,2959
tamo,4407
Zfrp8,1306
Naa35,2539
CR44826,499
Dat,1887
DnaJ-60,1472
CG42568,1472
spag,1825
CG3328,5451
mRpS17,713
Nop60B,3412
snoRNA:Psi18S-1820,140
snoRNA:Me28S-G1083a,84
snoRNA:Me28S-G1083b,83
snoRNA:Me28S-G1083c,83
snoRNA:Me28S-G1083d,83
snoRNA:Or-CD9a,98
snoRNA:Or-CD9b,91
ocm,7287
cN-IIIB,1530
CG3356,3956
CG11406,4562
CG30419,3812
CR44827,1001
nord,2817
Ir60a,2151
snoRNA:Me18S-A1597,116
CG13575,1882
CG3376,4038
CG13577,1744
nvy,3502
CG3394,2482
mir-4985,101
betaTub60D,2518
CR44810,1468
slbo,2786
CR44282,1192
bs,4791
CG44812,297
CR44811,1231
tRNA:Asn-GTT-1-9,74
CG13578,855
mAChR-A,5425
CR44813,1201
Slik,8230
Rpn8,1532
SerT,3725
CG45069,3221
PIG-Z,3221
prom,4379
CG42383,1177
CG15873,1007
Pgam5-2,1390
CG3483,1340
CG4563,1766
CG13579,3725
CG3492,1515
CG3494,963
CG16837,576
CG13589,525
CG13590,582
Crtp,2455
Yu,587
Ssl,908
Prosalpha4T2,1254
CG13581,837
Letm1,4099
Ir60b,1774
Ir60c,1329
Ir60d,1725
Ir60f,461
CG4612,3922
Brca2,3291
Ir60e,1719
CG13585,1043
CG4622,2863
CG11413,602
ITP,4686
Nurf-38,1481
CG11414,3139
uri,2351
Fcp1,3413
CG3511,2202
Start1,2395
SIFa,526
CG4681,1497
pio,3600
CG13587,975
ATPsynF,615
CG3548,2218
CG3565,899
CG3570,1099
CG4707,2248
CG42360,1936
CG42361,1001
CG4741,1691
Adck,2021
CG13594,2896
snoRNA:Me18S-G393,118
CR43787,1952
Cyp9c1,1743
CG3640,994
CG4781,1557
CG3663,780
Cpr60D,667
CG30161,846
ND-19,701
CG34214,537
CG4806,2070
CG33228,809
Pof,2008
Mmp1,4841
ST6Gal,2229
Mid1,8297
CR44828,601
Usp15-31,5225
spz6,1647
CG3880,1451
CG12848,478
CG3894,1542
GstE12,1398
Eps-15,5448
egg,3937
CR44067,715
Lcp9,394
CG3594,863
TyrRS-m,1540
CG3589,1772
key,1421
Reg-5,1781
CR43257,1392
ETH,755
Orc4,1615
CG12849,519
CG3611,1979
CG42851,783
Dll,3309
CG3650,1207
CR44829,918
Atf-2,1349
CG16896,3322
CG30423,655
CG44247,3629
CR43466,613
NKAIN,5904
Ance-5,2116
NaCP60E,15625
Tpc2,2769
CG9083,1165
RpL41,320
pain,3041
CG30427,3771
CG3760,1258
CG2811,720
Tina-1,1593
CG15861,1563
CG3770,1393
CG2790,1757
CG12851,6450
CR44830,1583
CG2765,3420
CG30424,1713
RpL19,1361
CG3776,1006
Phk-3,878
CG2736,1726
CR45252,511
emp,3522
CG3829,3203
zip,7242
uzip,4114
Nplp1,2701
gsb-n,2237
gsb,1649
gol,4156
tRNA:Ala-CGC-1-1,72
tRNA:Ala-CGC-1-2,72
tRNA:Ala-CGC-1-3,72
lov,5416
CG30430,498
CG43106,897
CG34038,1186
Sfp60F,399
EbpII,608
Ebp,1529
CG9380,5096
Kr,4411
CG30429,1060
CG33680,837
CG30428,1219
CR40469,214
CG17636,2036
RhoGAP1A,6068
mir-4915,118
CR45473,1225
tyn,5304
CG17707,3791
CR43863,531
CG3038,1838
G9a,7235
CG42376,649
cin,2110
CG13377,1605
CR43906,2248
CG13376,1196
ewg,6973
CG3777,4316
mir-980,98
CG13375,4896
CG12470,1055
Or1a,1188
CG32816,2406
CG43181,568
CG43182,251
y,2038
yar,1966
ac,917
CR44751,656
CR44752,717
CR44753,990
sc,1438
l(1)sc,1097
Pgcl,1310
ase,2430
Cyp4g1,2279
ebo,4181
CR18275,2309
CG13373,1051
CG32817,885
CR18166,1861
CG3176,787
CG18273,4342
CG3156,2345
CR45797,436
CG17896,2231
CG17778,1344
svr,8583
CR44891,647
CR44892,1300
elav,10715
arg,1243
CG4293,2077
Appl,6383
mir-4960,101
vnd,4322
CG13366,5538
CR45474,448
CG13365,499
Vsp37A,1379
CG13369,1175
CG13364,387
CR45475,415
CG17829,2256
RpL36,686
l(1)1Bi,3680
Dredd,1708
mir-9372,61
su(sable),5047
CR44839,391
CG13367,1550
Roc1a,1229
Hmt4-20,6211
SkpA,1786
sdk,9565
CG13362,1686
CG5254,1683
CG13361,1565
CG5273,2193
CR44965,525
RpL22,1100
CR42491,747
snoRNA:Psi18S-531,152
snoRNA:Psi28S-2179,145
CR44966,813
fz3,3727
tw,2840
CG13360,1603
CR44469,283
CG16989,3915
Rbf,3619
CG13359,1802
CG13358,1427
Sec22,1749
CG43867,10174
CG14635,475
CG3713,987
CG14634,516
CG11664,881
CG11663,647
CG3711,4335
MED22,602
CG3708,1301
CG3706,1545
CG32815,3540
TRAM,2503
CG3704,1515
mus81,2155
CG3703,2496
CG3699,839
CG3690,2540
CR45476,246
CG18823,667
TfIIA-S-2,462
CG14631,590
su(w[a]),5658
CG11638,2462
CG32814,1664
CG3021,1412
CDC45L,2214
CG33082,2303
CG14630,1358
CG42259,711
CR44779,6518
CG14629,1107
CG3655,6593
CG14628,489
eIF4E7,1638
CR34320,382
CG11378,2755
CG11384,2159
CG11379,1387
CG14627,1746
CG14626,1413
CG11380,2801
CG14625,2579
CG11381,1603
CG14624,819
CG11382,1884
CG11398,3018
CG3638,9056
CG11403,2890
Atf3,7025
CG32812,1625
DAAM,6227
CG32811,404
CR46248,564
fs(1)N,6581
CG11409,4720
Naa30A,2347
MTPAP,2444
Tsp2A,1037
CG12773,3887
CG11417,2460
png,1114
CG14770,690
ssx,3676
mir-4961,133
AMPKalpha,2853
CG3719,831
CG32813,5252
CG11448,3799
futsch,23308
Gr2a,1562
CG14785,1713
Lrpprc2,3382
CG14787,870
Ns3,2176
O-fut2,1634
CG14777,1705
CG14778,753
CG32808,1063
pck,1478
CG14780,1082
Rab27,1564
mei-38,1749
rush,2721
sta,1338
snoRNA:M,99
snoRNA:Me28S-G980,71
inc,4686
Nmdar2,8036
CG14795,457
Mur2B,7661
snmRNA:400,52
br,19777
dor,3161
CG3740,829
hfw,3038
CG32809,7613
CG14797,3151
b6,2139
CG14798,898
a6,2218
CG3795,1247
Scgdelta,3905
prage,6747
Adar,8758
mir-981,97
CG32806,803
CG14810,720
CG14811,849
CG14812,802
deltaCOP,2170
CG14814,3577
MED18,865
Pex5,2230
CG14803,3419
Pgam5,1100
Vps26,2543
CG14817,920
CG14805,1704
CG14818,620
CG14806,1019
trr,8314
mRpL16,1076
arm,3564
CG32803,905
CR45929,395
CR43864,1659
CG32801,937
Edem1,4752
mip130,3459
Rbcn-3B,6716
eIF2Bepsilon,2447
Ocrl,3688
CG11596,1892
CG3857,2341
CG3587,1105
Hr4,13899
PIG-K,1203
CR45478,331
mir-2496,118
east,10285
Actn,5272
mir-4954,91
usp,3038
CG4313,2713
CG4325,897
moody,3939
Sik2,5230
CR44896,424
CG4281,2664
CG14054,920
CR44381,580
CG4199,3313
CG4194,1097
CR44382,480
Rtca,2070
CG4045,923
CG4025,1240
CG16903,1936
Unc-76,4096
csw,8732
snoRNA:Me18S-C1024,99
ph-d,6126
ph-p,6887
D2hgdh,2209
Pgd,1895
bcn92,748
wapl,7054
Cyp4d1,2285
CG3630,2031
mir-3641,69
ND-B14.5A,807
Cyp4d14,1694
CR45479,2376
CR44690,4809
Cyp4d2,2467
Cyp4ae1,1822
pn,1638
Nmd3,1791
CG17776,534
CG17777,680
CG3457,1100
Mct1,3197
CG14053,1853
CR43637,1117
FarO,1681
SmydA-8,3114
Vinc,3933
CG14052,893
pcx,12119
kz,3927
fs(1)K10,3052
Or2a,1267
crn,2332
CG3191,1247
CG3091,1286
CG3078,3982
temp,2163
CG3071,1921
CG2924,3064
CR45480,512
CG2918,3581
Vml,1960
CG2865,5574
Raf,4247
CR34052,443
CG14050,1385
CG2854,1643
CR33218,611
Ilp6,2413
mRpL14,653
CG2841,5650
PsGEF,14169
CG12496,1537
CG32797,931
gt,1780
tko,1596
boi,5066
z,2599
trol,20284
mir-4955,169
Pdfr,4668
Vha36-3,1294
CG13759,1212
CG13760,1524
wds,1973
egh,4662
Klp3A,4527
Zw10,2567
Smyd3,1762
eIF3g1,1027
Tsp3A,1798
Seipin,2045
brv3,2427
PI4KIIIalpha,7054
sgg,12445
CR45197,1470
HLH3B,1428
CG2652,946
CR44470,1017
per,4527
CG2650,1013
CG2658,3360
CG2662,1765
Csat,2217
eIF2Bbeta,1357
CG2680,1181
CG2681,2283
CG2685,1952
CG2694,3152
CG2701,2425
fs(1)Yb,3502
fs(1)Ya,2235
vilya,827
dwg,2002
ttm50,1868
CG2712,1804
crm,3886
Syx4,1709
kirre,7853
CR43494,498
CG32795,2365
w,2352
CG12498,966
CG14416,915
CG14417,1106
CG14418,1352
CG14419,729
CG3526,1200
CG3588,3438
CG14424,1046
CG32793,2687
CG3592,840
CG3598,1047
CG14420,1570
CG14421,850
CG14422,1048
CG14423,1187
CG17959,487
CG3603,1018
rst,6251
CG4116,948
N,10150
CG18508,816
Fcp3C,963
CG3939,931
dnc,16683
CG14265,557
ng2,546
ng3,594
ng1,523
ng4,267
Pig1,690
Sgs4,952
CR44886,213
CG10793,1659
CR46243,258
CR44999,2025
Myc,9170
CG12535,6541
tRNA:Gln-TTG-2-1,72
CG14269,865
CG16782,1155
CG10801,1758
CG16781,1518
CG12206,2732
CG10804,4822
CG10802,1472
CG14270,774
CG10803,4906
Gas8,2289
DIP-alpha,8983
CG13021,632
MRE16,361
ppk8,2071
CG2875,1978
AstA-R1,3704
Ilp7,1044
Parg,2599
Mnt,4556
CR45102,1429
Rala,2751
Tlk,11568
mir-4962,124
HIP-R,2138
CR44117,428
Crg-1,1230
CR42499,1197
CR33221,1532
HIP,2050
CR44118,428
fd3F,3007
ec,8400
tRNA:Gln-CTG-2-1,72
tRNA:Pro-CGG-3-1,72
CG2901,2721
roX1,5468
yin,3278
CG2930,4990
VhaAC39-1,1792
CG15239,1997
CG42541,9707
CG2938,3915
CG2941,3954
CG32786,3307
CG32783,3306
Vap33,3897
lva,9245
CG6428,2699
CG6414,2081
CR45481,2790
CR43298,316
CR45482,1609
CR46247,1648
CG43689,7521
CG6379,3339
CG15375,1232
Xpac,1178
brn,1450
cib,1771
Nsun2,2444
dgt4,1101
Tip60,2413
tyf,11456
GlcAT-I,1560
Fas2,7306
CG43288,342
CG15571,522
CG15570,4278
Femcoat,833
Muc4B,1987
CG43134,407
CG43135,218
CG15576,921
CG12691,573
CG15572,2383
CR45483,731
CG15577,508
CG15578,415
CG12692,1946
CG15579,521
CR44957,1350
CR46156,591
mei-9,3606
CG2982,2246
mRpL33,349
norpA,8296
CG12693,1643
mir-982,93
mir-303,70
CG3626,3785
mir-983-1,91
mir-983-2,99
mir-984,90
CR43614,929
CR45484,2285
CG12688,1489
CR32773,1868
bi,6095
CG3556,4050
rb,4813
CHOp24,1172
CG3568,1693
Usf,3617
CG15912,888
CG11436,1996
CG3527,970
CG11444,1282
CG3546,2246
CG12684,887
peb,7446
CG12184,3310
CG12179,4689
pon,2601
CG3081,2625
CG3062,942
HLH4C,1424
mRpL30,696
Torsin,1383
Cbp80,3271
CG15473,2292
CG3009,2475
fzr,2789
Pp2C1,5675
ctp,4645
l(1)G0334,2151
CG7024,1878
Proc-R,3780
CG15472,1411
Klf15,1032
CR45515,200
CG2871,1392
CG15471,579
CG6978,1985
CG2861,6151
CR45516,225
CG12682,860
CG42594,5127
CR43495,383
boil,1594
CG6927,1868
CG32772,3368
CG4041,2723
CG6903,2313
hpRNA:CR46342,6457
CG44774,9199
Ptp4E,7229
CR44833,446
CG15468,1200
CR45792,727
CG12680,948
ovo,7400
CG32767,11634
rg,20508
CG15465,19353
Rpn13R,1088
CG5062,2124
CR44834,627
CG42749,1812
CG3323,2628
CG17764,1157
Cdk7,1448
snf,835
TrxT,1108
dhd,955
CG4198,1867
CG15930,1883
Sas10,1663
Rnp4F,3323
Mcm3,2747
CG3309,2614
XRCC1,2319
CanB,1234
SK,10891
NAAT1,2485
spoon,5705
Usp16-45,4784
CG16756,521
CR45517,774
CG15784,2956
CR44471,705
SPR,3730
frma,2975
CG32762,854
CG4151,1307
CR45519,747
CG12730,1892
CR45518,508
snoRNA:Psi28S-3342,164
Vsx2,2373
Vsx1,3633
CG34435,1084
CG34434,1691
RhoGAP5A,1933
Mlc-c,1399
mir-3645,137
l(1)G0045,2779
CG42492,7548
CG42265,8159
CR45520,2492
Sirt4,1253
CG4119,3857
Rab18,833
RpL35,732
Tre1,1838
Gr5a,1490
CR44958,1316
CG42449,1217
PGAP1,3674
CR45525,1321
cv,2053
CG3149,2020
CR42794,475
CG4096,3992
CG33080,3705
CG32758,4568
CG15773,1786
IntS6,6250
CG4078,3603
CG15772,1691
lin-52,1360
CR45528,1219
CG15771,2923
MAPk-Ak2,2198
CG42699,4296
CG3097,1983
CG42264,2087
CG3108,3578
CG15767,1433
mir-4963,109
CR44832,585
CG12239,2343
Cpr5C,605
Prosbeta2R1,1077
CR45529,515
CG44329,595
CG15766,957
CG15765,4388
CR43264,318
tRNA:Glu-CTC-6-1Psi,71
CG12729,827
CG43136,704
CG43137,542
CG15764,1172
GAA1,2388
mof,3014
Usp30,2436
CG16721,2697
CR45668,1833
Act5C,2978
CG4020,1886
CG12236,3692
Shmt,2518
CR44108,223
CG3726,3152
CG12728,2374
CG32756,2397
CG6041,1109
CG32755,1347
CG6048,1158
CG6067,1408
fs(1)M3,5690
Grip,3764
CG5966,3751
CG4766,2673
CR44498,2102
mab-21,2082
CR44499,239
rux,1463
MCTS1,1245
CG5937,8374
CG5921,4668
CG43115,688
CG5928,1239
Tsp5D,2108
CG4666,1363
CG4660,1275
raptor,7097
Mipp2,2458
CR44959,503
Nep1,4793
Ca-alpha1T,13140
CG32750,1645
CG32751,1758
CG43090,624
vanin-like,1864
Btnd,1907
Efr,1896
sqh,1578
dtn,9655
CG14445,1686
Rbcn-3A,11139
Spx,1643
schlank,2487
CG3781,951
Spt6,6166
CG3566,1607
Ubi-p5E,2390
CR45530,333
CR32745,471
CG11700,1362
Top3beta,3296
wuho,1463
Rpt4,1465
mldr,2809
CG15892,1173
CG15891,829
CG3815,3232
CG12219,2018
CG3823,1282
CG15894,7435
CG42240,2187
CG3842,2751
CG3847,2134
ND-B16.6,1265
kdn,2836
swaPsi,1547
swa,2022
Marf,3617
CR44816,449
PpV,1675
CG33664,621
CG33669,587
CG33668,616
CG42340,6885
CG33667,647
CG33666,666
CG33665,653
tRNA:Phe-GAA-1-1,73
CG3918,1808
CG3342,1709
Spat,1410
RpL7A,1315
snoRNA:Or-CD10,67
dx,3828
CG34417,20162
CG17717,1092
Pat1,3716
CR43832,470
APC7,2312
pigs,6721
CG14443,2211
CR44817,426
CG3226,894
Cdc7,3103
CG3224,851
Ctr1A,2333
CG3198,4996
Mcm6,2790
ND-ASHI,1384
l(1)G0255,1861
CG4095,1647
Pink1,3239
CG44303,398
CG3184,1179
CG14442,5042
CG14440,2702
CG14441,7236
CG3168,5171
CR43461,438
RpL17,1119
snoRNA:Psi28S-3436b,143
snoRNA:Psi28S-3436a,141
snoRNA:Psi28S-1060,150
snoRNA:Psi28S-1232,141
tRNA:Phe-GAA-1-2,73
CR44895,1036
CR44964,1556
CG14439,2428
CG14438,10926
CR43496,882
COQ7,899
shf,1796
C3G,8829
pod1,6691
iav,3512
Nf-YC,2522
xit,1640
Atx-1,890
nonC,10621
mAChR-C,1218
CG14435,3831
CG4557,3240
Cht11,1576
CG4558,2115
CG14434,1507
CR45531,2897
CG43736,9085
CG14431,7289
CR4575,757
CR32733,474
CG32732,2189
CG4586,2240
CG3040,1070
ogre,3940
CR44084,403
bou,703
Inx7,1634
CR43837,1858
Inx2,5480
cm,1774
CG42308,692
CG32736,692
CG3032,1643
CG4593,1123
CG12541,2529
CG14427,1167
nullo,846
CG4607,2603
Sxl,9192
mir-4956,117
CG4615,1973
CG4617,1819
CG8300,1060
fz4,3927
CR45532,368
CR46245,964
CG9650,8003
CR32730,1856
CR44357,2789
CG1958,980
CG1677,4847
CG2059,1256
unc-119,2344
brk,3194
Atg5,1418
Dok,3487
CG18155,2047
CG42780,802
CBP,2579
CG15034,1248
CG1999,1091
CheA7a,721
CG42781,258
CG15035,1477
CG32727,588
CG42246,578
CG42704,501
CG42705,740
CG34337,371
CG9657,2557
CG15036,316
CG32726,458
CR45533,4733
CR43199,1736
CG11368,361
CG43198,531
CR44500,680
CR45534,785
CR43278,1068
CR43279,769
CR43835,759
CG32719,4045
CG43138,493
CG32720,1335
CR44501,2007
CR44502,581
CG11369,2478
CG12689,769
ct,11777
CR45667,291
CR45666,553
CR45665,277
CHES-1-like,8323
CR43287,722
CG15478,1997
Hira,3420
NELF-B,2226
CG12155,2688
Pdp,2170
Rab39,1406
Tom40,2395
Ir7a,1845
CG34338,425
CG32718,977
CG1402,3875
CG10920,1764
CG1409,622
Ir7b,1968
dec-1,5748
CR43615,814
Ir7c,2358
Ir7d,1785
Ir7e,1827
Ir7f,1983
Ir7g,1686
CG10932,1656
Nek2,2581
ND-MNLL,720
CG45089,720
p115,2961
CR11386,539
CR33222,601
RpS6,1195
snoRNA:Or-aca2,142
bys,1518
dpr14,3912
spidey,1705
snz,5250
hdm,1461
Ykt6,1469
mahe,8365
CG10778,1365
RpS14a,877
RpS14b,597
Ubr3,9371
l(1)G0193,3385
CG15332,2003
CG15330,639
sws,5963
CR45620,1625
sn,3507
Tbh,3868
CG15333,1823
CG2233,1480
fs(1)h,15685
mys,4482
Upf2,5078
CG1571,2301
CG2254,1404
CG2256,1146
CR45535,1455
UbcE2H,3083
CG2258,6281
Gclc,4402
CG1575,2119
CG2260,2004
cyr,2884
CG2116,1972
CG10958,2683
CG2120,1155
Smox,4521
CG17982,1286
alpha-PheRS,1699
CG2129,2017
CG15336,757
CG10959,1836
Gbeta5,1545
CG18262,1586
Traf6,2788
GIIIspla2,1543
CG15337,1430
CG10761,1253
CR45536,280
Or7a,1242
CG2278,4294
slpr,5615
sdt,11042
CG2147,746
sni,1761
Trxr-1,2790
ND-75,2634
CG1632,4268
Corp,1216
CG15343,948
CG1636,2373
nAChRalpha3,10506
CR43695,699
CG1387,3426
CR15345,1085
CG10555,5188
PIG-T,2521
lawc,3430
Trf2,10332
CG32712,600
Miga,3773
CG1440,2606
CG12123,1044
org-1,3417
CG32713,796
CG15347,968
Es2,1729
Sptr,1143
CG33223,1114
CG12116,1570
Cp7Fa,1033
Cp7Fb,2093
Cp7Fc,1132
Cp36,1116
Cp38,1249
CR43834,243
otu,3420
CG33181,5315
Nrg,9991
PIP82,4089
IntS4,3466
CG12112,1117
Trf4-1,7452
CR46195,771
CG12111,675
spirit,1656
CG12065,2796
CG12081,1964
CG12659,896
Crag,7001
Caf1-180,4043
oc,5041
CG12772,3278
CG11284,2543
Ppt1,1314
Ogg1,1307
CG11294,1291
CR44507,712
CR44508,211
Hexo2,2140
CG2004,2028
CG1785,1885
l(1)G0020,3250
CG1789,860
CR43297,845
Lim1,3972
CR45537,1419
CG12075,4917
Moe,4558
CG1885,1711
Rbm13,1535
e(r),1687
rdgA,12982
CR44111,706
CG12661,800
CG43255,490
mir-4964,112
CG10962,1074
CR43836,1613
CG12662,557
mir-31b,127
Nost,6329
CG15365,3481
CG10970,1810
CR45538,347
CG44325,2751
CG7246,2043
HP1b,1598
APC4,2617
CG32708,855
CG32706,872
CG6999,875
CCT2,2121
mir-13b-2,70
CG7766,5177
Bx42,2403
Arfrp1,1101
AP-1gamma,5497
CR45539,202
fend,5133
CR44517,1641
CG7065,4267
fh,927
Bap111,2668
His3.3B,2552
Ost48,1513
Dlip1,694
CG9034,481
Zpr1,1853
CG44532,963
mei-P26,23228
CG12115,869
CG12057,892
CG12056,952
CG12106,1372
CG12118,1277
su(r),3399
SmydA-9,2401
Obp8a,597
CG15368,756
CG15369,542
t,1975
CG15370,1252
Gr8a,1509
CG12121,2954
Ir8a,2811
mir-4916,59
mxc,6237
Larp7,2049
amx,1422
Dsor1,1799
CG17754,3415
ric8a,2970
CR17438,1305
ric8b,636
Erk7,4014
CG17440,1300
Cfp1,2404
CG16892,1888
snoRNA:CG16892-a,149
c11.1,6204
lz,3468
CR44534,487
c12.1,1246
c12.2,4444
CG34449,6965
CG34450,1472
BCL7-like,1664
mgl,17674
CG44815,398
CG32700,4208
CG34028,570
CG34026,747
l(1)G0320,1943
RpS28b,972
CG15317,825
CR42767,866
Cubn,11349
LPCAT,3378
CG42395,851
CR45540,425
CR45541,399
Hex-A,4139
CR45542,527
CR45543,386
Gga,2360
Lst8,1760
LysRS,2266
CG42797,6958
Ptpmeg2,7118
CG3106,2589
nej,15932
CR42657,888
CR44016,885
btd,2934
CR43498,566
Sp1,4399
CG1354,1852
CG32698,8793
Ser7,1413
CG45060,501
CG45061,493
CG32695,1613
CG15247,2108
CG1468,735
CG9686,666
CG9689,1655
CG9691,603
CG15249,1424
CG1986,2167
Idgf4,1834
snoRNA:Me28S-U1688,118
CG1791,1193
CG1889,1490
CG43386,1682
CG15252,1843
CG32694,5996
CG33557,674
CG2990,3683
Cht6,16205
CR45185,3248
Yp2,1618
Yp1,1611
CR45601,875
CG15312,3725
Gr9a,1026
CR45602,344
ZAP3,6581
CG2972,1838
CG2974,1200
RhoU,3114
CR44894,3114
snoRNA:Me18S-A627,99
CG12645,1107
CG43902,6457
CR32690,825
CG15309,3758
CR43899,381
ATPsyndelta,3817
CG2962,1358
CR45629,1062
CG15308,587
CG34408,6751
Ipod,1938
Hk,10725
CR43959,1087
CG12643,1031
alpha-Man-Ia,6827
CG2909,2018
Gip,996
CG15306,1609
CG43740,1878
snoRNA:U3:9B,168
l(1)G0289,3493
CG32679,884
CG17841,2488
CG32686,3600
CG2898,1255
CG32681,4702
Psf3,2380
flw,4276
CG32683,5139
RabX2,791
CG12640,348
snoRNA:Me28S-A1705,79
Or9a,1179
Neb-cGP,987
nocte,10734
CG2889,2246
CG2887,1234
PPP4R2r,2576
CG32687,2803
spri,11001
CG15296,690
Rab9D,897
Hmr,4696
CG2124,2782
CG1628,2029
CG43347,9931
Rab9Db,871
CG9806,2914
X11Lbeta,10158
CG2111,2805
Rab9E,889
CG12637,1034
stx,7399
ras,2866
CR44766,672
Rph,3997
Tango5,3578
Atg8a,1695
BTBD9,3435
CG15211,1424
Ant2,1437
sesB,2006
Imp,13650
CR45204,1955
CR45624,359
sbr,3280
CG15210,609
CG15209,791
CG32669,2385
CG17333,847
CG2202,3363
feo,2424
sofe,2414
CG2186,7117
CG2157,1004
CG1637,5007
Ork1,4482
CR45616,542
CR45617,488
CR44524,422
CG1582,4243
CG15208,1780
CG43901,10303
v,1305
CG2145,2045
Myo10A,13273
Rab9Fa,871
Rab9Fb,878
C901,1924
CG42339,2722
SmydA-4,2446
CG1552,1060
CG1545,717
CG1537,869
CR45614,518
CG15203,900
sev,8171
CR44358,482
CR45604,5913
Vago,796
CG2076,1491
CG2061,2339
CG42249,2648
Hsp60A,2480
CG11122,12204
Rpt3,1553
Gtp-bp,2056
Klp10A,5150
CG44385,1073
CDK2AP1,1831
CR44054,1520
ssp7,368
CG15199,664
CG15202,863
CG15201,489
Ran,1898
Lint-1,2656
rtv,1273
Dlic,3811
CG32668,2676
antdh,950
CG1394,868
CG15200,546
CR44765,334
CG11106,559
CG44422,8383
CG15198,650
Ir10a,1799
sisA,779
l(1)10Bb,934
CG1657,5830
Kap3,4162
CG34348,2190
GCS1,3430
CG11756,746
CG1738,799
CG11752,477
CG1737,4519
dsh,2844
Pa1,1628
hop,5055
Tim8,761
dlg1,11505
CG15196,1587
Gr10b,1251
Gr10a,2819
Or10a,2819
Gs2,2231
Evi5,6299
Sk1,2852
HP5,3887
CG43155,1762
Cyp4g15,2632
Uba5,1432
Spase25,1188
CG33235,5028
CR44556,662
Drak,4847
mir-2492,76
CG1572,1291
PGRP-SA,1018
RpII215,6736
CR44266,904
CG11699,760
Kmn1,1002
CG11697,934
CG11696,2235
e(y)2,503
CG11695,1800
roX2,1368
nod,2449
CG1561,2160
CR43217,651
CR43216,1188
CR43215,1188
CR43214,1188
CR43213,1188
CR43212,1188
CR43211,1188
rho-4,2345
CG2533,772
CG2247,3767
CG1703,3059
RPA3,673
Met,5088
Ptp10D,8708
CG2371,1246
bif,8842
PhKgamma,3300
CG2444,913
FucT6,2795
Amun,4444
mir-9370,50
CR45618,658
prtp,2073
Tango10,3247
CG15221,2494
inaF-D,3208
inaF-B,3113
inaF-A,1274
inaF-C,1590
CR43385,411
m,3405
CG9360,1035
dy,4075
Karl,2730
CR44962,778
CkIIbeta,5705
Hsc70-3,3589
CG1578,4720
rudhira,12060
CG15741,484
CR43908,394
Cyp28c1,1665
CG15740,3265
CR45619,296
p24-1,1541
CG10347,2117
ATP7,5157
Nrd1,4054
CG1847,1776
CG11802,1481
CG15739,1529
CG10352,1491
CG10353,5037
SelG,827
CG1840,719
sicily,1385
wisp,5320
Upf1,5187
CG43156,330
pot,4354
CR32661,654
CR43157,409
CR32660,442
Sclp,2076
CG10362,3776
cac,11923
gd,2261
tsg,887
CG18130,2344
fw,4698
CG1806,1648
CG1492,2289
regucalcin,1708
Chrac-16,737
Lsm12,1251
Tango4,1620
Usp7,5642
Cyp311a1,1523
Cyp318a1,1885
CR43960,1595
Ten-a,17049
Uch-L5R,1298
Muc11A,4865
CR43961,2811
CG34323,772
CG12721,811
CG15734,489
CR32657,353
CR32658,836
CG11356,777
CG2750,5849
CG1924,2187
CG32655,1250
CG45603,521
CG2577,1331
Ir11a,1980
CG32651,3719
CG2574,896
CR32652,888
Pkcdelta,8063
CG15927,955
CR45615,488
CG15731,1180
Rab40,1725
CG42258,4159
Cpr11A,1326
Lsp1alpha,2625
Mks1,2203
CG2556,2304
snoRNA:Me18S-G894,108
hwt,9735
Cpr11B,818
CG11138,5853
LIMK1,5814
CG1824,2509
Sec16,9707
CG1463,1585
CG2543,2123
CR45621,2660
CG11085,1544
CR44568,560
CG15728,1302
Aven,1207
CG2540,1234
Tomosyn,6345
mir-970,95
CkIalpha,3369
Tis11,5009
CR33963,1171
mir-9377,52
Smr,15579
CG15725,2853
CR43963,556
CR45623,380
CG4004,4568
CR44619,1297
ade5,2550
CG12717,2970
CG3812,3904
CG32647,6004
Pde9,12700
CG3775,2572
CG4661,2035
CG32650,1167
CG32649,2280
CG4407,1423
CG4404,1696
mRpL49,774
Brms1,1323
CG4645,1694
CR45625,450
CR45626,726
fne,9516
hec,2618
CG32642,1413
Mur11Da,2012
CR43636,800
CG15721,2804
CR43152,733
CG12716,1359
CG32643,548
rad,10101
CG15719,747
CG2209,752
CG12715,2107
CR44840,472
mir-971,96
hep,6215
lic,1951
CG2200,1224
CG43313,4326
Fer3HCH,751
CG42237,1512
CG32638,1573
snmRNA:204,35
CG15717,3649
MFS10,3789
CG32645,3537
CG4318,1464
CG4332,2256
Bap60,1936
CG12096,3195
Lgr4,2975
CG32640,466
CG32641,466
CG12723,2113
CG2453,1347
sno,6315
CG44437,1093
REG,1830
mew,5204
CG32639,642
CG15742,1069
comt,3087
HDAC4,7219
CG15743,1959
CG15744,6261
CG1764,1780
CG1622,1998
IP3K2,5424
CR45018,4000
Jafrac1,1464
CR32636,1484
RpS15Aa,944
CG15747,2626
CR45708,391
CR45709,517
Syt12,4823
dmrt11E,1282
CG1640,3058
Rbp1-like,3330
Tim9a,516
Yippee,1293
CG1662,1770
CR44620,326
CR44621,532
CG1673,2510
CG12725,1025
GstT4,1220
CG1998,1933
Set2,7583
Neto,8256
CG34324,1035
CG15754,1001
CR44427,393
CG44428,594
CG15756,1369
Cpr12A,858
CG11816,2049
CG32631,1289
CG32633,1441
CG46311,3344
Tango13,6230
up,2530
CR44654,684
CG11178,3279
Ndc80,2200
BthD,977
tth,3138
Tango2,1622
CG2691,4545
NFAT,10064
Lig4,3040
CG11164,1488
CG15760,4588
CG11162,919
CG12177,1907
CG11158,1608
Nadsyn,4612
Nna1,8748
CG9941,3113
mus101,4868
g,4404
Grip91,3571
CG11134,948
CG11151,1104
CR42861,549
Pdcd4,3431
CR43833,313
CG32625,595
Rtc1,1301
Yp3,1868
rdgB,9281
CtsB1,1594
CG11103,923
inaE,7128
CG10993,715
CG10996,1250
CG11095,1121
Clic,1839
Nup93-1,2786
jub,2938
AMPdeam,6364
mamo,29476
CG11068,1270
CR44655,688
ben,2072
Ste12DOR,563
tRNA:Arg-TCG-2-1,73
tRNA:Ser-CGA-1-1,82
tRNA:Ser-CGA-1-2,82
tRNA:Arg-TCG-3-1,73
tRNA:Arg-TCG-3-2,73
tRNA:Arg-TCG-3-3,73
tRNA:Arg-TCG-3-4,73
tRNA:Ser-AGA-3-1,82
tRNA:Ser-AGA-2-1,82
Ste:CG33247,607
Ste:CG33246,607
Ste:CG33245,607
Ste:CG33244,607
Ste:CG33243,607
Ste:CG33242,604
Ste:CG33241,607
Ste:CG33240,607
Ste:CG33239,607
Ste:CG33238,608
Ste:CG33237,607
Ste:CG33236,999
tRNA:Ser-AGA-1-1,82
CR46242,367
tRNA:Ser-CGA-1-3,82
tRNA:Arg-TCG-1-1,73
tRNA:Ser-AGA-3-2,82
CR44657,2496
tRNA:Ser-AGA-2-2,82
CR44658,383
CG12479,428
CG12480,1954
betaNACtes1,1084
CG1368,774
CG11581,1534
CG11584,2197
CR45995,1604
CG32603,1144
CG12481,589
CG11585,1165
CG13403,645
yl,6351
mir-4917,77
CG11590,730
l(1)G0007,4063
l(1)G0469,3709
CG11674,1172
mRpL38,1399
CG42271,4862
Fbxl4,2894
CG1434,2037
mRNA-cap,2243
CG32599,1233
mud,8895
CG46317,1974
CG1461,2509
CG13404,1367
na,7875
Muc12Ea,10025
CG9400,1156
CR44963,495
betaNACtes2,907
betaNACtes6,967
dpr8,4958
betaNACtes3,967
betaNACtes4,1012
CG9411,3684
CG12540,772
CR44110,622
CR45521,1251
CG14414,911
mRpS25,641
nmdyn-D6,864
CG9413,3574
NetA,3343
CG5321,1780
NetB,8168
CG43088,1185
hog,611
CG15890,2705
CG5334,992
CG5347,1210
Ag5r2,849
Ag5r,1760
CR45522,1267
rut,9618
CG14408,3702
CG14411,3433
CG14410,606
CG14407,668
CG32590,699
Flo2,5053
CG12539,2085
CG9522,2191
CG9521,2265
CG9519,2034
CG9518,3952
CG45065,3359
CG45064,3359
CG9514,3099
CG9512,2221
CG9509,2980
CG14406,667
CG12398,1979
Eo,2045
CG9503,2524
CG32591,1743
pdgy,3474
CR44831,1353
CG9030,815
eag,10636
hiw,16734
be,4288
CG5541,2514
ND-B18,1129
opm,1533
dob,1855
Lsd-2,4598
CR44662,3758
CR44661,470
CG33177,862
CR44960,1078
CG33178,861
CG9065,521
CG15027,602
CG5599,1872
Rab3-GEF,8719
CG9072,585
Cyp4s3,2288
drd,3280
RpL37a,1296
CG9095,5367
CG43737,8126
CG32588,677
CG5662,1082
CG43075,757
CG43076,771
CR44430,744
CG9101,1040
PPYR1,1055
CG9106,1298
CR44663,344
CR44664,439
CG5877,3838
CR44429,802
gce,5809
CR44961,2748
Top1,6250
mir-4957,84
dah,2353
CG9114,2315
HDAC6,5251
CR44998,1494
CG9123,1592
CG12608,1616
CG6227,4251
acj6,4433
Pp1-13C,1892
CG9164,4688
Cngl,14670
Scamp,2813
Ahcy,2119
CG11655,1720
shtd,6481
CG6299,3018
CG6294,3153
CG15642,1489
CG15641,413
Grip128,3484
CG6308,696
mh,2349
CG6324,3584
CG6340,3154
Gmap,6109
CR44888,340
mir-283,100
mir-304,88
mir-12,74
Ac13E,8129
CR44353,334
CR44354,471
CG42300,726
CG7860,1377
CG15643,1692
CG9213,2342
CG42299,679
betaNACtes5,610
cerv,1141
CG7872,1653
CG9215,1945
CG8097,1903
CG9220,3912
CG8105,1569
sog,6442
CR44423,707
CR44893,484
CG8117,770
CR43299,2907
CG8119,735
CG15646,2044
CG12708,1702
CG15599,3692
CR43132,428
CR45523,926
CR45524,900
CR45526,256
CG8128,1820
CG9240,991
Pis,1652
CG8134,1496
CG9281,3267
CG15601,1611
CG8184,16799
CG8191,1486
CG12379,618
MagR,783
Arp6,1347
CG11679,1462
CG8206,1188
CG8944,4350
CCT6,1924
CG8239,2055
Graf,4485
CG8260,1367
mRpL3,1243
CG17209,4420
CG8952,902
CG33172,3205
CG43672,4895
CG43673,881
Efhc1.1,2559
Paf-AHalpha,1507
mRpS30,2078
Rhp,2536
CG8974,1817
CR44383,421
CG32581,1428
CG15602,1342
PGRP-LE,2073
sd,8766
CR44384,497
CG8509,1393
Chc,6008
CR32582,696
CG8565,2646
ArgRS,2135
CG8578,1883
sun,450
UBL3,2261
CG15914,1422
Myb,2928
AlkB,1241
Gbeta13F,5605
Gapdh2,1443
CG16952,4117
tay,8676
MSBP,1503
CG15916,959
shi,5989
CycD,2453
Lrp4,7733
CG8916,2019
Lcch3,1903
CR45000,227
Ranbp16,4743
Stim,2973
CG8924,2575
Rrp47,1285
mmd,7792
mir-927,92
CR45527,363
Or13a,1257
CG42766,732
CG9170,4399
CG8931,1454
ND-20,1336
eIF5,3203
CG46312,2588
exd,3302
CG8939,2622
vap,4457
CG12698,1906
Muc14A,48733
CG12395,997
dpr18,2630
Nipsnap,1543
Tob,8222
mir-4958,134
CG8958,2006
CG42353,6153
CG42354,6350
disco-r,7442
CR46211,445
mir-985,86
disco,3247
snRNA:U5:14B,110
snRNA:U2:14B,192
CG12507,1096
kat80,3350
Mfe2,2262
Prosalpha4,1176
eas,4627
CG32576,1709
UQCR-14,523
caz,1666
CG9911,1745
CG3632,4355
CG3679,3215
CG9914,1445
CR45485,1547
CG9915,3003
SWIP,3558
Cyp1,1227
CG9917,1801
CG32579,1474
CalpC,2687
CG9919,1647
CG9921,985
Dsp1,4860
sl,5678
U2af50,1646
PIG-Q,1704
nonA,8029
Fur2,6474
CG9992,1768
CG4239,2236
TH1,2297
mei-41,7899
CG9981,4100
CG4301,6107
Traf-like,2356
AnxB11,2976
hang,8763
CG9947,1820
rngo,2336
eIF2alpha,1519
CG34015,594
eIF4H1,4430
para,16309
Cnx14D,2449
CG9903,1628
CG9902,5059
Arp2,2729
Pp2B-14D,5390
CanA-14F,8258
CG13014,1058
SMC3,4020
Ubc7,1886
CG9784,3424
Nup153,8065
mir-4965,87
mbt,3269
CG9782,1406
Rok,7385
CG9777,1499
CR45001,292
RpS19a,1254
SNRPG,483
mthl1,5083
CR46147,301
CG32573,1782
CG42512,1814
CG9723,1729
r,7126
CG15865,3429
CG13012,1358
CG13010,681
sing,2271
Axs,2575
Sep4,3370
CG4678,2325
CG9676,964
spheroide,1263
CG9673,978
CG4653,895
CG9672,813
CG13008,2996
CG34325,1252
CG32572,2264
goe,3684
TwdlX,1366
TwdlY,1034
TwdlZ,691
CG32568,1818
Twdlalpha,1354
if,6011
mRpL22,973
CG9609,1834
Sap30,1994
Rrp45,1647
CG4768,3669
CG9132,2747
CG4789,942
CG9125,1329
CG13005,2027
CR44053,2749
ppk28,2190
CG4829,3457
CR44129,321
CG46306,2234
CG13004,2394
RSG7,5496
CG13003,6193
CG4872,1283
Nprl2,1707
Rcp,1393
DENR,761
CG4880,1700
CR43768,794
CG13002,639
CG33252,819
CR44754,4754
CG4928,4520
wus,2118
CG13001,1786
RhoGAP15B,6046
CG13000,508
Ubr1,7096
CG45002,8250
CG43996,1067
CG43997,544
CG43077,1000
wcy,5734
CG4949,2343
CG8945,4356
CG4955,1838
CG16700,2433
CG4991,2499
Arpc3B,786
CG5004,5665
mei-218,6310
mei-217,5005
RpS5a,1386
snoRNA:Psi28S-1192d,135
snoRNA:Psi28S-1192c,134
snoRNA:Psi28S-1192b,138
snoRNA:Psi28S-1192a,140
snoRNA:Psi28S-2876,140
snoRNA:Psi18S-1854c,140
snoRNA:Psi28S-1135f,151
snoRNA:Psi18S-1854b,139
snoRNA:Psi28S-1135e,151
snoRNA:Psi18S-1854a,139
snoRNA:Psi28S-1135d,142
snoRNA:Psi28S-1135c,143
snoRNA:Psi28S-1135b,145
snoRNA:Psi28S-1135a,148
Chchd2,1290
xmas-1,2852
xmas-2,5073
baz,10881
CR44026,301
CG8918,1630
CG5070,814
CG32564,1448
CG32563,567
CG12995,630
CG18258,1497
CG5162,1533
CG12998,1121
CG5172,788
CG34327,848
CG10598,1711
CG10597,708
f,9191
CG8915,4371
CG42854,1477
CG8675,1071
CG8664,1571
CG5445,2416
CG8661,677
Fim,4258
B-H2,3142
CR43491,629
B-H1,2724
CG8611,4445
CG12994,1165
CG5613,2235
p-cup,1875
CG8568,2647
CG43658,12257
CR44692,659
ppk23,2209
Ankle2,4080
CR44124,371
CG12991,2872
CG12992,1875
X11L,5719
stas,3148
CG8326,1260
corolla,1984
ND-24,1064
CG8289,1770
CG5800,2647
RhoGAPp190,8125
IntS2,3668
beta-Spec,7896
CG12990,2330
chas,7304
CG8188,3544
par-6,3032
CG8173,1643
CG42684,9647
unc-4,2999
OdsH,1289
CG12986,531
Socs16D,4906
CR44691,910
CG6398,1972
e(y)1,1124
CG8142,1224
Ucp4A,2082
CG15814,1922
Spt7,1309
CG32554,817
CG32557,2131
CG6762,1140
CR43981,543
Arp8,2289
CG6769,1543
mnb,6945
CG12985,1357
CG6788,1150
GSS,2838
CR32496,778
CG32495,2838
CG7772,843
Vps4,2411
CG6847,4182
Sh,22552
CG12672,1710
CG6867,3196
CG15373,3573
Dhc16F,12442
CG7536,4131
Ada3,2658
CG7206,1643
scu,1134
RhoGAP16F,3324
Mvb12,2347
Taf8,1341
CG7135,1518
wupA,1978
CR45605,922
CR45606,797
mir-969,94
CR32553,1066
mir-210,100
CG43133,541
ari-1,4815
CG43229,419
Frq1,5732
Frq2,4508
Andorra,947
Hesr,614
Him,920
CG33639,4799
CR45622,974
upd2,1980
CR45607,289
CR45613,1399
CG15059,904
upd3,2221
CR15061,680
upd1,3125
CR45608,848
CR45609,532
CG6023,1745
CG6123,6236
CG6106,2446
CrebB,5082
CR43686,308
por,2334
CG6179,1276
betaCOP,3203
Tsf1,2854
CG32549,3465
CG34328,497
CG15056,1424
CG42323,1333
CG32548,1774
CG6290,744
CG32551,393
CG43841,357
CG32547,4570
CG43843,1224
CR43842,1866
Hayan,2408
CR45714,1061
psh,1645
CG15046,1817
CG15044,822
CG15043,903
CR45627,208
GalNAc-T2,3668
Xrcc2,1132
Wnt5,4005
Ggt-1,2396
CG6470,1532
HisRS,2862
Bx,4473
CG6481,1372
CG15042,1405
CG15047,911
tRNA:Pro-CGG-2-1,72
CR43492,932
CG15040,6138
CR43289,302
CR44705,241
wgn,2594
Rip11,3889
CG6540,1249
CG6617,989
Ing3,2298
CG6659,3478
fu,3251
CG6696,997
CR45514,651
CR45710,594
CR44707,1096
phm,2203
Cyp18a1,3049
CCKLR-17D1,3192
Cyp308a1,1596
CG42302,759
CR45512,503
CR45513,861
CG6873,680
CG12609,1883
CCKLR-17D3,2230
CG6891,1565
CG18259,2055
CR6900,333
CG6961,1894
S6KL,2277
Atg101,1850
bnb,2726
CR44841,1524
CG7058,4548
CG42450,8896
CG7101,1454
Pvf1,2783
htk,8223
CG7280,2115
CG7322,1250
Usp39,1695
CG32544,1630
CG7326,2580
CG34401,13756
CG7332,3401
CG7358,4147
SdhBL,1949
CG7378,3832
CR44708,317
CG43759,6340
Diedel3,2719
CG14190,2489
CG34330,699
CG7406,812
CG14191,787
CG7423,682
CR45503,279
CG15882,634
tgy,1590
CR45711,637
Obp18a,734
RhoGAP18B,7478
Inx5,1814
mir-4959,118
CG33939,553
CG7556,2893
CG7453,1852
CG33253,2715
Mec2,1238
HP1D3csd,816
CG7914,1230
CG14194,1940
CG7990,3583
Ulp1,5498
CG14195,2696
Mur18B,1615
Muc18B,1146
CG7884,3960
CG14196,2455
CG7889,1468
CG7992,1693
Hs3st-B,2441
rictor,6739
Vav,5227
CG8010,1633
CG32537,2442
CG32536,887
CG8028,2031
CG8034,4405
CG8051,2565
snmRNA:763,95
out,3414
nAChRalpha7,5778
kek5,6417
CG32533,3600
CG12200,993
mRpS14,797
Naa15-16,4013
CR43260,507
pcm,5384
ND-18,768
CG12204,1110
ksh,435
CR44340,613
Pfrx,4250
CG14200,8141
l(1)G0156,2104
CoRest,5742
CG12231,711
CG32532,4689
mir-972,91
mir-9369,62
mir-973,101
mir-974,101
mir-2499,96
mir-4966-1,127
mir-4966-2,87
mir-975,91
mir-976,97
mir-977,99
Grip84,6125
mir-978,92
mir-979,95
car,3205
Tao,7414
CG14218,1571
CG14204,2768
CG14219,2308
CG14205,2338
RpS10b,1557
CG14220,1817
CG14207,1524
Shawn,3334
Tyler,3334
CG14210,567
Tim9b,1754
CG12788,1754
CG14221,2068
Naa20A,1256
MKP-4,2358
CG14212,897
e(y)3,9155
Rcd-1,1734
CG12237,1679
Sec61gamma,798
Arp10,1536
Ranbp21,5879
CG14215,6649
CG14223,3444
Ssu72,2186
CR44512,729
Zw,2512
et,2411
dome,4875
Ubqn,3429
CG14227,956
Mer,3400
CG14229,1210
Cdc42,2078
CG14231,1881
CG14232,2011
CG14230,2053
meso18E,3096
CR44889,832
CG12531,6764
AP-1-2beta,3228
CG14234,3638
COX6B,789
CG18809,2557
CG33932,1395
Rpp20,1395
CR45501,552
parvin,1840
Alr,1362
Pmp70,3659
CG12702,3517
zld,10605
CR44885,619
SkpD,656
SkpC,629
SkpE,713
pico,8245
Nup205,6470
THADA,5361
Hers,13107
amn,3953
CG45486,646
CR32821,354
CR45495,629
CG45487,646
CR43377,354
CR45496,629
CG45488,641
CR43378,223
CG45489,609
CR43379,352
CR45497,629
CG45490,600
CR43380,221
CG45491,609
CR43381,352
CR45498,629
CG45492,637
CR43382,220
CG45493,641
CR43383,224
CG45494,641
CR43384,224
CG43784,641
CG12655,611
Nep3,4851
CG17003,1129
Dop2R,6530
tRNA:Pro-CGG-1-1,72
CG9570,1226
CR45628,205
fd19B,981
Or19b,1164
CG42581,258
karr,466
CG34331,985
CG15322,3140
CG42583,378
CG34332,412
Or19a,1164
CG9572,1667
Rab35,3538
Phf7,2505
CG9577,1131
CG9581,1883
CG9578,1094
AnxB10,1247
Sdic1,2082
CR33491,369
Sdic2,2477
CR33496,369
Sdic3,2361
CR33487,369
CG46275,2188
CR46272,369
CG46276,2188
CR46273,369
CG46277,2221
CR46274,369
Sdic4,1820
CR33498,369
sw,3304
CR45465,735
obst-A,1905
Peritrophin-A,1516
CG17068,2785
Rab10,2336
CG17065,1666
CG42577,418
Inx6,1875
CR45504,1361
CR45505,688
CG1504,4635
CG1631,1178
CR46072,295
CG12679,759
CR34311,423
jb,591
l(1)G0004,955
Syx16,1282
HERC2,15917
CG15459,1072
CG15458,486
Obp19a,643
Obp19b,645
Obp19c,978
Obp19d,1101
Pp4-19C,2213
cactin,2334
CG15456,546
CG11710,1903
mal,3209
CG1695,6238
CG42578,333
CG32506,5559
GstT3,1369
RhoGAP19D,9502
CG15461,332
CG1812,3229
Tak1,3941
CG42579,413
RunxB,3355
CG42580,412
RunxA,4831
CR45466,788
Cyp6v1,3026
CG1835,735
hydra,2381
CR43862,667
CR45610,314
run,3145
CG1324,1443
CR45059,771
CG15452,741
CR44710,1062
CR43838,994
shakB,18308
CG32507,1006
CG15450,1490
CR43193,865
CG1314,1409
CR11235,363
I-3,813
CG11227,2531
Npc1b,3971
Ser6,901
CG1304,893
CG44426,583
CG11666,561
r-cup,2140
CG1532,1236
CG1529,3246
Ntf-2,3723
CG15449,765
Mgstl,1183
CR44431,475
Cbs,2202
Stt3A,2755
snoRNA:Me28S-U3344b,81
scaRNA:MeU2-C28,49
snoRNA:Me28S-U3344a,79
bves,5794
CG32512,2507
CG11566,3798
stg1,3798
CG15446,1526
CG1503,1405
unc,4775
CG15445,2380
CR44374,582
CG34120,7569
CG45154,607
CR45499,588
CR32511,363
CR45506,781
CG14579,1156
CG1724,843
CG32521,4555
CG32523,891
tRNA:Ile-AAT-2-1Psi,75
tRNA:Arg-TCG-2-2,73
CG1722,1173
CG1494,5469
CG1718,7210
mir-1007,65
mir-2535b,71
tRNA:Tyr-GTA-1-1,73
tRNA:Tyr-GTA-2-1,73
CG1801,5303
Rpt6,1404
CG33713,1352
SLIRP1,1352
Dd,3043
CG1486,3721
tty,7616
fliI,4827
dod,1021
peng,2367
sol,5724
Sep1,2026
waw,5450
bbx,5935
CR45612,393
CR45611,783
slgA,4305
Hlc,2116
snoRNA:MeU6-A47,91
mst,2443
lcs,590
CR45500,827
whe,434
CR45003,626
DIP-beta,5281
CG10918,643
CR45507,474
CR45508,497
Ir20a,1692
CR45509,296
CR45510,368
CR45511,438
CR45082,762
Cyp6t1,1785
CR44711,774
GCS2alpha,3637
CG17450,2311
CG33502,1060
CG32820,2650
CG32857,1059
CG32819,2423
CG32500,1084
DIP1,3823
CR44712,413
flam,2817
CG40813,642
CG41562,642
CG14621,2695
CG14615,1914
tilB,1358
wap,3580
Usp2,7489
CG14613,1817
CG14618,1210
CG12576,2773
Cp110,3382
l(1)G0196,9476
CR43493,2088
CR43962,309
CG17600,2621
S6kII,6055
CG17598,4272
CG17599,1756
CG17601,960
Cda4,1934
CR44997,878
CR44109,1140
CR45464,899
CG12446,2644
fog,6564
CG42346,9156
mir-2491,144
CR43656,1380
CG34334,2556
CR41352,394
CG41106,957
CR45502,752
CG40486,960
CG40485,1752
stnA,8332
stnB,8332
CR45009,659
FucTC,2001
CR45010,322
Rab21,1240
CG13865,2769
zyd,4412
CG12061,1471
CG17167,2973
CG17163,1828
CG17168,1516
CG17169,532
CG17159,4590
CG17162,4896
CR43480,2290
su(f),3014
ATbp,2269
28SrRNA-Psi:CR45853,255
5.8SrRNA-Psi:CR45854,123
2SrRNA-Psi:CR40677,30
28SrRNA-Psi:CR45855,704
18SrRNA-Psi:CR41602,1975
5.8SrRNA-Psi:CR45857,123
2SrRNA-Psi:CR45858,30
28SrRNA-Psi:CR45859,2689
28SrRNA-Psi:CR40741,1258
28SrRNA-Psi:CR41609,895
28SrRNA-Psi:CR45860,357
pre-rRNA:CR45856,5725
28SrRNA-Psi:CR45862,2004
5.8SrRNA:CR40454,123
18SrRNA-Psi:CR45861,1934
5.8SrRNA-Psi:CR45863,123
2SrRNA:CR45864,30
CG11023,1880
l(2)gl,5986
Ir21a,2629
CR43609,2230
Cda5,10793
CR46254,951
CR45339,244
CR45340,207
dbr,4499
CR44987,2798
galectin,2751
CG11374,1378
net,2225
Zir,6476
CG11377,1583
Nhe1,2551
Sam-S,3559
ND-15,1135
CG13694,1124
CG4822,4224
CG3164,3148
CR44969,1062
Gs1,2396
CR44185,727
CR44186,502
CG31975,2206
ovm,2206
CG31974,1908
CG11454,905
CG42399,5305
CG3709,1699
CG3436,1381
CG33635,769
spen,23035
mRpL10,903
CG11617,1357
Tbc1d15-17,3348
kis,19229
CR44220,400
CR44222,1190
CR44221,552
snoRNA:kis-a,88
CG13693,1660
mir-965,107
CR44218,904
Rpp30,1105
CG3645,1942
CG17075,7557
CR44219,754
CG3345,2417
mbm,1756
CG11555,931
CG17078,3132
smo,4008
CG11601,1452
CG3625,1974
CR46262,449
CR46263,1820
Amnionless,1893
CG11562,748
U2af38,1655
Stip1,2023
Pi3K21B,4938
Plc21C,7774
CR43719,812
CG11912,898
CG11911,970
CG33127,991
CG43755,2873
CG31921,2426
Ent1,1972
CR45367,1229
CR45366,846
al,1806
CR43718,452
CG4213,4436
RpI135,3564
AP-2alpha,4872
ebi,3327
CG13690,1219
RpLP1,768
CG11885,556
CG13692,665
BBS8,2259
ex,6672
CR43717,566
crq,2848
shv,1488
CR43080,501
CG4133,2642
CG4297,6869
MED15,2592
ush,6706
cbt,3243
CR46258,1815
CR46259,1364
lwr,1864
Spp,1736
Ets21C,5407
nAChRbeta3,1532
rempA,5772
Tspo,853
CG11835,3252
CG2794,2310
Nle,1584
Sf3b1,4346
Ipk2,1232
cold,1158
Ptth,1128
Pph13,1880
Gsc,2584
CR46148,670
CG13689,1551
CR43648,499
CR43649,795
lectin-21Cb,904
CR44797,559
CR44798,424
lectin-21Ca,940
CG2839,2549
CR45369,324
ds,12427
CR44988,549
CR46260,2784
Hsp60B,2203
Eaat2,3996
GABA-B-R3,7035
CR44614,580
CG12506,471
CG13946,406
CG13947,483
Gr21a,2220
CG3544,4359
Pkg21D,2583
CR45259,468
Nnf1b,783
Dbp21E2,1732
Saf6,2416
Pex12,2104
CG15880,896
PGAP2,1370
Clp,1246
CG3662,2982
CG3862,1533
dock,3735
drongo,4423
CR44060,462
CG4291,1310
kraken,1320
CG13949,1183
CR45345,2677
mir-375,91
CG13950,1185
aru,3445
snoRNA:Me28S-U1230,128
dbe,1185
PNUTS,5428
CG15824,7072
ninaA,871
CR45348,598
Lsp1beta,2749
snRNA:U1:21D,164
CR45261,319
CR44061,325
GluRIIC,3004
CG4341,4160
CR44801,2877
IA-2,10257
CG4375,793
CG4415,1395
S,5206
ast,2745
Atg4a,4078
CG4629,3115
mtRNApol,4718
CG14339,3266
CG14340,1030
Pino,2497
CG4552,2701
Iris,1767
CG4577,2707
CR45717,348
MFS3,2029
l(2)10685,1628
Tfb4,999
Vps29,999
capt,3233
CR43767,780
Tango14,1272
CG5080,2617
IntS14,1925
CG14341,646
Plap,2867
CG31922,497
Charon,1801
CG4887,3424
CG4896,3956
CG5126,1667
Tgt,1566
CG5001,2096
CG5139,802
CG43348,513
CG43349,459
CG5011,550
CG14342,802
CR45346,645
CR43263,832
CG42329,2477
CG5397,2903
robo3,7413
a5,776
CG5440,1328
CG33923,537
CG33922,537
Cdlc2,736
CR45005,340
CR45006,367
CG5556,1085
CG5561,1091
CG31924,819
CG5565,942
CG31659,695
NLaz,1149
CG14346,953
CR44898,1244
robo2,6206
CR44897,1586
CG43401,686
snRNA:U3,211
CG43402,1206
CG31928,1565
CG33128,1387
CG31926,1612
CG31661,1341
CG18131,1828
CG7420,1575
CR44064,1166
CG18132,684
halo,616
Or22a,1421
Or22b,1298
haf,6069
CG10869,2227
CG31935,3058
CG14352,1030
RFeSP,1118
CR44603,7316
CR45695,232
chinmo,12618
cpb,1926
CG17660,2357
CR44976,723
mRpL48,790
frtz,3601
Rim2,2417
Eno,3718
Rrp40,1031
CG31937,1184
CG17652,1198
CG17646,3552
CG17712,1436
CG17648,541
Gr22f,1137
CG17650,534
Gr22e,1170
Gr22d,1163
Gr22c,1152
Gr22b,1161
Gr22a,1185
CG31933,2076
CG31664,2075
c-cup,882
mir-2280,115
wry,5666
CR44073,403
CR44074,684
CG31663,3847
CG7295,1230
CR44075,819
CG15358,1178
Wdr62,11222
tRNA:Gly-GCC-1-1,71
CG15357,560
CG33673,798
erm,3291
tRNA:Arg-TCT-2-1,73
Der-1,1243
CG15356,4294
CG15362,813
CG7289,2130
Got2,1734
Npc2a,651
CR42874,1374
Obp22a,727
CG33543,2777
CR43464,2447
CG15353,350
CR45712,822
Nplp4,528
tRNA:Gln-CTG-2-2,72
tRNA:Gln-CTG-2-3,72
CG4238,4668
tRNA:Gln-CTG-2-4,72
tRNA:Gln-CTG-3-1,72
tRNA:Gln-CTG-2-5,72
tRNA:Gly-GCC-1-2,71
CG42296,3206
lectin-22C,857
Su(dx),4798
CR45298,865
Kebab,2240
Or22c,1209
dpr3,3160
CG12674,1219
CR44808,317
CR44055,1006
CG4259,1867
GlyP,3144
tho2,5404
CG11723,1907
TBCD,3910
AIF,2993
CG15382,1038
aop,5454
CR43751,3405
CR44066,996
tRNA:Arg-TCT-3-1,73
CR45290,598
CG10874,1586
CR44065,1082
CG34172,943
CG31668,1963
CG33124,2094
CG15385,2635
Uch,1196
CG34174,720
CG10880,1285
CG42371,691
CG15386,691
mio,2956
papi,2692
CG15387,693
sau,2585
CR44114,794
Sec24CD,4827
CR44115,676
Tengl3,1114
Tengl2,1018
Tengl1,1108
CG4267,2182
CR42859,2104
Ser12,845
CG17239,832
CG17234,808
Send1,875
CR44787,366
CR44788,335
CG4270,729
CG34049,967
CG17242,1035
CR43753,2875
CR43754,1130
CG4271,764
CG31681,949
CG42658,765
CG17237,914
robl22E,510
CG31949,786
CG16995,721
CG9967,1783
eys,8481
Rab5,3146
Axud1,4318
CG3597,1229
CG3609,1364
CG15390,929
CR44982,549
Atxn7,4078
Eogt,1869
PIG-Wa,1493
CG3557,977
CG43750,1112
VGlut,6174
CG18641,1790
CG31948,1362
CG34448,1052
CG34447,1472
CG9886,3762
CG44139,245
CR44912,832
dpp,5214
tRNA:Tyr-GTA-1-2,73
tRNA:Tyr-GTA-1-3,73
CR45286,1335
Slh,4220
oaf,3223
CR44607,285
CG3528,883
CR46069,1568
CR44112,571
CG3515,1511
CR44113,340
Cyp309a1,1997
Cyp309a2,1844
Rad1,1484
Sws1,1484
insv,1654
Elba2,1493
ND-B17.2,733
Arpc5,1070
Drp1,2868
CG15394,785
CR44790,843
CR44789,689
CG15395,1234
CG43403,596
lncRNA:TS11,2531
CR46328,872
lncRNA:TS4,897
CR43852,252
CG9962,1144
CG43851,476
CG33125,3995
Prosbeta4R1,830
Or23a,1363
Prosbeta4R2,1647
CG9879,1147
Gr23a,2022
CG31690,3248
CG15398,994
CG31689,3301
mir-4914,94
Hrs,2820
CG9961,1440
Cwc25,1730
Pgk,2112
Bacc,2718
CR44772,237
CG9960,1251
Snapin,1251
Tnpo-SR,3586
CG3077,2034
aph-1,990
Taf10b,560
Taf10,664
colt,1480
CG2862,709
CG15399,824
Syt1,9454
CR43821,490
daw,3265
CG2964,1930
G6P,1194
Duox,5336
CG3123,1961
CG3119,1293
Cpr23B,1066
CR45342,202
CG2975,1884
CG18558,1813
CG18557,1073
CG3117,1217
CG2983,1307
CG3104,2799
RpS21,842
CG2991,3392
CG31694,2639
CG8813,998
CG8814,1785
Prx6005,861
CG31950,658
betaggt-II,1433
NTPase,2802
lilli,10614
Rbp9,8054
Ts,1346
Rrp1,2551
gammaTub23C,1850
CG9641,1933
CG3165,1323
CG9643,878
Chd1,6565
Bem46,1710
okr,2878
CG3558,4333
CG17265,3261
CG17224,1577
CG17264,2794
alpha4GT1,1714
CG3542,2906
Sf3b2,2684
CG17219,1253
CR44147,492
GABPI,1702
CG17258,2863
SerRS,1911
CG17260,1425
cnir,871
CG17221,1709
CG17261,869
FASN2,8161
snRNA:LU,116
snRNA:U5:23D,131
FASN1,8744
toc,11265
PpD6,1327
CG15403,855
ND-B14.5B,762
Mad,3412
gkt,2221
CR31953,715
Hydr2,2857
tRNA:Ser-AGA-2-3,82
CG44002,1273
CR44003,1709
tRNA:Ser-AGA-2-4,82
CG31698,569
CG15404,468
CG34393,2982
CR45336,642
CR45337,309
CR45338,370
CR45706,1547
CR44484,378
CG3347,2192
CG3332,2883
CR44485,770
CG9664,3135
CG9663,3062
CG3277,3475
CG15406,1646
Fign,2364
CG8837,1838
CG33281,1594
CG33282,1583
CG3285,1631
CG15408,1565
E23,5149
CG8838,973
CG34394,7122
CG15412,1889
CG9662,846
Ptpa,1393
CR45301,416
Sfp23F,322
CG42460,553
CR44791,406
lncRNA:TS15,1122
CG34175,662
pgant2,3575
CG8840,640
CG31952,1376
CG2772,1338
Snx1,2028
CG12795,1072
Cog3,2973
Sec5,2885
CG3246,1511
msl-2,3843
mir-4971,111
ND-PDSW,738
Pif1,2611
CG31776,1964
pgant4,2543
CR45372,694
CR43928,1241
Thor,755
CG15414,1402
tim,6181
CR45299,439
CG31954,978
CR45300,342
LeuRS,3934
CG17593,1832
CG3213,2379
CG8851,2547
Sr-CIV,1390
CG8852,2398
Spindly,2543
IFT57,1484
CR44308,427
drm,2817
CR44309,1035
CR44747,233
CR43822,457
CG43815,414
sob,2611
lncRNA:TS2,402
CR43823,1704
odd,2347
CR44310,1324
Dot,2303
CG15418,531
for,6929
mir-4972,107
Drgx,2989
Sfp24Ba,522
Sfp24Bd,384
Sfp24Bb,456
Sfp24Bc,386
CG16704,350
CG3513,423
Acp24A4,653
CR43364,252
CG43165,532
CG16713,325
IM33,381
CG3604,631
CG10031,577
CG42464,300
CG42465,401
Sfp24C1,363
CG42467,361
CG43145,361
CR44311,334
CG2816,542
CG31778,1137
CG31777,383
cutlet,3236
CG31955,1088
CG2818,2896
lectin-24A,974
Shaw,5000
CG10019,6367
CG43707,8942
CG43703,318
mir-1004,68
CR43704,529
bowl,4280
CG31960,676
CR31958,606
bark,10223
Reph,4890
CG3407,2418
CR44076,511
CR44077,811
slp1,1425
slp2,2346
CR44983,532
CR45451,532
CR45449,649
CR45450,695
CR44078,566
CG3964,3758
Cep97,2977
CG31957,885
capu,6240
fred,7521
CG31773,2493
CG43797,789
CR45344,537
CG34176,401
CG15422,687
CG15423,566
CG43773,295
CG43774,438
ed,6425
CR44984,955
snoRNA:Me28S-C437,116
Sr-CIII,1168
Sr-CI,2202
CG2955,1925
Or24a,1197
CR45791,697
CR44057,552
TBCC,1477
lectin-24Db,1162
CG3714,3288
ft,16852
CG3702,2369
RpL40,659
CR44608,538
CR45720,807
CR44058,1241
CR44059,1071
CR45294,366
CR45295,388
CR45296,498
CG15425,795
CR44080,1094
Art2,1595
tutl,9888
bdl,2730
Atet,5244
mir-1005,61
CR44697,395
CR44698,361
CR44699,426
CR44700,451
CG15429,943
CR45363,2854
Traf4,3225
CG17612,1979
Vps53,2960
Psf2,868
Tps1,2920
CG3652,867
l(2)k05819,5246
CG33003,2033
Dim1,606
CG15431,6408
CG43055,603
tRNA:Trp-CCA-2-1,72
CG34177,882
CG34178,940
CG43056,303
Sfp24F,578
CG15432,634
morgue,1749
Elp3,1863
MFS18,1846
CG15439,3335
CG15440,1224
ND-B8,460
Gs1l,1259
RpL27A,633
snoRNA:Me18S-C1831,72
mRpL27,932
CG15435,1948
CG15443,1731
CG15436,1411
FIG4,2729
ine,3965
dpy,71820
HP6,500
CR43716,647
CR44609,1255
CR45452,462
BG642163,1519
CG15635,3532
CG43798,747
CG3355,1414
lncRNA:TS6,732
CG11929,3034
Bsg25A,1352
Elba3,1446
CG3251,1685
CG34351,3223
Taf12L,591
CG15631,1995
CG15630,2672
CG42523,995
CG3294,1541
Clect27,1652
CR45297,235
CG15629,1432
CG3225,2387
mir-4910,66
CG15628,3932
Fnta,1352
mir-4912,60
Ir25a,3587
tank,2217
CG12194,2326
mxt,4096
CG11927,1734
mRpS2,924
Mon1,1882
smog,6121
Cf2,4315
CG3008,2263
CG15625,1222
CR45716,519
CG3036,2731
CG2837,1294
hoe1,4630
hoe2,2888
Sgs1,3950
CG14044,1318
mRpL24,875
betaggt-I,1784
jet,1453
Jon25Biii,827
Jon25Bii,894
Jon25Bi,866
Marcal1,2411
CG34124,6234
CR43824,1398
CG34125,668
eIF3i,1177
Scox,1041
CG3756,1153
l(2)05714,1285
CG14043,1986
mRpL28,1170
Gmd,1561
CG3792,1194
CG8891,769
CG8892,2080
CG34126,6094
Rtnl1,4841
CG31917,846
Tfb5,846
CG3887,1130
vkg,6503
Col4a1,6165
SP555,3042
CG14042,3042
CG31650,2019
CG33995,2691
CG44001,2778
CG44000,2778
CG9121,2717
eIF3h,1496
senju,1605
CG14036,438
His3.3A,1002
CG31918,2267
Rpn11,1208
CR45291,334
qtc,3566
CR43820,807
mir-2495,115
CR45305,223
RpL37A,777
pgant5,4545
CG5828,1935
CG4230,2318
ND-13A,953
Msp300,69810
snoRNA:Psi28S-2263,145
snmRNA:765,46
snmRNA:128,63
snoRNA:Psi18S-525k,140
snmRNA:158,157
Cyp28d2,1673
Cyp28d1,1617
CG7742,2194
CG14034,1139
TpnC25D,1250
tkv,4433
tRNA:Asp-GTC-2-1,72
tRNA:Asp-GTC-1-1,72
CR14033,1541
CR44744,1051
Cyp4ac1,1666
Cyp4ac2,1709
Cyp4ac3,1606
Bsg25D,4953
Bub1,4279
CR44743,1161
CR44742,514
vri,4739
CR45730,443
CG14024,2616
Ncoa6,10041
CR44985,267
cype,522
CG14022,652
TotM,552
fusl,3231
CG12512,2054
nompC,6886
CR42850,1980
CR44745,1082
H15,3282
CR43713,763
CR43714,701
CR43715,561
CR31647,1515
snoRNA:Me28S-A2486,116
mid,2920
CR45287,287
CG14020,1213
CG7382,888
cl,716
Vps52,2168
CG6907,1671
CR44793,1054
Cap-D3,4049
CG31648,898
CG31915,2487
CG7277,1604
tomb,836
CG14015,2148
Hel25E,2460
Lam,3737
Oscillin,2281
CG14014,1127
CG18269,919
CG14013,955
CG14017,1179
GluRIIA,3253
GluRIIB,2949
CR44794,945
snRNA:U4:25F,148
CG14011,1482
CG7251,1243
CG18266,1804
DIP-eta,2988
CR44795,432
CR44796,487
Cyp6a16,2501
DIP-theta,2881
CR44822,980
mir-959,98
mir-960,93
mir-961,89
mir-962,92
mir-963,89
mir-964,100
CR44821,331
Hsp60C,2162
CG12511,918
CR44819,1154
CR44820,892
CG7236,2495
CG14007,1090
CR44818,749
CG34011,1090
CG11149,2178
sip1,2780
CG11030,4173
CG14006,2397
CG11147,3030
CG11029,1805
obst-E,1810
CG9171,5434
CR31912,1712
CG31913,863
CG14005,1396
CG7239,1752
CG11034,2550
CR44575,515
CR44576,484
CG43307,296
CG31644,489
TrissinR,3637
rau,2268
CG44574,493
Sfp26Ac,309
CG43185,542
CG9029,561
CR44577,718
CR44578,336
Acp26Ab,504
Acp26Aa,958
CR44579,432
CG9021,1382
CR43808,1182
bchs,12155
CG14000,1363
CG9016,724
CR43926,757
dsf,3537
CR45288,218
CR45289,590
Sfp26Ad,612
Gpdh,3152
CR44986,697
CG9044,4425
CG13999,1041
CG13998,331
Vm26Ab,636
Vm26Ac,627
Vm26Aa,745
psd,1543
CG13992,2313
Ucp4C,1196
Ucp4B,1167
CR43465,1167
chic,2632
eIF4A,2480
ifc,2201
lid,7158
Tsp26A,3030
Gal,2345
CR43866,1832
CG9098,3750
H2.0,1662
CG13996,832
CG9107,1534
CG9109,1842
mtm,2230
CG9117,906
CG31643,2938
ade2,4434
mir-966,87
slmo,2191
CG34179,2056
CG12393,1842
CG9135,2412
CG13995,3379
CG34180,376
ND-51,1590
CG13994,631
Fbw5,2285
CG9147,1498
CG9150,870
Pfdn1,595
CG9154,787
Kr-h2,1771
CR43801,546
CR9162,1239
CR44773,308
Kr-h1,5306
CG45075,4168
CG9175,2078
stai,3792
CG31642,1950
Arpc4,712
WDR79,1724
tctn,2650
B9d2,2650
CG9222,1290
CR45719,417
CR44824,443
CG13991,5629
Muc26B,1670
CG31639,633
CG13989,855
smal,5506
Ugt37b1,1740
CR44823,354
Ddr,5076
AANATL2,964
CG13983,877
CR42735,445
CG43922,375
CG13984,657
PDZ-GEF,7106
Pez,4546
Cpr,3344
CG9497,1774
CG9498,1514
ppk7,1722
ppk14,1515
CG9500,1148
CR44777,1610
CR44778,926
CG9505,2309
slam,4117
DIP-epsilon,3150
CG9507,2154
CG42370,2078
CG42369,1397
CG13982,2643
Tig,7018
Fic,1918
CG9527,2887
retm,3700
frj,2254
Rchy1,2252
CG9531,1369
mmy,2195
CG9536,1944
Sec61alpha,2128
CR45463,270
Daxx,5718
KFase,1363
epsilonCOP,1105
Phf5a,483
CG31638,3212
CG9547,1441
CG9550,1298
CG31637,2672
CR44775,981
eya,3690
CR44776,583
IFT52,1470
COX5B,729
CG9596,2343
COX5BL,647
Ent2,2385
CG13766,2070
CG11319,8072
CG11050,2405
DIP-iota,1327
CR44913,367
CG34345,1777
Oatp26F,2418
CG31635,9511
Tango1,4679
CG31633,1452
CG31636,1567
CG11070,3391
CG13771,1431
CG34310,4571
cup,4306
Galt,1484
Spn27A,2283
cort,1655
Nse1,977
Nhe3,4553
CG11327,1808
Tsp,5017
AkhR,3182
Aatf,1703
homer,3066
Liprin-alpha,6208
TTLL3B,3017
TTLL3A,3076
CG11221,2722
CG31910,905
snoRNA:Me28S-G2743,79
CG44271,494
CG11322,1765
LUBEL,9867
CG17378,3254
nrv1,2195
nrv2,3568
CR43610,341
tRNA:Arg-CCT-1-1,73
CG17376,844
CG17377,1312
CG11236,1181
CG17375,1280
CR44081,471
sens-2,3744
Rca1,1552
l(2)k09022,6472
Nha1,2745
CR44915,593
CR44914,1272
Nlg2,5645
mir-932,91
CG13773,1081
Rat1,3341
Wee1,2652
x16,1787
CG32829,865
nop5,1813
snoRNA:nop5-x16-a,101
Hrb27C,8693
CG43232,774
CG18304,6641
Fgop2,2048
ihog,3276
Gas41,840
SA,3634
CG13775,2178
CG3430,1973
Atac1,1230
CG10399,1218
sip2,2345
Coprox,1467
smt3,743
snRNP-U1-70K,2948
CR43142,554
uif,11820
CR44326,790
CG43321,542
CG43322,1272
ade3,4780
Pcp,718
CG31908,2135
MME1,1245
Rab30,2055
Caper,3222
milt,7667
Mnn1,5292
CG31907,1574
Sem1,427
Nuf2,1290
CG11289,1513
Pvf2,2102
CR44611,505
CR46196,463
Pvf3,6237
CR44612,2960
CR44610,423
CR46210,588
CR44613,293
MICU1,2088
CG4496,2764
CG4497,2741
CG4502,2082
CG13784,5455
mEFG1,2503
CR44989,470
Ndae1,7054
CG43799,854
CG43800,590
CG13786,2185
Wnt4,3367
CG31909,628
wg,2919
CR45304,576
Wnt6,2855
Wnt10,2375
CR44063,425
ninaC,5425
CG5149,1898
gudu,2252
CG5160,1686
CR44079,465
CG5171,1730
CR46205,227
CG5177,1123
CG5181,1214
CG15818,1321
chm,3569
CR43857,1305
mir-275,98
mir-305,73
muc,2451
CG5958,1174
CG5973,3186
santa-maria,5563
Gr28a,1417
Gr28b,4264
CG6055,1163
Ziz,8696
CG6441,2042
Obp28a,575
RapGAP1,7387
CR44082,404
CR46063,510
Spn28B,1248
CR45370,321
Cyp4d21,1821
CG6739,2718
CR44799,407
CR44800,374
Slob,7358
Myo28B1,7433
CR44148,559
CG18585,1423
CG7025,1350
CG43235,678
Tep2,5288
Tep3,4928
CR44990,1359
Ntl,2184
tRNA:Tyr-GTA-3-1,73
CG33296,1949
CG13793,1927
CG13794,2027
CG13795,2499
CR46074,401
CG13796,2765
CG31904,3572
Acp1,858
CG7214,1041
ATPsynGL,547
CG7203,730
CR45718,201
CG46025,2778
CG7191,1643
CG7179,2226
Uro,1262
CG7164,1236
CG7154,2834
CG7149,2467
LKRSDH,3495
CR44825,412
Herp,2560
r2d2,1879
cdc14,5381
LanB1,6282
CR45008,310
CG7115,2804
Rack1,1693
mts,3102
CR43100,638
CG14537,811
CG14535,5826
lectin-28C,3044
TwdlE,1346
Proc,1977
CR45364,390
tRNA:Gly-GCC-1-3,71
spz3,2552
CG7102,2264
SmE,521
CG34132,535
Spn28Da,1270
Spn28Db,1188
Snoo,8413
CG7231,1896
pes,3846
CG7227,2720
CR44996,1639
Sirup,727
Wwox,1502
Spn28Dc,1792
CG12560,995
CG34010,876
Tg,3129
CG7367,1635
baf,1022
Cka,5928
CCDC53,655
RpL36A,514
snoRNA:Psi28S-2648,162
CG7466,10201
poe,16216
MED20,1037
Trf,983
Mcr,6296
CR45257,249
Bsg,11657
mon2,5806
CG8673,1404
CG12375,1165
CG8668,3215
PAPLA1,6996
mir-4984,123
CG42762,593
CG42763,660
CG43394,4619
CG31606,690
Rbsn-5,1846
CG8498,525
Piezo,10908
CG34134,485
CG8475,5507
CR44116,2541
CG8460,1368
PGAP5,1636
SLC5A11,2660
CR44119,2095
CR44120,282
CR44121,267
CG8419,3240
Su(var)205,1109
Ssb-c31a,536
CG8372,864
CG8360,787
CG8353,1011
CG8349,928
CG8292,1105
Snx6,1821
Pvr,6653
Spn28F,1213
CR43262,320
CG14277,825
CG43057,577
CG8086,6129
Btk29A,9022
mir-2b-1,77
tRNA:Lys-TTT-1-1,73
CR43752,509
wol,1335
Scgalpha,1657
CG7840,1156
Ostgamma,1245
Mettl14,1407
CG7810,1320
CG7806,4972
mtsh,2528
strat,888
CG7781,1981
CG14275,976
CG14274,1608
CG14273,1061
CR45371,1620
CG7778,2152
Mur29B,1884
CG7627,4778
RpS13,899
CSN8,641
Pp2A-29B,2757
CR45341,328
CG17292,2079
Wdr82,1089
CG13390,1230
CG17294,1012
AlaRS,3289
CG13392,922
Rcd4,733
Dad1,526
CG13384,2881
CG42819,604
snRNA:U6atac,97
CG42820,2377
Acp29AB,767
lectin-29Ca,792
CR45343,904
Peritrophin-15b,428
Peritrophin-15a,361
CG13385,1238
CG13386,984
CG31898,1172
fy,1688
CR44991,415
emb,4492
CG13397,2902
CG13398,3041
Akap200,3972
grk,1718
D12,3251
Chrac-14,592
mus201,3950
CG31897,3369
U26,3433
fu12,2151
prg,2149
d,6113
CheA29a,686
tRNA:Asp-GTC-1-2,72
tRNA:Asp-GTC-1-3,72
CG43796,632
CR43604,201
CG13088,1454
CG43400,564
Dh31,1295
Bace,1415
CG13096,2450
CG13097,2522
PIG-U,1478
mRpL51,628
Uba4,1710
CG13091,1796
Acer,3198
lmgA,3620
lmgB,3620
CG17834,2635
tRNA:Asp-GTC-1-4,72
tRNA:Asp-GTC-1-5,72
Sema1a,10190
tRNA:Phe-GAA-1-3,73
CR43855,747
tRNA:Asp-GTC-1-6,72
Glt,3373
CG9287,1979
tRNA:Asp-GTC-1-7,72
CG9289,2129
tRNA:Asp-GTC-1-8,72
tRNA:Asp-GTC-1-9,72
PrBP,1133
Trs23,765
Hnf4,5377
CR44992,1920
CG9314,1893
raw,5011
CG45307,408
CG12438,925
LManIII,3198
LManIV,2953
LManV,3074
LManVI,3160
CG42710,702
SoxN,4026
CR45365,656
CR45260,4902
CG32986,968
CG32987,1037
CG32988,829
CG32983,821
CG9483,920
CR44414,813
CR44415,1895
CG42713,674
CG34398,8746
Tsp29Fa,1391
CR46071,773
Tsp29Fb,1230
CG9510,1982
CG9515,1029
C1GalTA,2378
CG31886,3002
CG9525,3100
CG32985,1962
CG32984,1935
CG18088,2628
CG9541,2719
CG13101,1589
CG18662,646
rost,1671
CG9555,1478
alien,3235
CG17906,971
CG18661,886
Try29F,1280
CG9568,644
CG13102,1835
Rcd-1r,1184
CG9582,1326
CR44352,913
DIP-zeta,3562
CR44483,576
CG12439,868
Toll-4,3378
CG31609,555
CR44482,374
Or30a,1134
CR44617,459
CR44616,353
CR44615,469
CG32982,3648
CG13108,1021
CG9586,966
tai,11910
tRNA:Thr-AGT-1-1,74
aust,929
CR43734,322
borr,1298
lectin-30A,779
Ggamma30A,12543
CR45262,924
CR42844,504
CR45456,877
CR45457,515
CG17005,2234
Cks30A,1147
Eaat1,3139
CG3748,1946
CR44802,487
CG43350,360
CG13110,527
CR43404,600
CG34181,795
Shawl,6288
CR43865,1241
Aldh,2070
CG4438,930
Mco1,3337
Fbp2,1074
CG42847,817
FucTB,2029
scat,3558
CG3769,1333
RpS28-like,365
numb,4916
CG33723,543
CR43769,462
Gdi,2501
CG33298,6463
Oatp30B,5581
CG31883,1134
CG17855,1733
Cpr30B,711
CG13113,705
CG13114,1530
jp,6900
CR44149,631
CG3838,3400
Mtpalpha,2886
CG31709,1395
gcm,2173
CR43621,806
CG3841,2077
CG4382,1822
gcm2,2328
Trx-2,1357
GlcAT-S,2682
CG31882,834
Apoltp,13330
CG33299,825
CR46208,967
CR44150,1318
Pka-C1,5725
hoip,607
pelo,2045
CG31710,1495
CG4364,2124
Nckx30C,9704
CG13116,1006
CG13117,1305
Cyp4e3,1805
zf30C,2976
Taf11,777
und,1748
ppk18,1662
CG4017,1616
CG17633,1350
ppk11,3212
ppk16,3212
IP3K1,2097
hpRNA:CR18854,2564
CG4036,1017
CG13123,1094
nAChRalpha6,7779
CR43766,447
CR44701,294
FKBP59,1587
CG34183,533
CG4537,393
mtDNA-helicase,1965
Uhg2,419
snoRNA:U14:30Eb,81
snoRNA:U14:30Ea,81
snoRNA:Me18S-G1620,68
snoRNA:Me18S-A1576,113
Bka,758
RpS2,1208
Muc30E,5253
CG13124,3343
Etl1,3076
Srp54,2134
yip2,1391
CG5885,1044
CG4598,1216
CG4594,1103
CG4592,1105
TbCMF46,1763
CG42366,2717
CG42367,490
Cpr30F,827
CG31712,3159
CR45007,1602
Apf,555
CG4619,4136
CG5853,2623
CR45949,2215
mir-87,99
CG13126,1989
CG4709,1731
CG5846,989
CG4658,2735
CR44872,985
CG5850,4140
CR43683,1087
Dref,2872
RpL13,1203
CR13130,833
bib,3276
CG31875,1443
SoYb,4909
CG4747,3150
CR44873,734
Trp1,2459
CG13131,4130
CG13127,2623
obst-B,1149
CG33301,1563
CR44874,928
CR44875,497
Cpr31A,1229
Pen,2577
Spn31A,1428
CG44153,7309
CG13133,1182
CG34109,2551
CG13135,643
CG4839,6512
CG13137,1389
Sur,7393
CG31874,1623
Ripalpha,1259
RpL7,1167
CG34159,936
CG5734,2205
CG5731,1761
CR44845,971
CG5727,772
CG4901,2331
Npc1a,5198
Prosalpha6,1070
CG4908,1710
CG5708,1326
CG5694,2388
eEF1delta,928
mthl15,2836
me31B,1845
chico,3578
CR44995,380
bsk,2018
CG31717,910
Ror,2271
CG5676,769
Pten,3134
Rsf1,1760
REPTOR-BP,634
Mob3,912
CG4953,1746
CG4957,861
Mulk,1300
trk,882
Utx,4418
CG34043,1227
Ufd4,8431
Hand,713
CYLD,2340
CR44968,543
CG13138,1958
nmd,1719
CG5390,1401
CG4968,986
Cdk5alpha,2040
l(2)SH0834,936
Usp14,1632
CG4972,2080
CG5381,2788
CG4995,1507
RnrL,2577
Schip1,2063
CG5037,1473
GATAd,3647
SamDC,1224
CG31715,580
Sps2,1460
CG5022,2086
CG34367,1769
CG5367,1405
CG5045,1175
Cand1,4120
pim,978
lft,1281
CG5056,1255
rho-5,4685
CG33303,2333
dpr19,2684
gny,2557
CG5096,1649
Cdk1,1082
mRpS7,917
da,3603
CR45789,568
Mdh1,1289
Cnot4,4475
LSm-4,1578
CG17768,1578
Ir31a,2263
Ip259,1142
RpS27A,592
CG5355,2404
Klp31E,3850
RfC3,1134
pie,2089
CG5168,1666
SmB,776
KdelR,1746
CG5188,1050
Bug22,943
TfIIB,1604
TBC1D16,2896
holn1,1198
STUB1,1277
Nse4,1383
CR45375,385
loh,3374
ppk10,1653
LManI,3248
LManII,3633
RluA-1,3207
RluA-2,2013
Grip75,2141
CG7456,2666
CG6144,1705
CG13144,1555
Myo31DF,4318
CR44224,715
CG6094,889
CG7384,2261
Fatp,3401
Lrr47,1874
Lip4,2370
CG18301,1371
CG18302,2144
CR44618,663
Trim9,3816
CG6138,758
w-cup,1873
CG34160,497
CG34161,577
CG7329,1963
CR45351,1031
CG31872,3401
CG18284,1539
CG17097,3392
CR44580,533
CG17098,2737
CR45692,405
CG45690,279
CG31871,2332
CG17104,2130
CR44180,330
CG17105,746
CG17107,627
CG7299,983
CG7296,943
CG7294,538
CG17108,1164
CG7300,3044
CR44181,3138
Lip1,1681
Lip2,2292
CG6415,1254
CR44407,633
CG6431,1963
CG6443,1184
CG17118,979
EMC3,964
Dpy-30L1,655
Nup107,2715
Vha16-5,725
CG12299,3310
CG6729,2993
mir-4970,103
CG17124,2989
mir-9378,62
CG6495,2581
Ubc2,2252
CG6724,1535
CG17127,469
CG31869,3860
CR44582,671
CG31870,1205
CR44581,1049
Nos,5224
CG6508,1379
CG17134,1263
CG6700,4511
mir-4987,132
CG17140,2398
CG17139,2398
Porin2,1128
porin,2858
SmydA-3,2417
Dnz1,1949
aurB,1183
Stam,2854
CR43807,875
CG12517,556
CR45453,267
CR45454,371
CR44490,268
CG14071,1232
CR44491,701
CG14070,1229
CR45724,229
CG7309,2093
CG14069,598
dpr2,3039
CG14072,778
CR44492,592
CR44493,351
CG33129,3508
YL-1,1456
CG16743,1013
abo,1794
ATPsynG,789
SCAR,3118
piwi,3073
CG12253,1240
CG16833,7646
aub,3015
lectin-33A,612
RpL9,916
Nup154,5420
Art8,1210
CR45778,974
dUTPase,824
Samuel,5666
Acp32CD,886
CG14913,1716
CG18666,514
CR46264,682
CG14915,506
CR45725,428
CG43725,450
AstC,1202
AstCC,1173
CG16854,3075
Wdr59,3292
Ge-1,4932
Reps,4820
l(2)gd1,3043
CG6201,2308
Gr32a,1623
CG6230,4327
CG14921,953
Csl4,940
Nup160,4747
RfC38,1604
CG4751,4883
hgo,1445
Gyc32E,3845
CG31867,839
CG6287,1284
Ca-beta,8354
Vm32E,499
CG4788,1399
CR43859,565
ab,7279
snoRNA:Me18S-G642,78
cmet,7008
cana,6970
CG33695,1772
CR44182,521
Ppt2,1191
mre11,2013
Osi21,1211
CR43409,446
CR43721,286
CR44583,316
CR44584,355
CR44585,370
CG14926,853
CR44586,329
salr,5536
CR43681,3635
salm,6118
sala,1697
CG43355,1726
CG6488,1876
spz4,2954
Dlg5,7385
CG4970,2227
CG14929,1574
CG14930,866
CG43153,729
CG31705,2760
CG31706,1625
CG34162,1705
CR42743,2399
CG43438,640
CR44494,1028
CR44495,766
kek2,6939
Mst33A,1342
CR44496,606
Acp33A,340
spag4,1091
CG6614,3830
CG12307,680
CG4983,1666
CG43167,583
CR44497,646
CR44479,382
CR44480,403
CG44477,614
CR44481,570
CG4988,1218
CR44143,813
CR44145,1071
Vha100-5,2918
CR44144,677
CG42470,527
CG42471,330
Sfp33A1,359
CG14931,1024
CG14932,808
Tsp33B,1111
CG14937,1596
crol,7421
snoRNA:Me18S-A934,91
CycY,2553
Pde1c,7968
esc,1704
CG45011,412
CG45012,267
CR45013,584
CR45014,369
Sfp33A4,244
Sfp33A2,337
CR43937,363
Sfp33A3,418
CR43936,439
CG31704,514
CG44008,944
CG14933,1185
CG42486,927
Mal-B1,1814
Mal-B2,2328
CG42751,422
Or33a,1137
Or33b,1140
Or33c,1155
Crys,2261
CG16964,793
CR43314,10706
bft,94
CG16965,2300
CG6686,3210
CG34163,478
zuc,1148
dgt2,987
escl,1809
Ada1-2,1089
CG18789,1389
Qtzl,926
Ada1-1,1093
CG18787,1386
CG12264,1533
CG6746,1033
Rh5,1572
CR44588,372
CG6734,6470
CR44587,1073
dmGlut,2426
CG18788,1804
Tom70,2438
CG6766,1882
CR46070,734
CG6785,3980
CG6770,776
CR44589,238
Plzf,2152
CG14945,2486
JhI-21,2368
RpL7-like,1793
CG34164,1771
Rab3-GAP,4340
firl,2590
CG14947,1035
CR44591,965
CR44590,1270
prd,2695
CR44592,765
CR44593,1405
Pex19,1596
CR44594,350
CG6712,1336
Mt2,1114
Ced-12,2586
Patsas,2466
ThrRS,2896
Rab6,1896
Phae1,1248
Phae2,1147
CG17211,5159
rho-6,944
Gr33a,1634
CG31760,4723
CG31861,764
ZnT33D,2264
CG17217,626
CG6583,1071
crok,1033
CR43356,498
bru1,7791
atilla,834
CG31759,2402
CR45282,346
CR45283,1042
CG31862,630
CG43813,545
bru2,6095
CG17010,1413
Pkd2,3271
vir-1,2118
CG6405,1326
CG5446,998
CG6388,1815
CG5435,929
SC35,1987
snoRNA:SC35-a,153
snoRNA:SC35-b,156
eRF3,4409
Oatp33Ea,3025
CG5421,1623
Oatp33Eb,2743
CG5418,1196
CR17024,1288
bun,12590
mir-967,97
t-cup,718
CR43051,566
snoRNA:CG43051-a,147
CR42746,827
CR44598,486
CR44597,447
CR44596,962
CR44595,1149
nub,5278
Ref2,1749
pdm2,4624
CG15485,2467
CCT4,1916
CG6153,821
CG5780,881
PICK1,2293
CG5781,898
CG17036,1765
CG5776,3392
spict,1461
CG15484,913
CG6180,1020
CG5787,3637
Pih1D1,4389
MRP,7649
mir-9382,69
CG15483,1382
CR46206,1049
lncRNA:TS9,1199
CR43818,644
kek1,5788
CR44970,429
CR44971,316
ACXC,3564
ACXB,3557
ACXA,3567
ACXE,3448
CR44183,790
CG16800,1030
Vha68-2,2759
Vha68-3,2445
CG12404,1207
Vha68-1,2677
Tor,7987
CG9934,4759
A16,1366
CG9932,8998
CR44197,757
CR45447,305
CR45461,545
CG5142,2105
CR44198,417
CG43050,1119
CG5122,4007
CG9928,459
CG16978,409
CR44199,273
Pk34A,1303
kmg,2364
DnaJ-H,2233
Sirt1,3809
Sfmbt,5006
CR46256,1139
CG43925,314
CG5439,1829
CG5287,1557
CG31849,2199
CG5458,1262
CG16974,5528
Edem2,4085
CG16972,5882
Pect,2210
CG15482,1042
snRNA:U2:34ABa,192
kek4,2703
snRNA:U2:34ABb,192
CG9426,3184
mRF1,1420
Ski6,980
CG16812,1721
CG15480,656
CG16813,902
CG16815,718
Prosalpha6T,1020
Mabi,863
CG5867,1044
CG5945,1079
CR45330,590
snRNA:U2:34ABc,192
snRNA:U5:34A,127
CG16820,1574
l(2)k05911,2672
Naa20B,1168
CG31730,680
CG44085,10317
CG31848,816
Drep4,2146
CR44083,1486
Uvrag,2520
CR44972,631
CG31729,5656
CG16824,407
CG43778,6554
CG16825,3020
CG43779,836
CG16826,1248
CG9395,4191
CG9377,1191
Nnp-1,2882
CG6523,837
Tap42,1335
CG31855,1126
ND-B22,871
Bdp1,2352
CG6565,2327
CG9302,1972
beta'COP,3066
loqs,2290
CR44599,582
Ing5,1044
CG7099,6023
RpL24,1265
CG16957,825
CG10859,2209
CR44600,871
CG7110,3041
Vm34Ca,491
CG16848,1198
CG16956,737
CG42784,9436
CG43850,1204
Tehao,3181
CR45683,4516
CG9267,1335
Hsp60D,1960
CG42809,577
CR45684,316
CG42810,503
CG46308,5345
B4,8114
CG33640,537
CG33641,721
CG33642,702
CG33643,537
CG33644,477
CG33645,522
CG15638,488
CG16852,835
CG9263,751
CG16853,1366
kuz,7100
CR44973,465
CG9254,1684
mir-2489,95
CR43410,491
ics,1718
CR44726,331
CG18507,3620
CG31814,3986
CG7311,2316
CG9014,1377
CG31813,893
CR45913,2441
CR44846,1431
TM9SF4,2669
mir-1002,89
mir-968,92
CG43376,303
CG9008,2194
CR31845,868
p38b,1821
CG16890,1232
CG31731,5211
CR44847,711
CG16863,2237
Sec71,5818
CAH1,1456
Adat1,3003
CG16865,1549
CG16888,557
Sos,5635
b,2135
tam,3679
Arpc1,1732
Orc5,1687
DNApol-gamma35,1570
GatC,1570
RpII33,970
mRpS23,707
CenG1A,5368
CG33307,1832
CG33306,800
CG8997,1347
CG7916,923
CG7953,1154
CG7968,867
CR44848,637
Smg5,5096
Ance,2183
Ance-2,2222
Acyp,570
Ance-3,3426
CG16886,2433
CG42711,983
CG16885,1333
CG16884,1413
NimA,2877
NimB1,1289
NimB2,1435
NimB3,466
NimB4,1478
NimB5,1395
He,673
NimC1,3292
Cyp28a5,1766
NimC2,2819
rk,5386
CG42692,663
tRNA:Gln-CTG-4-1,72
bgm,2636
NimC3,852
CR44849,931
CR45352,451
CR31840,378
hll,2206
CG18095,2036
CR45284,6301
nAChRalpha5,9373
NimC4,1282
CG46301,6643
CG15293,1337
CG31769,1086
CG43332,2025
CG43333,4314
Dyrk2,4955
CR44727,403
CR44728,990
CR44216,565
wb,13907
CR44729,734
CG32971,912
CR43639,617
CR43640,1860
ms(2)34Fe,4826
CG33090,4075
CG15286,1841
Send2,774
mTTF,1433
l(2)34Fc,750
CR44850,730
CG43052,491
l(2)34Fd,2321
Rab14,1857
CR44851,814
Pgant35A,2160
CR43463,2019
spel1,4433
ppk,2462
elB,3326
CR44733,291
Pburs,545
Cpr35B,813
CR44732,2211
CR45726,601
CG15283,641
CR44730,226
CR44731,713
noc,2859
tRNA:Pro-AGG-1-1,72
CR45303,1120
CR45693,2171
tRNA:Gly-GCC-1-4,71
tRNA:Gly-GCC-1-5,71
tRNA:Gly-GCC-1-6,71
CG33648,951
tRNA:Gly-GCC-1-7,71
tRNA:Gly-GCC-2-1,71
CR44852,988
CG4218,1333
CR44853,566
CR44854,543
CR44855,578
CG3473,712
CR44856,625
CG42680,251
tRNA:Pro-AGG-1-2,72
osp,6846
tRNA:Pro-AGG-1-3,72
tRNA:Pro-AGG-1-4,72
CR43411,364
Adhr,2116
Adh,2254
CG15282,701
CG34165,686
CG42685,5002
CR44857,448
CG31835,1225
CG31775,613
CG42585,1225
CG42586,613
CG34166,613
CG42681,344
CG42587,279
CR45460,210
CR45459,306
CR45458,274
CG4691,1158
CR44858,720
CSN1a,1301
CG4701,1318
CG4650,964
CR15280,1209
CG18636,1103
CG18420,1857
CG33308,909
CG33309,1779
CR43805,1707
CG42682,669
CG15279,2828
CG4480,1447
CG15278,1733
CR45727,305
ProtA,683
ProtB,679
CR45302,307
CG42313,5298
CG3491,5860
CR45331,534
mol,3012
DCTN5-p25,730
l(2)35Be,800
NC2beta,726
THG,1170
l(2)35Bd,1769
CR43856,853
GABA-B-R1,5642
CG33310,2632
CG31832,762
yellow-c,1600
CIAPIN1,2358
Su(H),2950
ck,7404
CG33679,755
TfIIS,1773
solo,3337
vas,2285
vig,3372
CG15270,6138
CG15269,2122
stc,4145
CR43853,987
CR44706,359
CR43854,505
tRNA:Leu-TAA-3-1,84
CR44771,619
CR44770,433
CG4168,6080
Sfp35C,368
CR43357,591
CR44196,919
CG43230,799
ZnT35C,2143
dao,4459
Pol32,1486
l(2)35Cc,1011
yuri,4821
Cul3,5403
UK114,610
CR43682,655
CR45349,422
CG15263,1048
CG15260,814
ms(2)35Ci,1489
CR43764,1897
CG15262,1560
nht,948
esg,2273
CG15258,707
CR44859,601
CR45373,317
CR44860,299
CR45374,413
CG44869,378
wor,2222
CG4161,1996
CR44861,574
CR44862,714
CR44863,413
CR45353,584
sna,1668
Tim17b2,817
CR45293,255
lace,2991
CR44864,907
CR43761,1918
Skadu,670
CR45728,408
CG15256,1449
kek3,4760
CG15255,1549
CR44865,576
Semp1,789
CG15254,868
CG15253,942
CG11865,849
Or35a,1290
CG7631,813
CG18480,4737
CG4587,9362
CG44141,434
CG18477,1483
CG18478,950
CG43923,521
CG44140,434
CG31780,1483
CG31827,950
CG43924,521
CycE,5047
CR44974,686
CR44866,324
ND-B17,992
snRNA:U5:35D,126
Mtr4,3585
Gli,4468
CG3793,1738
wek,2033
Ku80,2304
CG31826,1228
CG43760,411
CG18109,6001
CR44602,3083
CG42876,1513
CR44601,564
CR45368,200
CG18518,1090
CR31822,646
CR45694,418
CR43763,428
CG13243,1467
Tektin-A,2169
CR42791,410
CG42792,468
CG7653,2901
CG44475,343
CR31824,679
Tep1,4219
CG31735,1399
CG31823,1403
CG31821,1423
beat-Ib,2611
CR44867,372
CR44868,552
CG13244,611
CG4793,2832
CG12448,1293
CG18063,1283
CR43803,820
CG10839,1646
CR43412,202
beat-Ic,4924
CR43825,509
CG34167,661
CR43826,537
CG13245,1065
CG43816,1065
CG31820,440
CR44844,414
BicC,4547
CG45084,4311
beat-Ia,2870
CR44870,735
CG4891,948
CG4892,905
CG34168,492
CR44871,840
Ca-alpha1D,10481
CR43806,814
CR44734,322
CR44735,401
CR44736,367
CG31819,1690
CR43840,737
CG42817,5851
CG42818,3500
CG46309,2770
PRL-1,3790
EndoGI,1516
twe,2379
CG4935,1083
crp,4402
pkaap,2439
CG17329,665
CG13258,811
CR44899,653
Cyp303a1,2787
heix,3130
CG17328,1569
GMF,1019
c(2)M,2262
CG5861,1126
Syx5,1861
cni,1182
fzy,1996
cact,3324
CG4278,1063
mRpL4,1012
CG4440,538
CG31817,7203
CG42266,1949
CG44405,1933
chif,7747
CG42231,1507
CG4455,1528
CaBP1,1781
jhamt,1073
CG5888,1883
snoRNA:Me28S-A2958,135
Idgf1,1445
Idgf2,1796
Idgf3,3954
dac,4982
CG4580,1982
CR44994,532
Tpr2,3043
CG5953,5046
mir-4943,117
snoRNA:Me28S-C1237,100
CR45354,432
CR45355,267
CG31816,509
CG42389,10530
CG5968,723
CG31815,1500
CG4631,2668
CR44151,422
Trpgamma,5320
her,2378
mir-2497,96
squ,1372
grp,3049
CG31807,983
CG33552,788
CR44975,418
mir-9c,92
mir-306,85
mir-79,97
mir-9b,91
CR43669,845
CR43670,2132
CG31808,1929
Cyt-c-d,837
Cyt-c-p,681
VhaSFD,2829
mir-1006,64
CR43671,1647
CG31812,1369
CG17996,529
Prosbeta4,815
CG17904,1075
glu,4521
ChLD3,2265
LSm7,727
BuGZ,8738
yellow-b,1839
ppk17,1903
Mhc,9058
Cyt-b5-r,1557
CG17928,1651
Ugt36Ba,1799
Ugt36Bb,1620
Ugt36Bc,1954
CG13280,1745
CG13272,3715
mdy,2689
Cse1,3237
AspRS-m,4422
CG13282,1844
CG13283,2123
SclB,1160
SclA,1027
CG13284,2818
CG31810,1138
CG31809,1338
CG6012,1041
CR43858,418
CR31781,2679
CG32832,772
CG31743,2239
CG34313,2239
CG6115,743
tweek,16466
CR44392,933
CG42556,1332
CG31805,2071
CG12288,1562
ApepP,2190
CR43053,604
CR44393,552
CR45285,293
beat-IIIb,3249
CG44406,332
CR44408,603
CG31806,657
CR45356,225
CR45357,259
CG6304,1692
CR45462,303
CR43802,685
CG15136,900
CR43819,719
CG12620,1546
CR45448,543
CG31784,2462
beat-IIIa,4457
CG34106,4457
CG34169,625
CR44394,571
Gr36a,1176
Gr36b,1185
Gr36c,1173
CG31750,1233
beat-IIIc,3902
CR44396,762
CR44395,496
CR45729,302
CG15140,1266
CG6380,1128
CG34170,353
CR45696,232
CG45691,463
CR43239,874
CR44345,647
CR44346,414
CG31804,856
Lrch,6528
CLIP-190,8115
Rpb11,516
CG15141,1683
CG31803,929
Dif,5695
CR44409,452
CG5043,1758
CG33928,543
dl,6432
CR46204,1891
CG5050,1314
SPH93,1587
CG18563,1251
BicD,5498
Sgt,1534
Aac11,2458
fws,2477
CG5110,729
GCS2beta,2255
CG5131,1051
CG43645,422
CG43221,422
CG43220,163
qua,3792
CR45715,687
CG15142,773
mEFTs,1526
Dhc36C,12202
CG15143,3513
CG15144,3362
CG15145,2787
CR43304,469
CR45697,665
CG7094,1412
CR45919,5739
mir-124,100
mir-287,93
CR45358,339
CR45698,529
CR45111,560
CR45112,371
CR44411,518
Oli,2024
CR44410,230
CG6870,985
Sytalpha,3190
CR44412,796
CR44413,593
CG15147,636
CG43054,531
CR45699,397
CadN,14396
CG43231,1180
CadN2,7989
CR43419,1283
CG42830,720
CR43420,923
CR45332,885
CR45333,296
CG43271,544
CR43274,519
CR44399,562
CR44398,821
CR44397,1060
btv,12821
CG5674,3371
CG5681,2168
Prosbeta5R2,1534
CR44767,745
CR44604,237
CR44605,249
CG5693,590
CG42659,429
CG42634,1028
CG42635,1028
CG31740,606
elfless,1643
rdo,3848
Arr1,2476
ninaD,1788
CG31741,2046
CG15153,1317
CG5755,1553
CG44476,290
CG15152,674
CG5758,3655
CG31785,1487
kel,5476
Socs36E,3503
CR44478,402
CG17681,1282
CG15155,909
CG5783,953
CG7200,2041
CG42750,6916
Ptp36E,4124
CR44900,698
CR43413,712
CG31802,823
CR43406,843
CR43408,644
CG31788,425
CR44901,1226
CR44902,823
CG31787,876
CR44696,741
CG43362,152
CR44693,411
Sfp36F,254
CR43358,271
CG5790,2508
CR43353,504
CG43354,204
CR44694,382
CR44695,400
CR45721,478
CR44489,531
Fas3,6612
Acp36DE,2921
CG34171,1208
CR44486,716
CR44487,505
CR44488,638
RpS26,1864
ncm,4231
bsf,4457
Ntf-2r,771
let-7-C,2449
mir-100,100
let-7,78
mir-125,110
CG10283,3046
grnd,2100
kon,8276
CG10178,1987
CG10211,5187
CR44903,671
Pde11,7703
CG15160,4012
amos,786
CG10413,4010
CG31789,695
CG10333,2656
Atac2,2427
CG15161,1643
MESR3,2099
Cyp310a1,1658
CR42490,1916
CG43338,2846
CG43339,1469
Mst36Fb,1558
Mst36Fa,1643
CG31751,2094
tos,2390
msl-1,5021
CG10336,1379
CG10383,3046
CG10338,2418
CG10341,1873
CG10376,2500
CG10343,843
Jwa,1134
Faf2,2368
Grip71,2276
Irk3,2096
CG10348,3878
CR44768,860
CR44769,383
CG42752,791
CG15167,450
ham,5394
CR43804,524
CR44904,357
CG43814,785
CR43817,626
CG10570,2425
CG42502,2425
CG17325,1140
CG42305,1140
CG17324,1680
CG17323,2275
CG17322,1903
CG17597,1758
ScpX,1883
CG10600,5295
CG31752,1566
CG33120,2301
CG17321,2624
CG10602,2408
mRpL13,671
tup,3314
mir-4946,116
CR44737,2406
CR44739,931
CR44738,535
ssp3,6324
CR44740,455
CG46304,778
CG10428,1921
Nedd8,612
CG10621,1519
CR44741,387
CG10623,1725
Nak,7322
Tango6,2859
L2HGDH,1945
CG10431,3355
Swip-1,1860
CG15168,492
CG15170,1718
CG15169,1390
CG10650,1784
CG31792,4390
CG31793,4550
RpL30,804
snoRNA:Me28S-A2113,73
robl37BC,667
CR45292,353
CR44184,476
CG15172,741
CR43700,712
Sidpn,2188
hook,2317
CG31800,751
mib2,4362
Catsup,1698
Ttc19,1440
Acn,3153
CG10470,701
l(2)37Bb,1708
Rpn3,1831
CG10492,4507
Phlpp,3466
CG10495,1371
CG10702,4585
CG17343,571
CG17572,1344
CR33315,421
CG10700,1753
Lim3,4281
CG17344,803
CG43731,803
CR44905,908
amd,2224
CG10561,2052
Ddc,2797
l(2)37Cc,2119
l(2)37Cb,2791
l(2)37Cd,1821
AsnRS,2375
DCTN6-p27,708
l(2)37Cg,756
brat,12788
CR44977,1351
CG17568,1839
CG42688,785
CG46059,596
gammaTub37C,1628
pigeon,3334
drl,3104
CR46209,458
CR44189,669
CG31797,2809
CR44191,588
CR44190,1909
CG17564,1305
CG10750,1177
CR45700,3169
CR45258,597
dnt,2639
CG13086,690
CG17349,1147
CG17350,1115
fon,2276
CG17549,1203
CG17544,2633
CG31798,1913
Pax,4199
snmRNA:359,34
Lectin-galC1,759
lectin-37Da,651
lectin-37Db,562
CG16771,3351
CG13085,1433
RtcB,1742
Rab9,1604
CG10237,2769
RanGAP,2401
Hs2st,1652
Top2,5242
CG10026,2091
tj,3492
CR45722,769
CR45723,660
CR43839,784
CG10195,2118
CG13084,1544
CG13083,1145
CG10194,1215
CG18094,1357
CG10189,1404
swm,4249
Top3alpha,3925
CG10188,5302
Hasp,6466
CR43363,511
CG10132,4685
CG10166,810
CG10137,3227
CG10165,1811
CG33116,2512
CG31697,657
CR45455,259
CG13082,1316
CG13081,817
ref(2)P,2395
CG10337,1297
Tep4,4889
Tep5,3555
CG13078,910
CG13077,1146
spi,1817
mir-2a-2,72
mir-2a-1,76
mir-2b-2,83
msb1l,1366
CG10268,1156
Hakai,1760
PCNA2,1034
CG10366,2062
Lar,10337
CR44978,971
CG46244,8637
CR44979,272
scw,1590
CG10462,3287
Nf-YB,928
CR44906,1668
CG10631,12133
CG10628,1254
CG10463,1921
fbp,1202
bsh,2012
CdGAPr,7824
CG10466,621
fs(2)ltoPP43,2435
sick,14459
snRNA:U4:38AB,142
snRNA:U5:38ABa,127
snRNA:U2:38ABb,191
CG13962,769
snRNA:U2:38ABa,192
snRNA:U5:38ABb,127
CG10481,2008
CR43097,1164
TotF,506
Victoria,522
CR43828,2082
CR43827,546
CR45183,682
COX4,1231
CG34051,771
CG42866,403
CG13965,535
CG16772,1095
CR45701,303
CG10680,1272
OS9,788
Hf,896
CG43861,3707
CR43620,895
CR44908,327
CG10659,837
sNPF,2447
barr,2908
lok,2439
vls,1310
bwa,2269
CR44907,526
CG10730,2000
pr,1073
neb,3592
fok,2297
CG10747,1634
CG10721,1612
Taf13,628
nesd,2134
mRpS18B,863
Kua,2487
CG13970,765
CG10651,1061
CR40341,754
CR40172,795
CR40465,634
CG17571,1205
CG17570,1006
CG12617,1022
CR43414,657
spir,6505
CR43606,1286
La,1549
RtGEF,8609
snoRNA:Me28S-A3365,101
Ugt37a1,1623
CG16798,2512
CG10947,3072
CG10949,1689
Arpc2,1974
snoRNA:Psi18S-525a,134
snoRNA:Psi18S-640a,132
snoRNA:Psi18S-525b,135
snoRNA:Psi18S-525c,134
snoRNA:Psi18S-640b,137
snoRNA:Psi18S-525d,137
snoRNA:Psi18S-640c,128
snoRNA:Psi18S-525e,130
snoRNA:Psi18S-640d,131
snoRNA:Psi18S-525f,135
snoRNA:Psi18S-525g,134
snoRNA:Psi18S-640e,124
snoRNA:Psi18S-525h,135
snoRNA:Psi18S-640f,126
snoRNA:Psi18S-525i,136
snoRNA:Psi18S-640g,129
snoRNA:Psi18S-525j,136
CG15130,624
CG31688,8619
CR43607,791
CG31683,2031
CG31687,6696
CG18858,2029
Cdc23,2270
CG2493,1860
CR44980,951
CG43233,541
CR43234,1844
CR45361,3150
mir-1,91
CR45360,802
CR45359,916
CG34007,671
CR45702,715
CG44270,712
CR45707,582
lncRNA:TS1,404
CR45347,768
mir-4973,151
CR44909,1405
CG31677,662
CR43608,805
CG15475,1038
mir-133,98
mir-288,97
CG17472,582
CR43158,493
CG31680,527
Sfp38D,1234
CG17470,939
phr6-4,2167
CG2608,1477
Uhg3,836
snoRNA:Me28S-C2645a,75
snoRNA:Me28S-C2645b,75
snoRNA:Me28S-C2645c,75
CG18810,1168
CG2611,634
brun,4892
CG2614,2246
CG31678,5676
CR45004,3724
IKKepsilon,2551
Cen,2926
CG2617,1262
Hr38,7704
CR44187,911
CR44188,1099
CR45306,549
CG9316,2170
CarT,2523
TM9SF2,2810
Fs(2)Ket,7157
CG9319,1335
Ns4,1961
Rhau,3125
dia,6718
cad,2570
Pomp,1092
vari,2867
CR44146,381
CG9328,2301
CG33322,1599
CheB38b,695
CheB38a,595
CheB38c,659
CG9331,2673
CG31673,1224
CG31674,1276
Oseg5,2570
Spn38F,1198
CG31676,1107
CR44307,300
CG14402,1688
twit,1150
CG14400,905
CG9336,804
CR9337,933
CG9338,1087
CG31675,1151
CG14401,1399
sky,6439
CG43739,4863
CR44981,1316
CR33317,351
Mtp,2930
CR33318,523
RPA2,963
CG9272,1357
CR33319,593
CG9270,4143
CR44606,1036
CG42238,3923
Itgbn,3340
CG9265,3125
tadr,2656
CG33511,1248
CG33510,1566
CG33509,1405
ppk13,1514
CG9259,1566
CG14397,533
l(2)05287,3471
CG34136,706
CR43809,1650
CG9257,1579
CG46307,4602
Nhe2,9080
CR44056,502
Dap160,6395
CG9253,1669
snoRNA:Me18S-A469,88
del,3292
E2f2,2002
Mpp6,1335
CG9249,1065
CG9248,1980
Nbr,2335
CG9246,2391
CR44910,401
CG43345,2482
CG43346,2482
Acon,3103
CG31627,902
bur,3116
scaRNA:PsiU2-38.40.42,137
CR44911,1320
Mcm10,2820
Ret,4912
CG31624,1150
CG31988,1149
clumsy,3421
Atg18b,2435
snRNA:U4:39B,143
CG8679,2541
CG8677,9183
CG31626,1363
CR45713,1291
Hr39,4984
mir-9374,61
l(2)k14505,1055
CG8671,5112
mir-4974,102
Cyp6t2Psi,1463
Mondo,5170
Gr39a,3807
crc,3423
CG46314,2515
CR44785,645
CR42696,455
dimm,3295
Tsp39D,2359
dtr,4704
Gr39b,1110
CG8665,3624
nrv3,4770
His-Psi:CR31616,315
His-Psi:CR31615,315
His-Psi:CR31754,303
His1:CG33801,1023
His2B:CG33910,595
His-Psi:CR33802,333
His4:CG33909,413
His3:CG33803,529
His1:CG31617,1023
His2B:CG17949,595
His2A:CG31618,493
snmRNA:430:CR33727,36
His4:CG31611,413
His3:CG31613,529
His1:CG33804,1023
His2B:CG33908,595
His-Psi:CR33805,440
His4:CG33907,412
His3:CG33806,529
His1:CG33807,1023
His2B:CG33906,595
His2A:CG33808,476
snmRNA:430:CR33728,36
His4:CG33905,413
His3:CG33809,529
His1:CG33810,1023
His2B:CG33904,595
His-Psi:CR33811,333
His4:CG33903,413
His3:CG33812,529
His1:CG33813,1023
His2B:CG33902,595
His2A:CG33814,493
snmRNA:430:CR33729,36
His4:CG33901,413
His3:CG33815,529
His1:CG33816,1023
His2B:CG33900,595
His2A:CG33817,493
snmRNA:430:CR33730,36
His4:CG33899,413
His3:CG33818,529
His1:CG33819,1023
His2B:CG33898,595
His2A:CG33820,493
snmRNA:430:CR33731,36
His4:CG33897,413
His3:CG33821,529
His1:CG33822,1023
His2B:CG33896,595
His2A:CG33823,493
snmRNA:430:CR33732,36
His4:CG33895,413
His3:CG33824,529
His1:CG33825,1023
His2B:CG33894,595
His2A:CG33826,493
snmRNA:430:CR33733,36
His4:CG33893,413
His3:CG33827,529
His1:CG33828,1023
His2B:CG33892,595
His2A:CG33829,493
snmRNA:430:CR33734,36
His4:CG33891,413
His3:CG33830,529
His1:CG33831,1023
His2B:CG33890,595
His2A:CG33832,493
snmRNA:430:CR33735,36
His4:CG33889,413
His3:CG33833,529
His1:CG33834,1023
His2B:CG33888,595
His2A:CG33835,493
snmRNA:430:CR33736,36
His4:CG33887,413
His3:CG33836,529
His1:CG33837,1023
His2B:CG33886,595
His2A:CG33838,493
snmRNA:430:CR33737,36
His4:CG33885,413
His3:CG33839,529
His1:CG33840,1023
His2B:CG33884,595
His2A:CG33841,493
snmRNA:430:CR33738,36
His4:CG33883,413
His3:CG33842,529
His1:CG33843,1023
His2B:CG33882,595
His2A:CG33844,493
snmRNA:430:CR33739,36
His4:CG33881,413
His3:CG33845,529
His1:CG33846,1023
His2B:CG33880,595
His2A:CG33847,493
snmRNA:430:CR33740,36
His4:CG33879,413
His3:CG33848,529
His1:CG33849,1023
His2B:CG33878,595
His2A:CG33850,493
snmRNA:430:CR33741,36
His4:CG33877,413
His3:CG33851,529
His1:CG33852,1023
His2B:CG33876,595
His2A:CG33853,493
snmRNA:430:CR33742,36
His4:CG33875,528
His3:CG33854,529
His1:CG33855,1023
His2B:CG33874,595
His2A:CG33856,493
snmRNA:430:CR33743,36
His4:CG33873,528
His3:CG33857,529
His1:CG33858,1023
His2B:CG33872,595
His2A:CG33859,493
snmRNA:430:CR33744,36
His4:CG33871,528
His3:CG33860,529
His1:CG33861,1023
His2B:CG33870,595
His2A:CG33862,493
snmRNA:430:CR33745,36
His4:CG33869,526
His3:CG33863,529
His1:CG33864,1023
His2B:CG33868,595
His2A:CG33865,493
snmRNA:430:CR33746,36
His-Psi:CR33867,526
His3:CG33866,529
His-Psi:CR31614,825
Lamp1,1583
CR42545,416
nompB,2794
CR42546,759
CG2201,3885
CR43148,1512
Df31,2083
CR44993,451
Ac3,5172
CR43144,569
Cul2,3426
CG2225,6270
CR46066,936
eEF2,3056
snmRNA:254,31
nolo,5836
step,4776
CG1416,1644
CG31612,3433
CG11630,2020
CR44269,1001
CR44786,2824
tsh,4732
CR44917,2164
CR44918,1276
CR44919,1103
CR44920,628
CR45362,1210
CR43762,1047
CG11629,1624
CG1421,747
CG1428,2031
CG31600,929
CG11634,1947
CR45334,1413
CR45704,673
CR45703,290
CR44217,541
CR44803,649
CR44804,382
CG2528,5627
CR44916,659
CG31693,2145
tio,5708
CR33987,1047
CR45335,1174
CG41434,1838
CG31601,2434
CR46202,569
CG34173,415
CG42597,676
CR31700,654
CG31702,1710
ttm3,1107
CG31703,1727
CG15219,521
CG10834,443
CG6675,1425
CG3651,4096
CycK,5858
CR43240,102
CR43241,999
CG42748,14224
dunk,892
Clamp,2897
CR44809,537
CG3635,1381
Ir40a,2963
CR12628,620
CR43765,393
CG3262,7023
RpL21,704
Tif-IA,2140
CG17018,5366
CR43359,670
RpL5,3835
snoRNA:Psi28S-2996,136
CG17490,2877
CR46268,4164
CG17493,6173
Slmap,3228
CG40006,2590
CR43927,492
CG40439,707
CG17715,6035
lt,5368
CR40005,1227
cta,2764
Cht10,7373
Spf45,1444
CR43242,1090
CG12567,2330
mir-2490,75
CR44268,205
CR46253,1012
Gpb5,765
Tim23,893
CR42530,402
CR41519,238
Pp1-Y1,954
kl-5,13680
PRY,3744
CR45946,526
kl-3,13882
CR45947,526
kl-2,13386
ARY,1392
Su(Ste):CR42422,1339
Su(Ste):CR42407,1459
Su(Ste):CR41533,1543
Su(Ste):CR42419,1412
Su(Ste):CR42420,820
Su(Ste):CR42421,692
Su(Ste):CR42430,1383
Su(Ste):CR42426,1688
Su(Ste):CR42427,500
Su(Ste):CR42428,852
Su(Ste):CR40820,1058
Su(Ste):CR42432,755
Su(Ste):CR42412,1417
Su(Ste):CR42438,1189
Su(Ste):CR45795,1431
Su(Ste):CR45794,1322
Su(Ste):CR42444,1443
Su(Ste):CR42410,1484
Su(Ste):CR42414,1848
Su(Ste):CR42415,727
Su(Ste):CR42425,1663
Su(Ste):CR42416,997
Su(Ste):CR42417,977
Su(Ste):CR45796,1179
CR40629,885
Ppr-Y,1710
CR40441,177
CR45931,610
WDY,3394
CR45948,864
Su(Ste):CR42429,1695
Su(Ste):CR42431,1247
Su(Ste):CR42424,1690
FDY,1117
CR42201,237
CR41507,1041
CR41508,1041
CR41509,1211
CR41506,1096
CR41504,789
CR46157,420
CR46187,766
CR46158,719
CR46159,524
CR46161,257
CR46160,775
CR46162,253
CR46163,162
CR46164,766
CR46165,721
CR46166,266
CR46167,601
CR46168,410
CR46169,266
CR46170,678
CR46171,410
CR46172,453
CR46173,690
CR46174,266
CR46175,453
CR46176,690
CR46177,266
CR46178,277
CR46179,718
CR46180,760
CR46181,165
CR40601,687
CR46182,775
CG46191,309
CR46183,527
CR46184,719
CR46185,758
CR46186,414
CR46188,1030
CR46189,454
CR46190,582
CR46279,898
CG46192,402
CR46150,818
CG46193,309
CR46151,274
CR41423,1165
CR40801,591
CR46152,485
Mst77Y-4,866
CG45764,942
CG45765,811
CR45771,792
CG45766,811
CR45772,780
CR45773,649
Mst77Y-7,660
Mst77Y-8Psi,656
Mst77Y-9,660
CR45775,659
CR45776,640
CG45770,660
Mst77Y-13,702
CR45777,659
CR43176,735
CR45779,659
CR45780,697
Pp1-Y2,1286
ORY,2745
CCY,4002
JYalpha,3125
CR32011,4407
CR32010,4447
CR32009,3146
PlexB,7050
CR45124,528
CR44440,1232
ci,5651
CR43957,1222
RpS3A,1349
snoRNA:CD-24,69
pan,14425
Ank,6229
CG32000,6511
CR43956,201
CG32006,1684
CG31997,729
CG33978,14137
CR45198,361
Arl4,1095
CG2316,3336
CR44441,1169
CG31998,5980
Crk,1357
CG31999,3639
yellow-h,1504
CR46065,481
CG1674,4385
dpr7,1515
RhoGAP102A,5512
NfI,4714
CR44023,1652
Syt7,3309
Rad23,2027
Zip102B,3044
CG32850,5536
PMCA,7665
Hcf,8196
dati,6175
CR45125,319
CR44027,559
mir-9385,63
CR43437,535
CR44024,2654
lgs,5357
CaMKI,3382
CR45126,1498
bip2,4514
CG33941,1078
Asator,9018
zfh2,12424
Thd1,13125
CR43958,745
Pur-alpha,2953
ND-49,1593
Ephrin,5312
CG1909,2401
CR45199,651
onecut,6742
Eph,5754
mav,2705
mir-954,87
Gat,2895
Ekar,2971
CR44028,392
gw,7420
Slip1,2818
CG11360,7276
myo,3971
ey,3720
bt,28019
CR45200,672
MED26,5073
Sox102F,4336
fd102C,2324
CR33797,700
CR45123,451
Gyf,5274
CR43425,3528
unc-13,22598
CR44029,5379
CR43361,1582
eIF4G1,6565
mGluR,6351
4E-T,3691
CR45201,211
CR44030,753
fuss,3720
sphinx,1235
toy,3921
PlexA,10614
CR44031,718
CG11077,687
CG11076,1471
ATPsynbeta,2386
CaMKII,4588
Zyx,2377
apolpp,11766
Actbeta,3671
sv,5213
Cals,6215
Arf102F,930
CG11155,6415
CG32017,4265
Kif3C,4376
pho,2381
CG33521,3111
PIP4K,1493
Mitf,4588
Dyrk3,4083
Cadps,5762
mt:tRNA:Ile-GAT,65
mt:tRNA:Gln-TTG,69
mt:tRNA:Met-CAT,69
mt:ND2,1026
mt:tRNA:Trp-TCA,66
mt:tRNA:Cys-GCA,62
mt:tRNA:Tyr-GTA,66
mt:CoI,1536
mt:tRNA:Leu-TAA,66
mt:CoII,685
mt:tRNA:Lys-CTT,71
mt:tRNA:Asp-GTC,67
mt:ATPase8,162
mt:ATPase6,675
mt:CoIII,789
mt:tRNA:Gly-TCC,65
mt:ND3,354
mt:tRNA:Ala-TGC,65
mt:tRNA:Arg-TCG,64
mt:tRNA:Asn-GTT,65
mt:tRNA:Ser-GCT,68
mt:tRNA:Glu-TTC,67
mt:tRNA:Phe-GAA,65
mt:ND5,1717
mt:tRNA:His-GTG,66
mt:ND4,1340
mt:ND4L,291
mt:tRNA:Thr-TGT,66
mt:tRNA:Pro-TGG,61
mt:ND6,525
mt:Cyt-b,1137
mt:tRNA:Ser-TGA,66
mt:ND1,939
mt:tRNA:Leu-TAG,65
mt:lrRNA,1325
mt:tRNA:Val-TAC,73
mt:srRNA,786
mt:ori,4608
