Geneid,Nab2_ex3_F2.bam
Myo81F,2416
CR41571,0
CR12798,0
CR46123,0
CR46122,0
CR40182,0
Pzl,273
CR45220,0
spok,102
Parp,5762
Alg-2,1844
CR46141,0
Tim17b,3093
CG41128,1999
CG41099,5261
CG42402,2629
Gfat1,5134
CR41601,1
CG40198,2770
CG12581,5214
CR33294,151
Dsk,730
beta-Man,2139
CG14636,259
aux,1237
CG31516,3
DhpD,786
CG14641,1050
abs,95
Gel,11316
CR46255,5
CG14642,16
CG34305,56
TwdlU,7
TwdlF,1
TwdlG,29
CG14644,8
TwdlV,9
Or82a,3
CG1092,1120
CG9766,178
CR45597,51
cpx,44772
CG9780,11229
mir-929,0
Vps24,2604
MP1,1640
CR46140,41
Suv3,1181
Syt14,1637
CG9795,2084
CG9776,1666
Skp2,192
CG14645,1
CG1103,551
hkb,0
CG1090,5209
CR44922,596
Sfxn1-3,4304
Cont,4357
tub,1536
CG14646,595
CG34112,71
CR46139,13
CR45999,40
CG9855,1476
CG9853,1041
CG14647,830
CR45187,14
lost,11075
CG32944,586
CG31528,1
srl,704
CG31525,0
eIF3a,7937
CG1074,523
CR46138,4
CG9804,364
CR44134,7
CG14650,1002
CG31522,6153
CR43629,127
CG31523,3397
CG14651,2
Fip1,765
CG34357,1185
CG34425,0
CR31526,0
Mur82C,0
CG32945,0
CR45558,9
CR44317,494
5-HT2A,7164
CR45673,17
CG9775,5708
slx1,45
MED31,0
Dlip2,289
rpk,1
CR44155,0
Karybeta3,15289
spartin,249
CG43427,5675
CR44156,0
CR44157,0
CG33927,1
eIF3f1,4347
CR44923,3
Nep2,3524
tacc,11290
CR46137,6
mir-9384,0
atms,1216
CG44098,719
CG44088,0
CG14655,54
CG17387,14
ctrip,10374
Hus1-like,0
CG1129,1254
CG1126,37
CG14657,306
CG14658,0
CG14659,0
opa,149
laf,0
CR45580,0
Gnf1,623
Cdep,7981
CR45188,22
snRNA:U1:82Eb,409
Ubc6,3647
CG14661,5826
CG2016,2196
CG1124,4833
CG14662,19
CR43478,1
CR43424,3
plh,358
CR45585,4
CR43635,2
CR45588,2
corto,1886
CG43131,32
CG12007,883
CG12589,0
dpr16,618
CG12590,0
cno,3627
snRNA:U4atac,0
Prosbeta2R2,5
CG1116,631
CG2604,7544
CG14664,13
Vps37B,1662
Kat60,1483
Mms19,1239
rtp,15114
CG12163,13156
CG33293,0
CR44019,41
CG1113,115
CG12173,622
Hph,1532
Tim17a2,4
CR45793,6
CR45033,0
mtd,12420
CG31538,0
Tim17b1,2
CG11999,655
CG1161,3761
Prosbeta7,4810
Cerk,5414
CR44103,1
CG31542,0
CG34277,0
RpII18,515
hd,42
CG14667,429
7B2,9119
kkv,5010
CG14668,0
tRNA:Arg-TCG-4-1,4
CG1172,252
Or83a,0
CG2663,19
Orco,860
CG14669,2902
CG12147,0
PEK,2182
RpL35A,8862
POLDIP2,1522
mRpL44,694
Snr1,423
CG45100,0
HDAC3,0
Hcs,1784
ksr,1815
CG31550,987
NKCC,891
Nmdar1,1211
Itp-r83A,5147
CG43845,0
CG2519,3930
mia,102
Pcmt,1123
Snm1,80
Pi4KIIalpha,826
snoRNA:Pi4KIIalpha-a,0
CR46136,2
CG14671,429
CG12746,1336
CG2931,193
Rheb,1216
CRMP,2257
CG2926,1978
rev7,138
noi,493
Vha26,24442
kra,22115
snoRNA:Psi28S-3385b,0
snoRNA:Psi28S-3385a,0
snoRNA:Psi28S-3091b,0
snoRNA:Psi28S-3091a,0
snoRNA:Psi28S-3571,0
snoRNA:Psi28S-3186,0
snoRNA:Psi28S-2442b,0
snoRNA:Psi28S-2442a,0
CG1427,997
asl,226
Rga,1775
ASTR,49
CR46135,29
Atu,818
Spec2,472
CG2911,0
RpL13A,19996
snoRNA:Me28S-U2134b,0
snoRNA:Me28S-U2134a,0
CG31551,0
CG31549,1099
CG12171,1004
CG31546,4
CG31548,1171
CG12170,786
MTA1-like,967
Sec23,5259
elm,4133
MED27,100
CG2182,2925
CR44093,33
Wdr33,1221
CR46134,8
Xe7,1370
Atg17,4309
Rab23,157
plx,6337
CG2104,0
cas,3
CR44924,3
CG1239,121
CG2100,361
CG1236,671
Sym,623
Madm,2829
CG2091,391
Sec8,2270
CG2082,2764
jagn,2596
kat-60L1,702
Hat1,1062
Rpn5,6561
CG1218,603
CG2046,1295
CG10979,993
CG11000,1660
CG42675,599
Hpr1,658
CG46303,21
CG2023,482
dgrn,248
glob3,0
CG1208,1609
CR45192,4
CG1213,9576
CG14676,2
CR10991,0
disp,1461
CG34287,1
ECSIT,37
CG2017,4041
CR46133,13
CG34113,2466
CR45761,0
CR45762,0
CG11373,0
CR44925,0
CR44926,0
lncRNA:TS20,0
Obp83a,1080
Obp83b,1757
CR44927,0
CR44928,0
Rm62,8543
CG10280,2
CG11459,313
CR1075,0
CR46221,0
CR44921,0
CG15580,6
Or83c,3
Gasp,4639
CR44929,4
Obp83cd,347
Obp83ef,172
Obp83g,574
Vha14-2,0
CR43486,0
CR43487,0
CG31559,1
CG1077,0
Osi1,2
CR31562,0
NPFR,300
Osi24,147
Osi2,695
Osi3,37
Osi4,7
Osi5,1
Osi6,6
Osi7,12
Osi8,57
Osi9,222
Osi10,1
Osi11,0
Osi12,15
CG15597,42
CG15594,1
Osi13,3
Osi14,0
Osi15,8
Osi16,0
CG46026,0
CG31560,0
Osi17,17
Osi18,6
Osi19,20
Osi20,10
CG17917,0
CG10298,0
CG17919,3114
SmD2,409
CG18048,171
Hr83,4
Pak,2824
CG42724,518
CG10286,686
CRAT,1702
CG42564,5
snoRNA:83E4-5,0
CG1024,458
CG42537,0
TfIIFalpha,701
godzilla,6415
Dmtn,5808
gpp,2114
CR44017,1
CG9727,1531
mir-9375,0
Zif,1063
Neurochondrin,6199
CG15186,878
tRNA:Met-CAT-1-5,0
CG15185,0
dpr11,1498
Pif2,0
CR46132,0
CG1137,0
CG2336,0
CR46131,0
CG1138,1
CG31482,0
glob2,0
sowi,0
CG15177,0
sunz,0
CG31286,5
CG1315,174
Taf1,1224
CG1307,915
twr,1324
agt,240
lab,41
Edg84A,1
Ccp84Ag,14
Ccp84Af,0
Ccp84Ae,1
Ccp84Ad,14
Ccp84Ac,7
pncr002:3R,3
Ccp84Ab,376
Ccp84Aa,45
pb,287
zen2,0
CG34297,6
zen,0
bcd,0
CR45593,3
Ama,118
CR44930,0
CR42721,36
mir-993,0
CR43435,0
Dfd,1489
CR42651,43
mir-10,0
CR45915,0
tRNA:Lys-CTT-2-1Psi,10
tRNA:Lys-TTT-2-1,0
7SLRNA:CR42652,1789
tRNA:Lys-TTT-2-2,0
tRNA:Lys-TTT-2-3,0
7SLRNA:CR32864,1850
tRNA:Lys-TTT-2-4,0
Scr,344
CR45901,0
CR45902,0
CR45903,0
CR45904,0
CR45905,0
CR45900,0
ftz,0
CR44931,0
CR45559,45
CR44932,2
Antp,73
CR43252,0
CR45899,0
CR44933,0
Sodh-1,4869
CG1979,155
dj,0
djl,0
CG1988,0
CG1105,1359
CG1965,1020
Ufl1,1983
CR45908,10
CG1943,4284
Ref1,1366
Dpck,990
Tailor,806
CR45907,27
alphaTub84B,33461
CR43685,221
e(y)2b,5
Alh,1408
CR45906,1
Mlp84B,0
CG10098,1519
CG10068,873
CR42875,29
CG31248,1323
tRNA:Gly-TCC-1-1,0
tRNA:Gly-TCC-1-2,4
CG31493,0
Fer1,642
CR42738,3
CG14610,0
CG2656,442
gfzf,2988
Sas-4,117
MAGE,90
CR45909,11
sas,2912
CG10055,1019
lap,6932
CG14609,39
CG1288,1
CG14606,0
CG14605,1
thw,210
CG14607,2
CG1234,571
CG10053,83
CG1227,472
CG10050,140
Obp84a,331
Gld,1319
CR44338,0
Syt4,10792
CR10032,3
rn,608
CR44333,0
RacGAP84C,1
CG42544,1
CR44334,13
CR46130,0
CG10029,0
CR46299,0
CR46224,0
CG44335,0
lncRNA:TS14,0
CR44337,0
CG31496,0
nxf4,0
CG43290,0
CG17944,0
Mst84Dd,0
Mst84Dc,0
Mst84Db,0
Mst84Da,0
MstProx,0
CR45560,0
CG42650,0
Ir84a,9
CR46300,0
wa-cup,0
CG14598,35
tRNA:Val-CAC-2-1,1
mir-4950,0
tRNA:Val-CAC-2-2,2
CR44934,0
tRNA:Val-CAC-2-3,0
CG1142,268
scaRNA:MeU5-C46,0
snRNA:7SK,285516
tRNA:Val-CAC-2-4,2
alpha-Est10,1264
CG42656,0
alpha-Est9,5333
Mics1,0
alpha-Est8,4202
Ubc84D,21
alpha-Est7,8854
alpha-Est6,0
alpha-Est4aPsi,5
Rtnl2,1
alphaTub84D,2809
alpha-Est5,48
alpha-Est4,62
CR46128,11
alpha-Est3,1199
alpha-Est2,975
CR46129,4
alpha-Est1,3325
CG45545,0
Nlg3,2493
CR44332,0
Nlg1,549
CR44260,0
CG2616,0
CG43254,0
CR44935,0
pyd3,3092
CG10919,1
Sp7,2062
CG11286,0
CR46225,0
CR46226,0
CG18747,2
CG18745,0
CG18748,0
CG18746,0
CG10086,0
CG2641,143
CG18744,1
CG3014,37
CG18268,20
CG2993,864
sgll,1679
CG31473,78
CG34384,4072
CG17816,6302
CR46127,0
ArgRS-m,447
mRpS9,2976
wtrw,4841
EMC1,4532
Taf7,404
Prat,322
CG2846,2357
CG2678,87
CG10445,45
lds,222
scaRNA:MeU2-C41,0
dsx,1764
CD98hc,8827
Os-C,2123
Sfp84E,1
CG2781,4709
CR46143,0
CR46142,0
PIG-H,184
Kmn2,15
CG2698,805
CG2767,6953
CG11052,233
CG3223,2410
CG10435,563
Pbp95,136
CG2747,10092
ImpE3,0
CG10903,480
CG11035,537
unc-45,1502
CR44936,1
CG43060,9
CG43618,0
CG43061,0
mAChR-B,819
snoRNA:Me18S-G423,0
CG7910,24
CR44330,8
CG7900,1026
puc,1987
CR44331,14
CG7878,1366
CG9667,233
Gie,1090
tRNA:Asn-GTT-1-10,0
tRNA:Arg-ACG-1-6,0
tRNA:Arg-ACG-1-7,0
tRNA:Arg-ACG-1-8,4
tRNA:Arg-ACG-1-9,1
tRNA:Arg-ACG-1-10,1
grn,583
CR43302,0
CR43303,0
CheA84a,5
CG7800,426
CG18249,859
CR45551,0
CR45550,1
CR45549,7
DNApol-iota,766
Ada2b,847
CG9636,903
CG18749,0
CG33722,0
CG15864,6
mtg,434
CR18228,753
RpA-70,1128
Mcm2,165
CG9630,372
ato,6
CR44318,2
CG11671,46
CG11672,1
CG31464,0
CG31463,0
CG9626,371
mRpL1,794
nac,246
Sgt1,1539
tex,153
mir-4918,0
CG11693,9
CG11694,0
CG11698,1
CG7483,1307
Coq2,118
CR45215,9
Ctr1B,159
Poxm,29
Or85a,7
CG7443,0
COX7A,3025
Arl2,363
CG9601,265
COX7AL,3
DppIII,3364
CG7352,25
mir-9380,0
Atg13,2790
stck,2579
CG9684,459
CG7963,2
CG45263,2922
CR46126,0
Obp85a,0
CR46125,0
Or85b,10
Or85c,0
CR46228,0
CG11737,869
CG31454,18
CG31259,4
CG11741,8
CR45575,0
CR45574,0
Or85d,15
pch2,282
mRpS18A,534
CG31460,120
CR44291,6
Cenp-C,104
5-HT2B,759
CR46124,0
Or85e,27
tRNA:Tyr-GTA-1-4,3
tRNA:Tyr-GTA-1-5,3
Cyp313b1,158
Mkk4,2278
SLIRP2,195
Dhod,1022
CG11753,378
CG42489,368
bel,6672
p,2209
CG8032,1376
CG8036,10748
tRNA:Tyr-GTA-1-6,0
tRNA:Tyr-GTA-1-7,0
tRNA:Tyr-GTA-1-8,0
mRpL19,669
CG9773,510
CG11755,89
CG8043,0
CG33325,0
CR44937,0
CG44227,0
hb,48
Cks85A,462
CG8112,1219
TMEM216,500
CG11760,0
CG8136,53
nom,224
ouib,1
CG8159,114
ranshi,134
M1BP,754
CG8202,603
CG9801,2801
CG8223,910
CG11768,0
CG34135,0
CR44228,4
CG8236,8
CG13318,317
CG34301,21
Pif1A,0
Pif1B,0
CG33191,0
CG33189,0
Ir85a,15
CCT7,2271
CG9839,313
hng2,58
CG9837,751
CG9821,2666
CR43130,2
CG8369,15206
IscU,5389
CG8379,898
pyd,7085
tRNA:Arg-TCG-2-3,0
tRNA:Arg-TCG-2-4,0
CR44020,0
osk,0
skap,20472
CG11964,701
CG11966,3
CAHbeta,560
RagA-B,937
CG11970,856
E(var)3-9,535
CG11975,872
CG31100,1443
CG11977,0
CG11980,735
Prosbeta3,4199
CG11982,610
CG11983,59
Kcmf1,6847
Sf3b5,552
CG11986,159
tgo,384
neur,645
CR31429,0
hyx,397
Nmdmc,4598
Rel,0
Mst85C,500
Kdm2,1611
beag,795
Ada,96
pum,5823
CG11997,152
CR45196,1
D1,1705
Vps15,2174
CG8420,19
St2,25
CR16735,0
CG16734,95
CG16736,14
Ibf2,236
Ibf1,371
VhaM8.9,7755
sage,95
TrpRS,1077
Vps16A,1653
CG8861,4530
HP1e,0
CG12951,1
CG16749,30
Aduk,641
pasi2,1073
CR43301,117
CG45050,13137
snoRNA:Me18S-G1358a,0
snoRNA:Me18S-G1358b,0
CG43675,0
CG18473,66
CG8129,290
FER,6493
CR46145,4
Or85f,11
CG34117,566
RpL34b,3195
CG8132,772
CG9356,742
CG8135,0
CG42511,0
CG44261,1
betaTub85D,36
Task7,1257
alpha-Man-IIa,1504
ps,9518
GstZ1,251
GstZ2,1337
CG16779,2791
CR45203,0
phu,237
RhoL,980
CG8149,817
rump,1508
Ras85D,2923
Rlb1,294
mRpL47,1071
JHDM2,0
CG8176,3332
mir-2283,0
by,2867
mura,1998
CR42549,0
RnpS1,267
CG9386,344
CG8199,1496
AP-1mu,2508
MBD-like,334
CG9393,494
Vps45,871
CG16789,193
CG16790,211
CG9396,1597
CG9399,1674
Kap-alpha3,7833
CG8273,192
CG8301,1261
CG33654,2
P58IPK,2364
bocks,693
CG8312,4141
CG9427,1191
CG8319,180
Calr,8088
SpdS,1724
CR45053,10
Scm,961
Dh44,1490
Fst,0
CG9492,325
CG43441,0
CG8358,296
CG16817,5050
nmdyn-D7,19
CG9444,486
eca,654
CG18542,1
Unc-115b,0
p24-2,0
CG32939,0
Unc-115a,1945
trbd,3794
dmt,342
scaRNA:PsiU1-6,0
hyd,6406
FoxP,658
alphaTub85E,433
CG12950,2315
Pnn,979
CG34409,98
CG31415,7
CG12948,508
PpD3,1154
CG16908,324
Rpt3R,7
CG8412,1112
CG8417,2869
Snap24,2397
CG8478,22
MED6,375
CG8481,3137
CG9471,350
Whamy,12
topi,23
RpS29,29791
snoRNA:Psi18S-1275,0
CR31514,3
CG12947,120
MtnA,4189
CG8500,3642
CG12945,1697
CG8507,2039
CG8516,630
CR46144,3
CG9467,1746
CG8526,17
FBXO11,1873
CR44035,3
CG8534,0
eloF,0
CG16904,2
CG9459,0
CG9458,0
CG42857,0
CR45790,0
CG34302,0
CR42858,1
Teh1,838
Glut4EF,7155
CR45029,0
Art4,534
mir-9371,0
Gr85a,2
Spn85F,21
CG5359,122
Mical,6866
CG31407,0
CG3909,441
CG11722,488
mtTFB2,87
CG12811,809
ohgt,1836
Fancl,1
CR44192,0
Npc2e,3
Npc2d,0
Npc2c,0
CR45205,0
CR33629,0
CG33630,0
CG33631,0
CG33783,0
CG33784,63
nerfin-2,19
CG5361,4
CR45054,7704
mir-317,152
CR43459,2447
mir-277,0
mir-34,0
Fmr1,1413
CG3940,2619
gammaSnap2,818
ATPsynepsilonL,19
knk,1506
CR46038,4
tws,1297
TAF1B,153
CG42759,30
Invadolysin,5037
CG34303,1
CG6254,442
Best1,2328
CG12814,3512
Syn,8657
Timp,3583
CG12420,15
CG12817,256
CG34107,0
CG42795,1677
CG3999,3002
Sirt6,82
pont,573
CG43143,1562
tRNA:Ser-GCT-2-1,0
CG6293,694
Bruce,11736
CG12818,95
sle,363
CG12592,15
CG18545,0
CG31406,0
jumu,314
Rfx,494
CR44938,0
cwo,3995
mthl11,11
CG6325,774
mir-994,0
mir-318,0
Irp-1B,6651
Rrp46,157
CG6345,359
CG46270,0
Cyp12e1,560
CR44939,0
CR44955,0
CR45576,0
hth,5214
mir-4944,0
CR44018,20
CG6465,459
CG14688,4990
CR44230,24
Skeletor,746
pug,11393
CG14683,0
CG31391,4
CG31467,53
CG14684,1
CG31278,130
CG31373,18
CG14689,2
CG4073,0
tomboy20,2
TkR86C,375
CG14691,2
CG31272,140
CR45015,0
MED7,731
CR45016,2
Cap-H2,1050
TfIIFbeta,745
CG45076,1406
fau,0
CG45078,0
Desi,68
CG42633,38
mRpL37,479
Rbp1,602
Art1,1255
Mcm5,159
CG14687,2205
CG14692,243
CG14693,33
CG4089,840
Cad86C,826
CG42394,1224
CG4565,88
CG6567,541
CG4511,726
CG4570,6
CG14694,494
CG6574,990
SelR,3526
Tsp86D,910
Fdh,3844
CG4596,694
Sodh-2,1250
CR45195,29
CG14695,72
Tpc1,1132
CG14696,871
Leash,322
Adk3,936
CG6621,252
CR45577,9
CR45578,0
Tengl4,0
CR45561,0
CG34114,3859
CR46007,0
CR44940,0
CG43449,0
CR45579,0
CG6629,0
Ugt86Dd,3702
CG4706,0
CheA86a,0
Ugt86Di,111
Ugt86Dc,30
Ugt86Da,1348
CG4757,530
Ugt86Dg,0
Ugt86De,31
Ugt35b,6524
Ugt35a,696
Ugt86Dj,1
Ugt86Dh,1
CG18577,91
cu,4032
SdhC,4906
Tctp,22261
ZnT86D,652
RpS25,17179
CG4820,159
CG6689,814
CG6693,778
RpL3,30232
snoRNA:Me18S-C1096,0
CR31144,34
snoRNA:Me18S-A425,0
snoRNA:Psi28S-291,0
snoRNA:Me28S-G2017,0
scpr-C,27
CG17726,333
GCC88,1299
CG17187,276
CG14701,200
Arfip,1043
CG17721,198
CG31441,44
CG31388,240
scpr-B,3
scpr-A,0
CG17734,2885
CG5214,8685
CR43283,83
CR31386,4
lncRNA:TS25,0
CR45055,0
pros,8180
CR46008,0
KP78a,0
KP78b,0
CR46009,0
CR46010,0
mRpL40,332
mgr,1011
Irbp,272
snoRNA:Irbp-a,0
Ranbp9,1456
CG6723,3745
CG45676,33
ninaG,396
CG5270,2033
CG18643,71
RpL24-like,4227
CG5276,711
CG6744,908
CG5281,661
sals,702
CG17230,254
mir-4945,0
PGRP-LB,498
CR45581,1
dpr5,373
dpr4,2286
CR45056,2
CG14708,0
CG10898,432
fabp,0
sea,0
Mrp4,2149
CG6790,0
CG5342,1
wkd,2238
CG6791,1766
Jupiter,1411
CG14710,271
CG6808,111
CG14711,406
CG6813,57
CG18764,186
CG14712,184
Csk,5001
CR44137,364
Elp1,1045
CG42327,4049
CG14715,767
CG18476,567
Taf12,239
Ho,7287
CG6830,1088
CG6834,1223
CG6908,4139
CG18765,3
Fer3,2
CG14717,2
CG14718,0
CR46011,0
I-t,0
CG14720,18
CG12594,1237
CG14721,608
Blm,295
CG14722,1171
CG6923,277
CG43062,0
Lk6,20310
l(3)neo38,2346
CR45595,2
CG17360,3858
HisCl1,693
Sbf,2689
ClC-a,6660
glo,1168
COX5A,9650
CG6950,1607
CG6959,3884
sad,63
CG6962,197
CG31368,741
mthl5,589
CG6971,9
Cad87A,4648
CG34307,0
CG14731,0
CG31211,1585
Hsp70Aa,42
Hsp70Ab,1451
CG3281,684
aurA,18
CG12213,1472
GC1,2620
Tango9,3651
GC2,24
CG10005,37
CR44135,3
CG18547,338
CG12224,17
CG3397,0
mfas,5688
Tk,932
Ect3,4109
KLHL18,1195
GCC185,1871
DCAF12,458
Spt3,105
CG31358,0
CG42505,0
CG42504,0
ssp5,0
CG14736,0
CG14739,0
CG14740,0
ATP8B,2290
dpr17,748
CG4702,144
tRNA:Lys-TTT-2-5,0
dpr15,1429
Cpn,2258
eIF3d2,0
CG43450,0
CG3809,0
tRNA:Thr-TGT-1-1,0
CG4830,5
Cog1,2252
CG14742,80
CG4860,421
CR46012,3
CG10014,1
CG17404,114
CG12256,65
CR43477,0
CG3916,6
Pglym87,0
Cyp313a5,0
Cyp313a2,0
Cyp313a3,3
CR44036,0
CR45582,14
CG3942,0
CR46203,0
svp,1050
CG44037,0
CG44038,0
CR46013,0
CR44039,0
CG17738,0
Sfp87B,0
CR46014,0
CG4066,0
tRNA:Thr-TGT-2-5,0
CG10013,2
CR45584,0
CR45583,0
CR44941,0
CG44956,0
CG10038,169
CG10041,14
MBD-R2,703
CG4115,1283
snmRNA:419,0
Tim17a1,2
GstD10,91
GstD9,514
GstD1,12034
CR46015,0
GstD2,342
GstD3,771
GstD4,9
GstD5,71
GstD6,6
GstD7,2
GstD8,90
CG10035,12
GstD11,152
CG34402,241
CG33098,0
CG10096,0
CG10097,0
Cyp9f3,105
lig3,666
Cyp9f2,5703
CG5167,2561
CG5196,1047
Dip-C,2353
snmRNA:649,0
pps,876
Scgbeta,1135
CG17202,372
Pp1-87B,2634
NANS,61
CG5641,701
CG5245,24
Prosalpha2,4498
Aos1,498
CG5844,1247
Desat2,7
CG17207,1
Desat1,27064
CG5538,22
CG18549,2948
CG5509,0
trus,1114
CG5961,925
CG12267,117
CG5608,799
Hsp70Ba,1218
alphagamma-element:CR3286,53
Hsp70Bbb,330
CR46154,0
Hsp70Bb,1862
CR46155,0
Hsp70Bc,479
Octbeta3R,1671
Hug,292
CR46016,0
Octbeta2R,8806
mir-284,0
CR46017,0
CR44942,0
Vha55,5159
Snx3,1982
Not10,677
CG18530,17
CR46018,0
CG11598,1
CG11600,0
CG11608,0
CG6753,464
Dtg,614
CG6225,2052
CR45586,0
CG14395,9
Gnmt,956
CG43630,1
mbo,437
Cyp313a4,122
kar,3014
Su(fu),802
CG31347,1
Arp1,3954
CG14391,0
NijC,1138
Past1,1615
CG12279,356
mus308,200
Men,24818
CR44231,0
CG5724,6
CG5999,339
CR46238,2
beat-Vc,771
CR44233,0
CR44232,0
CG31345,1398
CR46217,0
beat-Va,1299
CR45587,0
CR44234,0
CG10126,2036
CR46218,2
CR44235,0
d-cup,1
CR33929,0
CG10909,0
beat-Vb,396
CR44236,0
grsm,2243
Spc25,19
Cyp304a1,72
CG14384,0
CG7381,370
CG7091,21
Paip2,1990
CG31342,967
CG14383,0
yellow-f,335
yellow-f2,1690
CG7488,454
CG17327,0
CG44194,0
CG7518,2541
CG8031,1171
CG11656,0
CtBP,5067
CG46280,2004
CG46281,0
l(3)87Df,433
ry,1957
CG11668,183
snk,0
CG11670,0
CG45122,3
Hsc70-2,29
CG31157,1
CG7966,1243
pic,2084
sim,52
CR44967,0
CG43063,0
timeout,141
CG34308,0
CR46019,1
2mit,3104
CR45109,0
CG8138,0
CG8508,0
CG14380,0
CG8141,0
CG8483,3197
CG8476,7
Ace,5802
CG11686,266
Ravus,139
Su(var)3-7,804
TBC1D5,511
CG8630,3068
CG15888,5
CG15887,13
Osi22,2
wntD,0
CG8773,0
CG8774,1
CG32473,1835
CG43208,0
CG44142,61
CG45080,132
PK2-R2,118
PK2-R1,145
mthl12,1
poly,1137
Dic1,2197
CheA87a,40
Lip3,19
CG34309,83
CG9813,4190
CR44138,12
CG8870,11
mRpS21,640
Droj2,8488
CG9799,947
CCHa2,1705
CG14374,2
CG14377,6
GILT1,4845
CG33977,241
yellow-e3,0
yellow-e2,5
yellow-e,1699
Ir87a,1
CR45591,0
Act87E,11334
yrt,1597
CR42756,0
CR45679,3
CG14372,1458
CR17025,457
mir-252,0
CR45914,1
CR45589,0
CG12538,0
CG42778,0
lncRNA:TS26,0
CG31337,22
CR43848,0
CG14370,0
CG14369,0
CG9759,150
CG9757,4
CG9269,0
CR45680,12
CR45594,0
CG10841,3
sqd,3727
rin,1601
Rbp4,5
Hrb87F,513
B52,3628
Task6,848
CG9588,919
Lkb1,943
omd,1036
flfl,3993
CG14367,193
f-cup,2100
ninaB,6080
Adgf-D,3844
Adgf-C,324
CG31469,375
primo-1,0
primo-2,0
CR34044,1
CG34383,10115
Ubc87F,0
CG9312,535
Cht5,9061
CG9297,16793
CG9288,0
CG42375,0
CG9286,464
Dip-B,5500
CR45590,0
tRNA:Phe-GAA-1-6,1
tRNA:Phe-GAA-1-7,0
tal-1A,0
tal-3A,0
tal-AA,0
tal-2A,0
CR43641,26
CR43642,4
Mst87F,1
CR43300,4
Nsf2,1388
CG31495,151
CG14362,0
CR46239,3
E5,132
ems,23
Art9,0
Art6,0
CG31517,0
CG9926,0
Ipp,5851
CG9925,1
Orc2,17
rdx,3125
CR43460,1
Cyp6d5,9431
CG3061,4680
CG9922,485
tRNA:Ser-GCT-2-2,0
foxo,5045
Npc2b,9814
CCHa1,135
CG9920,29
PK1-R,80
CG12402,858
CR44237,0
Or88a,7
CG14357,0
Kif19A,68
Abi,1082
twf,677
140up,428
RpII140,1302
CG14356,40
CG14355,2
CG42500,2
CG9722,0
CG44215,0
CG31533,2
CG31327,0
CG3199,0
Dop1R1,1902
CG9649,2758
CG31326,4688
CG33109,157
Sp212,156
CG9631,1788
CG9624,1
CG43291,42
CG9616,39
MetRS-m,239
CG43179,7
CG14840,0
CG14841,6
CG14839,0
trx,7228
CR46020,4
CR45596,0
red,2141
CG3259,93
su(Hw),1183
RpII15,357
CG31321,1284
Crz,448
PR-Set7,730
Afti,2013
ATPsynE,4169
spn-B,52
NK7.1,2019
HEATR2,0
snoRNA:Me18S-G1189,0
CR44943,5
soti,1
cv-c,6191
mir-2281,0
natalisin,404
CR44176,0
CR44177,29
HtrA2,97
mRpL11,401
CG8461,208
Pde6,3169
CG34273,2
Cyp313a1,6683
CR46021,0
CR46022,0
CR46023,0
CG14854,81
CG14850,1
CG14851,0
CG8087,1
CG14852,1
CG31313,15205
CG8066,942
CR44095,247
Cys,36782
CG7987,2468
CG44094,2
stumps,1628
CR46153,0
CG14853,2148
put,3834
His4r,9835
CG7886,7
Cad88C,102
l(3)L1231,1464
CG3505,1462
Hexim,479
Rad17,252
BigH1,0
Meltrin,5326
kibra,589
CG7530,3153
eff,9650
jvl,4104
smp-30,3891
CG7362,0
CG14855,169
CG14856,192
CG14857,36
btsz,7993
CR46024,0
CG3610,0
CG3631,352
Rrp6,623
CG33331,0
CG33332,117
CycC,459
UQCR-C1,15248
CG7265,593
CG14860,8
Nup93-2,354
CG3817,175
VhaPPA1-2,0
RpS5b,10
VhaPPA1-1,6422
CR46199,0
Sdr,1068
CR45598,0
CR45599,0
CG14861,0
RpL10Aa,0
CR44944,0
dpr9,5661
CG6974,50
CG6966,10809
CG42788,2488
mir-2493,0
CG6912,680
CR45600,836
CG3984,173
CG3987,66
GlyS,7285
Gyc88E,1462
Mf,44385
CG6752,531
mir-3644,0
CG42542,3496
Spn88Ea,3068
Spn88Eb,759
Mau2,303
CG6654,231
CG4210,217
SIDL,1593
CG12241,1290
mir-9383,0
Rpb7,201
CG31344,1648
Caf1-55,837
Art3,182
mRpS10,648
CG34316,0
CR43471,2
tefu,690
Hsc70-4,79836
Amt,173
CG42404,923
eIF2gamma,3045
Su(var)3-9,0
Set,532
ATPsynO,15028
CG14864,34
Zip88E,148
Cp190,2281
CG4338,300
CR46081,3
MRG15,538
l(3)neo43,465
Tm1,37772
CG45218,10
Tm2,25692
CG14866,9
CG6276,550
CG44040,0
ear,1206
CG6236,1183
ea,575
mRpL9,561
FK506-bp1,956
Sra-1,3022
CG6218,2540
SerRS-m,469
Surf4,1901
CG31301,1151
CG42727,0
CG42726,0
Trs33,186
CG5038,265
Atg4b,717
CG5044,1984
ldlCp,1056
Trax,313
CG6171,395
CG34404,2184
CG14868,1221
CG6136,216
Ccm3,2572
Rbp,2271
h-cup,2
CG6125,1233
CR46058,12
Atx2,2116
CR45911,135
mir-13b-1,0
mir-13a,0
mir-2c,0
CG6118,15
Act88F,297
AdamTS-A,1933
B9d1,6
Rh6,15785
Trissin,178
obe,953
CG5213,0
CG44014,913
CG44013,0
CG31296,3
AOX1,2030
AOX2,24
AOX3,6291
AOX4,186
CG43335,10
CG43336,32
pxb,395
CR43849,0
CG31446,0
CG5399,1446
CR45635,0
CR45636,0
CG5404,900
CG31294,0
CG34274,1
CG4520,0
CG12784,0
CG5623,0
CR45206,0
CG4525,60
CR45207,2
CG5614,0
CG9590,1081
CG9589,78
c(3)G,150
Acyp2,772
nsl1,2733
CG9593,36
CR45891,31
alpha-Man-IIb,4670
CR45211,0
rec,80
CG4576,463
CG43318,0
CG43317,1
Arpc3A,883
ND-23,5133
mir-4911,0
spn-E,181
Pbp45,53
cv-d,1349
CG4546,59
Hmt-1,3431
CG31183,867
CG9632,0
CG14877,32
glob1,6156
CR31292,0
EndoU,299
CG45105,193
Fbxl7,1226
CR46028,0
CG34276,0
CG5478,1
blp,804
Sap47,20368
CG31088,0
CG4287,1717
CG5516,171
CG32856,271
Rbf2,9
mor,1647
Hel89B,5964
srp,450
CR44133,0
CR42839,0
GATAe,1
pnr,214
CG10264,2
CG10407,429
IKKbeta,754
CR45212,0
CG5013,175
msps,5520
CG10185,705
Mhcl,6947
CG32855,0
sxe2,1700
Akt1,3655
Sb,76
CG5903,3470
CG5916,320
Fer2,149
CG6006,834
CR43472,1
CG8925,496
CG8927,1294
Bin1,289
sra,3487
CG6126,2886
CG31287,5
mtSSB,333
CR45639,4
CR45640,9
CR45638,1
CR45637,0
CR45642,0
CR45641,2
CR45643,0
tara,1126
bor,1673
asun,187
Mst89B,2
Mat89Ba,407
gish,7177
Zip89B,355
Sulf1,4066
tRNA:Phe-GAA-1-8,0
tRNA:Val-AAC-1-1,2
CG44044,0
CG6901,0
CG17929,0
CG17930,2
SF2,1787
pad,53
CG14879,82
Manf,1043
CG10311,1988
CG17931,56
CG42446,0
CG14880,271
CG10317,0
CR45193,0
ss,216
CR45630,0
tRNA:Thr-AGT-1-3,0
CR45631,0
CG31279,6
tRNA:Thr-AGT-1-4,0
CG17565,614
CG14881,233
mRpS33,696
ema,2005
CG14894,1167
CG14882,214
Pak3,2736
CG10405,1
CG14883,342
CG42232,787
CSN5,779
Gyc89Da,52
CR46029,14
Gyc89Db,76
Dhfr,270
Sdhaf3,228
Der-2,708
Cad89D,155
Gr89a,1
Decay,1
CG42342,1684
CR46030,0
CG14891,3
CG14903,118
Scp2,11103
CG14892,87
CG10345,10329
NPF,507
CG12783,30
CG10340,2004
CG17562,0
CG17560,3
mir-2494,0
CG14893,0
CG14905,18
Fas1,15444
nonA-l,538
Arl6IP1,1789
CG10324,225
CCT3,1795
CG14906,135
CG14907,185
modSP,2937
Ubx,9
bxd,0
CG31275,0
CR44945,0
Glut3,0
CR45750,0
lncRNA:TS16,0
abd-A,1
iab-8,2
iab-4,0
mir-iab-8,0
mir-iab-4,0
CR43617,0
Abd-B,1
CR46267,0
VhaM9.7-d,0
Actn3,1
AhcyL2,1333
CG18622,2223
CR45592,0
MESK4,13
CG3678,1018
CR45221,6
CR45213,1
CG31274,2
CG17556,651
CG3534,1343
Sf3a1,823
Irc,11788
CG8907,77
Pxd,3319
AdSL,4023
CG5225,3
CG31268,32
CG4009,1
CG18213,68
CG5220,520
CG3995,253
Patr-1,1206
Dad,836
Ns1,1446
mRpS11,834
Keap1,1561
kuk,2809
GckIII,1495
cal1,1062
cher,8175
CG34278,0
CG42779,0
CG45079,0
CG17477,0
CR44238,0
CG31269,0
CG31265,0
CG17475,0
CG4053,0
CG31266,0
CG31267,0
CG5246,3
CG5255,76
CG5265,0
TwdlW,2
m-cup,1098
Det,52
CG5285,106
CG5292,567
Mur89F,1
CG31262,3
beat-IIb,1203
CG44259,0
CG44257,8
CR44258,0
CG31418,0
CG31419,0
CR43489,0
CR43490,0
beat-IIa,2873
CR44256,0
Brf,867
lute,3497
CR43196,0
CR44160,1
sds22,981
CREG,1517
Sur-8,6665
CG34279,0
CG34280,0
CG42823,0
CG42824,0
CG42798,2
CG17283,0
CG5860,0
CG5863,0
CG42821,92
CG42822,9
CG5866,1
CG33333,0
CR46034,0
CG42834,0
CG42835,0
CG14332,0
cysu,883
CR46052,0
CR46053,0
CG44090,1
CG14331,43
Eh,344
CG14330,0
Dscam3,2016
CR44349,0
CG5823,876
P5cr-2,1190
l(3)07882,779
SF1,1177
Prx3,2234
Hmx,89
CG7587,0
Sgs5,1
CG7606,0
sll,548
CG14329,2
Edg91,195
CG34281,45
CG14327,3
tRNA:Val-CAC-1-1,1
tRNA:Pro-TGG-1-1,14
CG14324,0
CG14326,6
tRNA:Ala-AGC-2-2,12
tRNA:Pro-TGG-1-2,3
tRNA:Ala-AGC-2-3,0
CG14323,1
tRNA:Ala-AGC-2-4,1
tRNA:Thr-AGT-1-5,7
tRNA:Thr-AGT-1-6,3
AttD,174
CG14325,5
tRNA:Val-AAC-1-2,0
CG43175,36
tRNA:Ala-AGC-2-5,0
tRNA:Pro-TGG-1-3,0
CR45222,0
tRNA:Ala-AGC-2-6,8
tRNA:Pro-TGG-1-4,2
tRNA:Ala-AGC-2-7,1
tRNA:Ala-AGC-2-8,39
CR45223,558
CG14322,718
tRNA:Ala-AGC-1-1,0
tRNA:Ala-AGC-2-9,0
CR45045,0
tRNA:Ala-AGC-2-10,0
CG7523,897
Mps1,23
alt,2814
CG7655,408
CG31251,64
CG31360,410
CG31249,267
osa,3012
CR46036,6
CR46035,44
Pxt,2
Atg8b,1
Lgr1,507
CG14321,275
TyrRII,115
TyrR,150
CG43102,3261
pasi1,424
CG7379,444
CG17803,210
CG17806,204
CG17802,167
CG17801,5
Odj,364
CG18012,1213
tinc,1109
Rim,4183
CG12347,0
CG43445,0
cpo,7366
DNaseII,1708
CG7785,489
CG7794,11
htl,1335
CG14317,1
sr,1000
tRNA:Gly-TCC-1-3,0
tRNA:Gly-TCC-1-4,0
CG14316,0
CR45103,0
CR45104,2
CG14315,0
CG7218,1581
Cbp20,431
CG7215,0
Prx5,0
wrd,6523
cdm,2929
CG7208,8
Arp5,266
CG12321,1987
MED17,706
CG14313,15
Ssdp,2481
CG7985,978
CG44158,0
CG14314,850
CG7183,381
CG7988,196
mTerf5,582
Non3,482
CG7168,420
Mdh2,12913
repo,1940
CG7156,619
14-3-3epsilon,9776
CG12320,131
CG18598,1234
Ada2a,0
Rpb4,0
moi,0
Tgs1,0
CG18599,59
Vps39,512
eIF1A,13192
CG7142,19
CG14312,198
CG8064,648
CG7131,76
l(3)05822,2369
Dlc90F,1058
CG18600,385
CG7126,1
PKD,2208
CG31235,396
CG15803,530
CR45634,1
hmw,7
WRNexo,85
Nup43,217
gl,931
CR14310,0
CR44946,52
CG7675,5340
CG14309,0
cona,0
Vha100-4,1
Vha100-2,5895
Vti1b,513
CG12333,3389
koko,60
CG7685,159
CG31122,793
CG10864,0
fru,2877
CG7691,0
CG43210,0
hemo,0
CG7694,285
fray,0
qin,134
CG14304,331
CG14305,0
CG7695,0
tRNA:Pro-TGG-1-5,30
CG14301,1298
CG31224,2251
CstF64,236
Cpsf73,414
Gos28,737
CG31231,5
CG31229,916
CR45028,1
CG7702,393
CG31230,0
CG7705,887
CG7706,378
CG46318,0
CG7708,819
Muc91C,5
CG14300,0
CG34282,0
CR45996,3
ChAT,2835
VAChT,0
CR46265,0
CG34283,0
CG7714,29
CG7715,0
CG14302,5
Mekk1,3110
CG7718,457
gwl,8
Epg5,1982
CG7720,4307
CG18208,2067
CR45633,0
CG31226,0
CG14298,1117
CG14297,0
Rh2,5676
CG14294,0
CG34284,0
CG14292,0
EndoA,5383
CG14291,390
Xrp1,12449
Mpc1,1811
CG42613,7657
CG43732,0
euc,1547
Smu1,449
dnk,268
snRNP-U1-C,216
gukh,1149
CG6005,781
CG14286,81
CG14285,43
GatA,512
NP15.6,3726
P5cr,811
Prp18,339
CG6013,556
CG6026,5
cdi,4188
CR46041,25
mRpL55,287
ATPsynD,7386
CG6040,4533
Cyp12a5,241
Cyp12a4,1958
Ppcs,299
CG5835,1312
CR44107,137
CG11779,410
nos,0
Nsun5,276
CG42359,0
sqz,300
CG14282,1
CG5555,2278
CG31475,1763
CR46039,0
cry,7170
vib,3926
CG11703,0
CG5250,1
CG3773,277
unc79,3056
CG5217,0
CG14280,154
CR44173,1
CR43451,0
CG44174,1
Dl,1703
CR44175,0
hpRNA:CR46343,0
CR43258,0
CG43203,0
Ino80,319
CG3581,0
CG31404,0
CG31245,0
CR34285,0
CG3734,3
CG18493,1
CG3739,0
CG31244,0
CG5316,910
CG11626,18
CG31221,9841
CG3517,0
Dys,7912
CG6255,2
CG15025,0
snoRNA:Me18S-A1374,0
Cpr92A,2
CG7333,5
CG7342,619
CG17751,4
CG17752,0
CG16727,0
CG6231,5554
mir-9373,0
subdued,2474
CG34138,39
Vha13,11476
Nup58,114
CG6195,907
CG31220,76
CG31219,1068
CG6184,1623
ort,358
CG7432,8
Naam,1454
tRNA:Val-CAC-2-5,3
CG34286,1
GluClalpha,4268
CR43488,0
CG6300,0
CG11659,0
CG11391,1196
CG11407,3722
CG11453,33
tRNA:Val-CAC-2-6,3
tRNA:Ala-AGC-2-11,1
bnl,532
tRNA:Thr-AGT-1-7,2
CG31459,1
CG4662,2991
Ire1,2441
CG11447,156
CG4572,1481
CG4686,669
CG4562,1195
CG17186,67
Arc42,1638
Ask1,2679
ninaE,363616
CG4733,1108
CG4538,3639
Surf6,178
RhoGAP92B,2057
CR45047,0
CR45048,11
Xport-B,12
Xport-A,0
CG4465,25
CG4770,3
CR43282,2
hpRNA:1,0
CR46040,2
CG4462,1271
CG4459,22
Hs6st,2940
mira,0
CR46042,0
CG4783,24
CG31213,0
MED25,185
CG17190,206
CG4836,0
PIG-L,990
psidin,428
CG4424,119
CG4854,58
trem,173
CG4936,291
CG10889,178
CG17193,1169
CG33934,0
Indy-2,0
CG4390,803
mdlc,134
Rh3,12190
CG31206,0
CG10887,0
Gr92a,1
CR42836,0
CG5023,1121
Nlg4,2351
CG17199,0
CR46043,1
cic,3182
CG4367,0
CG4362,0
CG42668,3193
CG4360,999
CR45800,148
Sirt2,1232
Ir92a,4
CR45023,0
MtnC,0
Gfrl,3819
CG4335,0
eIF3g2,0
CR44400,0
CR44401,0
Dic2,0
MtnB,95
Or92a,40
MFS9,2685
MtnE,46
MtnD,71
Stat92E,10626
DPCoAC,959
att-ORFB,0
CG5180,320
CG15922,406
CG5191,5602
CG10877,159
snoRNA:Psi18S-301,703
TFAM,674
CG5412,427
EloB,2185
Srp14,600
CG34008,8
CG16953,4689
Sep2,2000
CR46044,5
Srp72,545
PUS1,376
bon,3116
tRNA:Leu-TAA-1-1,0
CG15923,104
CG5466,423
H,466
Pi3K92E,1987
Lrrk,2407
GluRIIE,51
GluRIID,216
Nep4,4866
Cpr92F,215
CG4000,14008
CR45024,19
CR43452,169
Oamb,1649
CG31205,8176
CR42786,16
Cdk2,198
mir-995,0
CG17267,3
CG42322,1378
CG31199,4550
CG31200,6002
Prosalpha4T1,0
Syp,9927
CG31195,2197
Takl1,0
Fancd2,52
CG17270,803
CG17271,955
RpS20,12108
snoRNA:Psi18S-1295,0
snoRNA:Psi28S-2562,0
CG17272,1036
AdSS,5787
CR44047,8
CG31223,184
Synd,6928
CG15695,759
CG15696,26
RpS30,15737
Ir93a,7
mir-1011,0
CG3822,1219
TotA,5561
TotC,2060
TotB,11
TotZ,0
CR44048,0
tRNA:Thr-CGT-1-1,0
tRNA:Thr-CGT-1-2,2
tRNA:Thr-CGT-1-3,2
CR44947,6
Ktl,6376
Grik,162
TotX,147
CG31191,281
CR44106,7
snoRNA:CG31191-a,0
hdly,2472
Atpalpha,47202
Calx,9011
CG43446,0
CG10827,0
CG5697,879
Rlip,2424
CG17278,552
Dhc93AB,916
CG12278,35
CG31189,1498
CG31207,1684
CG7079,2006
CG17279,202
Mvl,3032
Cortactin,1093
AnxB9,19110
r-l,227
dmrt93B,10
HHEX,3
RhoGAP93B,3514
CR44178,25
CG7044,859
CR46045,2
CG5745,906
Sec15,825
rtet,218
Rab11,5606
ppan,390
Bdbt,443
slmb,5762
CG5793,1825
Obp93a,1
Ice2,230
CG7009,467
Usp8,4357
meigo,1176
SNF4Agamma,11636
cDIP,707
CG5810,0
Snmp1,753
CG5862,830
CR43975,13
Smyd5,345
Oga,753
CG3337,544
CR44265,5
Nelf-A,669
e,18551
CG5892,4
ETHR,140
Rab1,13806
CR45798,43
AP-2sigma,1511
CG5919,576
CG3308,5416
CG3301,2066
SIFaR,1441
CG17298,131
Hsromega,26704
mir-4951,0
CG16791,3895
mod(mdg4),4024
pre-mod(mdg4)-B,0
pre-mod(mdg4)-H,0
pre-mod(mdg4)-G,0
pre-mod(mdg4)-L,0
pre-mod(mdg4)-I,0
pre-mod(mdg4)-J,0
pre-mod(mdg4)-K,0
pre-mod(mdg4)-P,0
pre-mod(mdg4)-Z,0
pre-mod(mdg4)-T,0
pre-mod(mdg4)-E,0
pre-mod(mdg4)-C,0
pre-mod(mdg4)-AB,0
pre-mod(mdg4)-W,0
pre-mod(mdg4)-AD,0
pre-mod(mdg4)-Y,0
pre-mod(mdg4)-AE,0
pre-mod(mdg4)-X,0
pre-mod(mdg4)-V,0
pre-mod(mdg4)-U,0
pre-mod(mdg4)-O,0
pre-mod(mdg4)-N,0
pre-mod(mdg4)-AA,0
tin,0
bap,5
CG6475,0
CR46046,0
CG7907,0
CheB93a,0
CheB93b,0
lbl,115
CR44089,14
lbe,125
CR43453,0
Fancm,915
CR44032,0
C15,96
CG7956,4920
CR43372,1
CR44033,0
slou,61
CG15498,4
InR,4762
CR43653,45
CR44034,0
E2f1,1769
mir-998,0
mir-11,0
CR46055,16
CR46056,1
CR46057,0
Archease,338
CG15497,33
DNApol-alpha180,96
CG31176,764
CR44096,11
CR43096,0
Sfp93F,0
CG42869,0
CG42870,0
CG34034,55
CG5849,561
CG31343,2
CG31233,0
CG31198,0
CG42335,0
Burs,7
GABA-B-R2,5435
CG6800,22
RpI12,83
tsl,2214
CASK,5845
CRG,0
mir-999,0
mir-4969,0
CR45632,1
Gr93a,5
Gr93b,0
Gr93c,1
CR44087,0
Gr93d,2
glec,422
CR45644,1
CR45645,3
lsn,819
CG6569,23
Cby,20
CG31174,40
CG31431,386
CG31178,5
CG6656,1256
CG34148,448
P5CDh2,10
CR45046,98
CG31465,3
fit,2235
CG17819,2
dnd,548
CG6678,49
CG43844,0
CG6690,0
CG17843,57
Eip93F,10539
CG6332,35
Idh3b,5391
Mitofilin,8839
mRpL35,415
CG6028,1870
Cchl,4464
ND-42,9744
CG13409,839
CG6015,0
CG45099,0
pit,778
Fadd,0
scaRNA:MeU5-G38,0
how,4532
CG13408,250
CG5778,565
CG5791,973
CG13407,1
Ir94a,1
Ir94b,0
Ir94c,2
CG42390,5739
SKIP,2361
CR45224,1
Gld2,0
mir-1010,0
CR43696,154
CR43697,112
CG7084,2270
CG34377,589
CR46261,3
CG7080,0
CG33721,0
CG13862,0
CG5391,32
CG5388,0
CR46054,0
CG5386,0
rdhB,7874
Sar1,5803
PSR,1093
Muted,0
CG7071,0
CG5382,724
CG5380,246
PyK,43475
CG7069,52
CG18596,1068
CG34149,43
CG43342,37
CG43343,173
CG5379,122
CG7059,1017
CG13857,21
tRNA:Ser-GCT-2-3,0
tRNA:Ser-GCT-2-4,1
tRNA:Ser-GCT-1-1,4
tRNA:Ser-GCT-2-5,1
CG13856,545
CG13855,50
CG13850,1304
lqfR,2045
Nop56,1497
mats,1002
pinta,847
CG13847,3
CG12499,945
CG34288,9
CG34376,1292
Rpn7,5706
AP-2mu,4339
CG7054,1219
Pebp1,17
CG5377,445
Nrx-1,7370
mir-4952,0
Pfdn5,951
CG5376,94
CCT1,2439
tHMG1,1
tHMG2,0
Octbeta1R,1719
CG5346,2155
CG33099,36
CG33093,56
CG5326,795
CR45646,4
CR45647,1
AdipoR,17310
CR44062,19
bond,6316
sit,313
CG33110,7693
CSN6,606
Dph5,744
CG33107,291
CG6937,469
btn,0
Efa6,3495
CG31156,601
CG13843,15
mRRF2,188
CG31161,14
mRpL45,1091
loco,3625
CR43475,0
CR43474,1
wake,3412
Gclm,3858
CG17625,5
wfs1,703
Nup133,433
cd,611
Cyp6d4,744
CCAP,204
CG6972,486
CG13842,86
CG4907,6
wge,1081
Irp-1A,1887
CR45648,0
CG4813,179
CG45049,747
Takl2,18
Dcr-1,937
CG6985,74
vret,26
HP1c,592
CG17141,207
CG31139,0
rumi,127
Usp12-46,0
CG7029,5044
CG4725,341
CG4723,813
CG4721,2957
CG13841,992
CG43091,639
CG43092,2283
CG43093,1229
CG43094,53
CG43095,106
mir-4953,0
CR43654,18
CG7031,50
CG13840,19
CR44350,0
CG4704,0
CR43846,0
klg,1952
CG6660,0
CR46088,0
CR43655,0
Tpl94D,1
Gbp3,745
Nha2,845
Or94a,1
Or94b,0
CR43454,14
CG34375,1228
CR44225,2
CG6688,5
lmd,166
CG13833,289
CR44226,0
CG13838,0
CG13837,2
CG17121,1056
p53,324
Gr94a,3
CR46089,5
CG17119,182
sav,301
Ublcp1,617
CG17111,6627
Cow,12944
CG17110,1
CG6726,0
CG17109,1
CG6733,3
CG6738,0
Rassf,1280
CenB1A,3131
CG31365,589
CG31457,217
hh,40
unk,3594
VhaAC39-2,1
CG13829,1
Irk1,410
CG46310,0
cnc,13083
fzo,0
CG4467,9040
Rad60,368
EloA,1009
wda,349
CG13827,380
orb,947
Cdc16,302
CG6763,47
CG17083,1
bb8,3
pnt,692
CR46090,0
DNApol-epsilon255,189
ATPsynCF6,2628
Sec13,1223
RpS3,23266
CG4408,162
CR44322,1
CG42827,8
CG42828,0
CG4393,1103
CG31515,0
CR43387,0
CR44323,0
CG17380,1
Ir94d,8
Ir94e,3
CG4374,881
CG43694,0
Ir94f,0
Ir94g,0
CR44324,0
Ir94h,2
CG34289,0
Irk2,4642
CG10177,27
CG10175,2089
CG10170,0
CG16732,1
CG10168,0
CG10164,0
beat-IV,839
CG10182,1
CG33337,0
CG16723,1
CG10183,1
tRNA:Leu-CAA-2-3,52
CG10184,1222
CG31145,4218
GILT3,52
GILT2,878
eIF3d1,3678
CG16710,21
CG18754,12
SPE,5685
CG10254,2603
CR43903,3
CG10252,0
prt,400
CG31468,0
Gba1a,1
CG31413,0
Gba1b,1138
CR44052,2
CG10301,1
CG10300,0
nau,17
CG10232,19
CG10365,2133
RNaseMRP:RNA,52603
Rpn9,8804
Hmgcr,3456
CR46091,2
RanBP3,1060
Rpt5,6642
Hrd3,2226
PTPMT1,453
SdhD,3840
CG10217,2310
Lsd-1,4368
CG10214,448
CG10375,770
tst,906
CG10208,752
Nup98-96,2155
mbc,4397
CG33111,1297
CG34355,5292
eIF4G2,0
CR43285,0
snRNA:U1:95Cc,0
snRNA:U1:95Cb,0
snRNA:U1:95Ca,49
Pli,4408
TfIIA-S,1056
tbrd-1,5
sba,2085
CG31141,1
Ndc1,175
CG13601,360
CG43999,0
CG43998,0
CG31142,128
Rpt2,8472
CG13599,18
RpS19b,1
CG5854,1303
Gdh,11190
CG12268,4183
GluProRS,1586
CR46092,0
AP-1sigma,2121
CG31140,3546
mir-9381,14
CR31451,29753
CG13603,2423
CG5902,909
CG13604,618
Rab7,3841
CG33108,93
LSm3,0
KrT95D,2811
Ime4,177
Miro,2164
spas,763
Rox8,2840
CG5986,522
Atg6,1343
CG5991,1843
CR44097,0
CG6000,0
Hsp68,12535
SMC1,1986
eIF4EHP,3549
Syx1A,0
CG10694,2
CG18428,266
CG13605,1059
tRNA:Leu-TAA-2-1,1
Root,262
CG13607,1016
GatB,680
Tsc1,393
Sec10,1227
Npc2f,26
Kal1,2322
Slimp,165
p38c,37
p38a,372
CG6178,1132
Myo95E,2379
CG6182,437
mRpS24,462
Apc2,138
CG5510,1035
CG13606,684
CHORD,478
CG5515,1029
jnj,801
CG6204,909
twin,1165
CG17786,0
cav,73
Spps,125
CG13609,91
Spase22-23,1143
Acp95EF,1
CR45217,20
mask,5657
CR44092,0
scaRNA:MeU2-G25,0
beta-PheRS,488
jar,9512
tRNA:Leu-TAA-4-1,11
Orct2,455
Orct,711
CG13611,3
CR45662,2
CG6356,3784
CG34290,2
CG6364,1607
CG5715,2
crb,7271
Nab2,20
CR46093,69
BRWD3,1436
CG5728,1325
Dis3,663
CG6432,3
mir-1015,0
Ms,2527
CG5746,630
CG6454,4299
Golgin84,533
CG18528,496
CG5762,0
CG33339,0
CG33340,0
CG17784,0
CG13613,0
CG42811,0
CG42812,0
CG33341,0
CG13614,0
CG17782,0
CG17781,1
CG33342,0
CG17780,1
CG5768,2
CG13615,0
CG13616,5
nAChRalpha1,2952
CR43455,1
CR45950,0
CR45649,0
CG31128,0
nAChRalpha2,1197
mir-1017,0
nAChRbeta2,2034
CG13617,14
Pp1alpha-96A,4183
CR44021,4
CG13622,13
CG13618,168
CG6607,886
CG13623,676
ana1,291
CG5789,3105
Esyt2,3523
tRNA:Asp-GTC-1-11,0
snRNA:U6:96Aa,0
snRNA:U6:96Ab,3
snRNA:U6:96Ac,1
REPTOR,9732
CR46094,10
CG13625,302
mld,1348
CR46095,0
Syx18,624
atl,3495
Wsck,913
CG43222,179
puf,1591
ash2,853
CG31125,137
CG6695,641
mir-1003,0
CG31126,68
Ppox,436
slo,8379
CG46316,0
CG13627,0
Rpb10,569
CG13630,1195
tok,7937
snoRNA:Me18S-C1280,0
tld,175
asp,13
AstA,630
CR45650,2
CG13631,1094
CG42331,135
CG5805,1756
Ets96B,22
CG13634,27
Ude,699
polybromo,1564
lili,943
CG6980,17
CG34150,386
CG5808,121
CR46096,1
Saf-B,1686
niki,41
CR43166,12
RabX4,567
CG31357,902
CG43273,101
sosie,762
CR45216,0
CG33658,0
Esp,633
CG7006,203
Nct,1192
HDAC11,506
CG10899,14
ppk22,255
CG13639,411
CG13640,119
CG7016,408
CG13641,434
Elal,401
CycB3,7
CG3744,1085
CG11089,25740
CG31381,0
CG31121,1287
CG11069,870
CG13643,83
CG10845,1
CR44267,2
PIG-S,399
tRNA:Asp-GTC-1-12,1
tRNA:Asp-GTC-3-1,0
sud1,0
CG11168,1062
Mink,10
CR46097,0
Trf4-2,1
CG11771,2235
Osbp,2988
ssh,1807
Nmnat,1060
mah,10
tnc,507
beta4GalT7,180
CG11781,566
Hr96,644
Smg6,4603
CG6422,2040
CG31115,6
bai,2141
5PtaseI,1338
CG11786,4
CG11790,1720
CG11791,4225
CG31109,273
CG31111,195
stac,1365
veli,2370
PQBP1,158
Stt3B,1940
CG11839,115
CG11836,87
shams,297
CG11920,295
fd96Ca,5
fd96Cb,27
CG33096,0
CG33095,0
CG45095,4
CG34027,20
CG13650,1787
CG31108,1045
CG31510,0
vig2,3414
Mocs2,0
CG42503,0
Clbn,1770
Bili,1937
CR46098,1
danr,232
lobo,12
dan,162
CG13653,1
Cad96Ca,1959
CG13654,1457
CG13663,331
CG31106,9
CG31103,4504
CG11851,374
Cad96Cb,62
CG10420,145
CG11852,2049
to,1499
CG11854,46
bam,3
RpS27,9869
Nup37,73
Nup358,2713
CG11857,3684
CG10425,660
CR46099,1
CG11858,287
GlnRS,1647
RIOK2,793
CR45214,13
CR43310,5
CR13656,0
CG11891,0
CG11889,0
CG11878,15
CG10513,440
CG10514,60
CG11892,3
CG31300,509
CG31104,24
CG13658,11
CG11893,3322
CG31098,1240
CG31102,435
CG31097,1
CG31288,72
CG13659,94
CG31370,450
CG31436,2295
CG10550,8256
CG31099,0
CG31087,10
CG10559,190
CG10553,2820
CG10560,1988
CG10562,3051
CHKov1,944
CHKov2,526
CG10669,563
CG11902,464
rha,17
tobi,55
Fur1,7715
ND-49L,1
alrm,0
CG31437,0
Muc96D,0
Vps33B,779
CG4553,251
MED28,261
XNP,1656
CG5116,14
CG42488,0
Dhap-at,1654
CR44179,271
CG5112,2725
CG33494,657
CR44948,0
CR43456,0
CR43457,2
CR45651,0
CG5107,1
CG5111,1
msi,5664
CR46100,0
CG4582,3
CR45910,124
mir-1000,0
ymp,43
Npl4,3997
CG5079,109
CG5071,422
Ssadh,3770
jigr1,1343
mir-92a,0
CR45917,0
mir-92b,0
Tnks,2755
CR46101,4
CR45208,6
RASSF8,2106
Lgr3,31
CR45225,11
CG4730,89
CG5039,179
CG4743,460
CG5028,11556
RpL27,8557
CLS,1334
LpR2,4099
CR46102,0
LpR1,4841
CG17197,0
CG17198,0
CG17196,0
CG17195,0
CG4956,0
CG4960,0
CG31380,1
CG31093,0
CR43631,0
CR43632,0
CR43633,0
CR43634,0
CR43847,0
BG642167,11
CR45652,0
CG5024,0
CG17770,0
Acam,0
CG14354,3
CR44949,0
Mst57Dc,0
Sfp96F,0
Mst57Db,0
Mst57Da,0
alpha4GT2,21
CR45653,0
CR45654,0
CR45655,0
CR45656,0
CR45657,0
CG14545,4
CG5886,575
CG5890,683
Tsp96F,3879
SppL,1663
Lnk,2770
CG5913,146
CG5948,105
MCO3,4
CG31091,0
CG31089,1
CR43259,241
CG42235,1961
CG14546,0
CCAP-R,290
CR34024,0
CG14540,1
boss,5694
fid,1082
Nf1,3747
CG43116,0
E(spl)mdelta-HLH,0
E(spl)mgamma-HLH,2
CR45037,0
CR45038,0
E(spl)mbeta-HLH,403
CR45039,3
E(spl)malpha-BFM,8
Kaz-m1,0
CR45040,0
E(spl)m2-BFM,93
CR43643,7
CR43644,7
E(spl)m3-HLH,197
E(spl)m4-BFM,0
E(spl)m5-HLH,0
E(spl)m6-BFM,3
E(spl)m7-HLH,19
E(spl)m8-HLH,0
gro,1837
Exo84,1111
Vps2,2039
Dak1,5921
Sld5,37
CG14543,190
PIG-P,0
CG42498,0
RpL34a,652
CG14544,19
CG14551,0
CR44950,0
dysf,44
CR44319,0
CG31324,5024
CR46060,28
CG14556,0
CG6142,96
CG31323,1089
CG31086,0
CG6073,418
CG34130,0
CG34129,0
CR44320,449
CG12290,2786
CR46061,33
CR46062,0
Ald,26824
CR44321,64
CG6154,878
CG33970,7245
CR42765,6
CG6036,0
ppk15,7
CG5432,4
CG6503,11357
CG34291,179
CR31084,12
CR43434,0
tx,302
Hex-t1,8
Hex-t2,4
CG5447,839
CG43117,22
Pdf,956
CG14237,1
CG14238,12
CG5455,6036
plum,1340
CR46083,0
CR45226,1
scrib,8106
CR46084,4
CR44951,0
CR45788,0
TwdlM,0
TwdlP,5
TwdlB,0
TwdlL,0
TwdlO,0
TwdlK,0
TwdlJ,0
TwdlN,0
TwdlH,0
TwdlR,0
TwdlS,0
CR46233,0
TwdlD,1
beat-VII,1989
Tb,0
TwdlQ,0
amon,10386
CG6425,11
CG5484,640
CG6420,1643
CG14244,0
CG14246,38
CG14245,0
CG6403,0
CG14247,7
CR45562,0
CR45563,2
CG42789,0
CR42790,1
Tl,6742
snoRNA:Me28S-U1554,0
Lerp,4597
CR46073,2
mir-1012,0
IntS12,108
ball,151
His2Av,1968
SPARC,5884
Rb97D,1732
ms(3)K81,0
CG5500,684
ro,11
T48,1727
Ets97D,343
CG46339,2857
CG14252,194
tRNA:Gln-TTG-1-2,0
tRNA:Gln-TTG-1-3,0
CG18472,17
CG6330,3976
Tsp97E,4023
Gr97a,0
CG5521,2689
CG46313,0
CG14253,0
CG31075,2055
CG31076,14
TwdlC,0
RYa-R,95
CG31077,0
CG6296,0
CG6295,0
CG17192,1
CG17191,5
CG6283,0
CG6277,0
CG6271,0
TwdlT,0
Nep5,48
CG34292,0
spz,1721
CG43935,1
CG14257,97
Cpr97Ea,3099
Cpr97Eb,3293
CG14258,119
CG14259,5417
eater,547
CG17189,1222
caix,75
gb,304
CR45209,115
CG5815,597
CG6066,114
CG5880,145
CG5882,7
CG6059,24
CG6051,6086
Men-b,9817
grass,1053
CG5909,2123
ppk31,1
CG34293,230
spn-D,2
Ser,709
CR34006,0
CG42813,1555
CG42814,0
CG31064,2775
CG31068,1
DNApol-alpha73,89
CG17991,0
CG18766,1858
CR46085,6
CG5984,120
CG5987,50
TfIIA-L,2329
pll,545
woc,2120
CR44049,6
CG14262,0
CG14260,0
l(3)mbt,1405
CG5934,616
CG5938,1765
mrt,1274
CG3368,1172
bigmax,918
Hmu,1014
CG3348,260
CG3339,216
CR44287,1
CG3330,0
CG42534,83
CG46335,2
CR43476,0
side,2028
CR45991,0
CG44290,0
CG43447,0
CG13978,0
Cyp6a18,0
Gr98a,0
CG43139,6
CG5402,9
CR46086,0
CG13972,1
CG12885,41
CR44289,0
CR44288,1
Gr98b,0
Gr98c,2
Gr98d,4
Klp98A,2388
CG5646,776
snmRNA:157,0
wdb,3772
pins,1997
CG5639,450
dsd,4387
Tusp,1753
CG5612,785
CG5611,333
Mtl,893
tau,2279
mir-1001,0
RpS10a,6
Mlc1,38595
unc80,4284
CG5590,3933
CG12883,130
Sce,295
CG31055,2
CG12880,668
CG43319,1
Acp98AB,0
CG43320,157
ALiX,6875
btz,505
CG12428,3999
CG12877,310
Ets98B,2494
CG34353,1257
Or98P,0
Or98a,4
CG12426,0
mil,0
CG5003,920
mRpS22,905
CG33213,79
CG12259,252
BCAS2,227
RpL4,10103
snoRNA:Or-aca3,0
CR45566,47
mino,5625
CG31053,4
NSD,975
BOD1,377
mfrn,2277
Gp93,4999
CG4951,289
CG5527,666
CG42487,0
CG4884,0
CG31253,0
CR31054,0
CR45548,0
CG31131,0
CG4849,408
betaTub97EF,5159
CG4815,3
CR46087,0
lncRNA:TS27,0
trv,1730
CR46077,0
CR46076,1
CR46078,0
CG34354,2405
CR46079,0
CR46080,0
CR45041,1
CG43125,5
CG43124,4
CG34436,4
CG34437,478
Mst98Ca,0
Mst98Cb,0
UQCR-14L,0
CR44229,0
CR46103,0
CG12516,0
larp,9904
CR46104,24
Gfat2,2426
Moca-cyp,1648
CR46105,2
Or98b,0
beat-VI,1298
CR46106,0
CG1894,1
Dhc98D,120
CG31051,366
Ppn,10886
mIF2,352
fkh,84
MRE23,82
CR43440,0
Noa36,511
Hrb98DE,1912
snoRNA:Psi28S-3405a,0
snoRNA:Psi28S-3305a,0
snoRNA:Psi28S-3405b,0
snoRNA:Psi28S-3405c,0
snoRNA:Psi28S-3305b,0
snoRNA:Psi28S-3405d,0
snoRNA:Psi28S-3305c,0
CG9986,377
CG10011,2390
CG9988,0
CR46232,1
CG14062,5
CG31050,0
CG33346,3
Sid,495
CG9990,12779
htt,4025
AstA-R2,98
CG10000,2
CG9997,0
aqrs,0
CR44952,0
CG34295,0
intr,0
CheB98a,1
wdn,637
CG1646,2055
snoRNA:291,0
CG1523,784
CG1647,430
WASp,976
Apc,4346
spg,3069
Inx3,5564
CG33203,2295
CG14529,208
CG14528,1877
CG14523,0
CG14527,22
CG14526,1531
Doa,8882
CG11828,35
DIP-gamma,889
CR45669,8
wat,10631
mir-4947,0
CR44264,0
CR45567,18
CG14518,24
eIF4E6,27
CG1951,890
Ssl2,152
CR45044,4
beta4GalNAcTB,278
Cpsf100,466
Slu7,262
Pkc98E,3448
CG11837,238
CG11841,1696
CG11842,776
CR46107,4
CG11843,48
Sirt7,339
Cul5,597
CG11873,1462
CR45030,0
alpha-Man-Ib,2254
CG11876,9813
Atg14,1351
yem,324
Ctl2,2865
dgt6,167
Vha100-1,11746
CG14512,146
CG14516,839
CG14511,174
CG11882,427
Pglym78,14420
eIF2D,573
Slbp,298
Rpn2,7219
CG11897,2556
CG11898,2
CG14509,3069
CG14515,49
CG11899,3391
Mesh1,83
Cyt-c1L,3
CR31044,389
mir-279,0
mir-996,0
eEF1gamma,6951
Cisd2,3424
Brd8,458
CG14507,8
Usp1,1327
CG11951,2375
CR31427,75
CG31445,1466
SP1029,2039
stg,43
CG45544,1
CR45568,0
CG14506,0
Cnx99A,5139
CR45547,0
CG45546,0
Ptp99A,2993
CR44022,0
CG2321,90
CG2006,180
Spase12,639
CG2310,453
Diedel,37
CG2010,611
Trc8,1268
ND-20L,0
CR43613,0
Dr,96
CG7567,2
CG11470,0
CG31041,4
alph,3281
CG7568,24
Diedel2,0
CG1907,3996
Dop1R2,845
ppk21,4
ppk20,0
ppk30,7
Obp99a,1006
ppk19,6
Bub3,350
Cap-D2,142
CG7582,208
Gycalpha99B,2764
Obp99c,16987
dmrt99B,32
CR45569,0
Obp99d,229
Dup99B,0
Obp99b,1339
CG15506,203
CR46108,0
CG34296,9
Pcd,2151
Naa40,82
CG18731,348
Kul,2520
CG7601,511
CIA30,1164
CG1969,1215
Wdr24,241
CR46109,4
IntS11,993
ATPsyngamma,13717
yata,2487
CR44953,6
kay,2845
CR46110,0
fig,4
sro,21
CG7837,631
Drice,1606
CG7834,6110
CG7789,615
ncd,158
ca,1645
Vps16B,313
CG7829,1556
neo,66
Atg16,616
CG42592,1
Prtl99C,1
Cad99C,6539
dgt1,519
CG7824,272
CR31032,15
CG15514,758
RpS8,28003
snoRNA:Or-CD8,0
snoRNA:Me28S-A2564,0
Zip99C,3948
CG34133,1531
CG31038,6416
CG15517,0
CG15515,396
CG31036,501
Capa,972
trp,117836
Jon99Ciii,1
Jon99Cii,1
Jon99Ci,0
CG15522,563
alpha-Man-Ic,28
Cog7,836
CG42557,0
CG42558,0
eIF2Balpha,549
Vps13B,1038
TkR99D,427
CG7896,428
Acph-1,611
CG7903,711
Sas-6,59
CG15525,304
CG11504,193
CG34298,1
Tace,1950
Nph,875
Nlp,1121
CG7912,27
CG7920,14366
Mgat2,2616
RpS28a,0
Axn,767
CR46111,0
CR44045,0
ZIPIC,157
ocn,0
janB,1
janA,338
Sry-alpha,0
Sry-beta,0
Sry-delta,380
RpL32,13184
CG7943,771
CG15528,173
CR44046,36
CG7946,1024
spn-A,225
CG15526,0
CG34317,0
CG7950,0
sima,7242
CR46112,0
CG45072,0
CG45073,0
Ppi1,8
CG31029,102
Tpi,15766
AdoR,362
CR46082,0
CG15529,610
CG11498,47
CG31030,6216
CG31028,454
Mlc2,146034
CG1983,982
CG15530,1
Bet5,568
CR44262,2
CG9747,3406
CG15531,5
CG9743,1147
RpS7,28805
snoRNA:Psi28S-2149,0
snoRNA:Psi18S-1377e,0
snoRNA:Psi18S-1377d,0
snoRNA:Psi18S-1377c,0
snoRNA:Psi18S-1377b,0
snoRNA:Psi18S-1377a,0
snoRNA:Psi28S-2626,0
Anp,0
CecA1,709
Cec-Psi1,0
CecA2,757
Cec2,2
CecB,247
CecC,742
CG43448,152
CG9737,30
CG9733,1956
tRNA:Leu-TAG-1-1,0
tRNA:Leu-TAG-1-2,0
CG34299,1
CG9682,0
CG18404,0
CR46113,1
hdc,837
CG34300,0
CR46114,0
Fer1HCH,21317
Fer2LCH,7549
CR45570,0
CG2217,0
CG42740,0
CG15535,342
mRpS18C,236
CG15536,172
CG2218,1243
CG15533,0
CG15534,0
CG15537,990
Osi23,4
aralar1,7176
CG2224,742
CDase,3305
PH4alphaEFB,3726
spdo,0
Jon99Fii,0
Jon99Fi,2
PH4alphaSG2,7
PH4alphaMP,10
PH4alphaNE1,10
CG31371,1
PH4alphaSG1,0
CG15539,1
mir-4908,0
CG34041,0
PH4alphaNE2,1
CG31524,0
CG9698,0
jdp,12893
CR45552,23
CR45553,77
tmod,19659
CG34155,272
CG9702,19
Rpt6R,537
CG9717,1562
CG2246,3003
CG31019,54
CG31021,1
PH4alphaNE3,0
CG31016,2
CR45571,0
CG44954,0
CR44136,0
CG2267,0
CR46236,0
CG31013,0
PH4alphaPV,0
CG34432,0
CG34433,0
CR45191,2
Spn100A,9
CG12069,0
Pka-C2,0
CR46115,0
CG31010,0
CR46219,0
eIF4H2,0
CG11313,4
CG15543,1
Npc2g,626
Npc2h,265
CR43238,0
zfh1,261
CR45189,1
wts,2957
mir-1013,0
dj-1beta,1234
cindr,3659
CG15544,909
tll,1
Cpr100A,2025
CG15545,10
CG15546,1407
CG12071,284
CG15547,423
Sap-r,49352
Cyp4c3,569
CG33483,0
CR46220,0
Ptx1,42
CR44041,0
CG15549,0
CG15550,7
CG15548,0
Ctr1C,1
5-HT7,628
CR46116,0
CG31008,0
CG31007,0
CR46117,0
CG33773,0
CanA1,198
CG33920,3
Alp4,8592
mir-4948,23
Chchd3,3243
dco,3707
Sox100B,4
CG11317,1186
CG15553,23
CG11318,59
Prosalpha3T,2
CG15554,33
CG15556,533
CR46207,0
CR43458,0
Gycbeta100B,4158
stops,3665
mesh,15
bnk,0
CG1544,1980
chp,49424
Zwilch,20
CG1542,592
CG15561,74
ATPsynC,58002
RNaseP:RNA,0
mir-4949,0
CG12054,3883
CG15563,3
CG15564,10
qless,2005
mRpL32,337
CG1750,173
spn-F,597
CG3669,10
CG18672,1
CG18673,0
ppk24,4
pHCl-2,0
CG34347,1469
CR46118,0
gskt,8
CG1607,4451
CG31204,0
CG31002,0
Gcn2,913
PNPase,244
Gprk2,2454
lox,6
CG11334,567
CG11333,1
CR45554,0
CR45555,18
CR45572,0
mey,21
CR45573,0
nyo,53
CR46120,0
CR46119,0
gammaCOP,2668
pygo,461
rod,188
CR45190,11
CG1635,1328
CG1638,19
CG1774,1114
RpL6,22138
CycG,30697
Med,783
CG11539,211
CG1792,224
pasha,334
kek6,688
CG1815,636
CG11550,2457
CR44091,1
CR45564,4
CR45565,0
CR45052,0
CG42693,1
CR34046,9
ttk,1813
CstF50,236
CG11563,426
eEF1alpha2,20465
CG1890,476
CG1896,231
awd,8915
nero,516
CG1910,663
salt,0
mir-1014,0
CG2187,0
CR44263,0
Smvt,0
CG2150,8
CR43436,1
pncr017:3R,8
betaGlu,378
sip3,734
CG2126,526
faf,7300
CG2118,992
Acf,1247
CG42233,341
Ir100a,1
CG1971,37
CG11576,1877
FeCH,974
RhoGAP100F,2477
heph,5698
CG2003,364
CR45556,1
CR45557,45
CG2053,1
krz,3128
mod,3590
Map205,3807
mthl8,1289
CG43149,326
Lsp1gamma,1285
CR44510,0
CR44511,1
CR43150,0
CR43988,0
CG13405,2
CG12483,116
CR45401,12
CR45402,4
CR45400,0
Pdk1,11873
CR45805,4
CG6845,37
Dic61B,13
p130CAS,1106
CR43151,1
CG7049,528
CR45806,6
Vdup1,3354
CG13875,342
Mkp,1
CG34140,0
Mtch,3118
rno,1569
mri,681
Gk1,2414
NitFhit,762
CG13876,191
CG7028,1276
thoc7,559
Dis3l2,871
Kaz1-ORFA,0
Kaz1-ORFB,686
pyx,444
CG13877,85
CG33229,9
CR42862,29018
CG42846,338
CG34454,751
CG34453,79
E(bx),5358
mthl14,61
DIP2,3328
wac,477
Tudor-SN,4689
snoRNA:Tudor-SN-a,0
snoRNA:Psi18S-996,0
mRpL17,833
CG34263,2
miple1,13921
miple2,1053
CG32845,1
ttm2,9
RhoGEF3,3606
fwd,6687
ddbt,1
CG32344,473
Atac3,462
Ptpmeg,5123
mthl9,236
mthl10,688
mth,1070
CG1231,155
Cdc5,736
Roc1b,9
CG1233,964
CG13884,0
trh,491
CR45378,0
CR43969,0
CG13891,14
klar,6785
snmRNA:438,0
CG34267,0
CG34268,0
CR46002,1
CR45118,0
CR45117,0
CG34269,1
CG17180,437
Cypl,136
Hipk,6068
CR46249,1
CR45808,0
Ppm1,8
Kah,765
MED14,1420
CG13893,2313
CR45807,17
Reg-2,2760
CR44513,0
CR42719,9
CG43337,1
CR43334,302
CR43423,2
ban,0
Gale,7433
CG3402,482
MED30,99
Rev1,492
CG17129,69
CG3386,310
ebd1,480
CG3344,6
CG32483,3
RabX6,467
Vti1a,671
CG13894,278
CR44514,2
CG13895,193
CkIIalpha-i3,602
CG13896,170
CR45411,0
CR43785,6
hng3,287
tRNA:iMet-CAT-1-3,0
emc,2928
tRNA:Ile-TAT-1-1,112
tRNA:Ile-TAT-1-2,73
CG13898,5
CR44537,0
CR43883,77
CR45184,0
Sf3b3,2070
snoRNA:Me28S-C788b,0
snoRNA:Me28S-C788a,0
snoRNA:Me28S-G3113b,0
snoRNA:Me28S-G3113a,0
snoRNA:Me5.8S-G74,0
snoRNA:Me28S-A771,0
snoRNA:Psi18S-110,0
snoRNA:Psi28S-3308,0
snoRNA:Psi18S-1086,0
CG42553,587
CG42554,408
CG13901,144
CG13887,3018
CG13902,276
Gr61a,10
cep290,45
CG13890,657
dpr20,419
CG12502,2078
Usp10,2073
CG13907,8271
snoRNA:CG32479-b,0
snoRNA:CG32479-a,0
CG34056,1187
CG34057,60
CR46200,3
CG13905,1
nerfin-1,16
Glut1,4506
CR45809,0
CR45810,0
CG12038,830
trio,9888
CR45811,43
CG9205,869
bab1,142
bab2,1653
CG13912,407
Trh,775
LysX,8
Aplip1,4673
mwh,1094
CG32335,4
CG9119,2100
LysB,0
LysC,0
LysD,3
LysE,0
LysP,16
LysS,0
CG33965,0
CG33966,1
CR45747,0
CG9194,112
CG9192,18
Klp61F,7
CG32318,0
Psf1,21
Sac1,2388
CG9129,2
CG9130,0
CG9133,0
tfc,282
CG32333,1062
Rabex-5,649
scf,1096
Rac1,670
CG9149,1194
CG2277,2461
Ctr9,2906
CG9186,2793
Sherpa,7084
Myo61F,480
CG9184,3
CR45166,7
ND-ACP,7231
msd1,17
msd5,51
CG2211,358
l(3)02640,2990
CG2199,711
Ptp61F,1121
312,366
ru,161
tRNA:Glu-CTC-3-1,0
tRNA:Glu-CTC-3-2,0
tRNA:Glu-CTC-3-3,0
tRNA:Glu-CTC-3-4,2
tRNA:Glu-CTC-3-5,0
tRNA:Glu-CTC-3-6,0
tRNA:Glu-CTC-3-7,0
CG32320,0
tRNA:Glu-CTC-3-8,0
tRNA:Glu-CTC-3-9,12
CG9168,2
FucTD,2
CG9173,0
SA-2,0
CR44842,0
rho,2493
Naa30B,0
stet,100
robl62A,1
CR43701,36
snoRNA:Psi28S-2622,10244
CG12084,4037
CR45812,3
hfp,2553
scaRNA:MeU2-48,0
Psa,6839
cue,1824
Iml1,2721
Ir62a,0
CG12091,3822
pns,2794
CG32313,6
Pcyt1,3803
CR45813,6
Pcyt2,1927
CG12099,4618
Pex10,284
CG7879,1509
CG12003,35
CG12004,3706
CG13917,8006
CG12104,419
CG33791,0
CG18170,0
CG12105,60
CG13926,103
CR45814,0
CG33230,0
ABCB7,1977
GC,393
CG13928,0
nSyb,6297
metl,655
Bgb,1236
alphaCOP,4447
CG13919,100
CG17249,165
Bro,0
CR45815,10
CG13920,2342
Vta1,1399
CG7970,572
CG7971,6930
CG7974,164
Uhg7,18
snoRNA:Me28S-A2634c,0
snoRNA:Me28S-A2634b,0
snoRNA:Me28S-A2634a,0
RpL23A,1820
RabX5,139
CG13930,4
CG7991,222
CG12011,0
CG13931,15
drpr,5653
CG18171,0
CG12035,2
Oseg4,101
PIG-Wb,0
Gk2,1681
CG13921,493
Cht2,2595
CG8001,858
Dhc62B,104
CG13933,657
CR44351,2
CG12018,158
CG2021,187
mRpL46,626
alpha-Spec,29010
CR45834,0
dlt,0
Cdc37,1147
CR45818,5
CG12020,1
Patj,2383
JTBR,333
CG42676,415
CR45686,7
CR45687,0
GV1,2343
Cpr62Ba,26
Cpr62Bb,2137
Cpr62Bc,2017
CNMa,26
CG12024,415
Rap1,821
HBS1,1036
CG12025,5501
CG13924,40
dre4,1039
CG13937,816
Aprt,290
Tmhs,284
dsb,2214
Dbx,58
tRNA:Cys-GCA-2-1,0
CR45826,0
CG5687,4020
CR44536,1
Mfap1,708
mu2,254
Cnb,56
mv,7591
CR45827,0
SCOT,1765
CR45828,0
CG1927,4140
CG11815,0
CG1139,9
CG42841,0
CR44535,0
CG42357,2
CG42356,0
CG34259,0
CG42355,1
sls,23760
CR42860,560
zormin,4881
CR45802,2
CG15822,395
CG15879,135
CG5704,430
CR15821,0
CG15820,4
CG13810,0
CG5707,1457
CG8960,0
CG15878,13
Oseg2,102
CG9018,317
ACXD,123
CG32301,0
CG32305,0
CG1275,6233
CG2034,237
oxt,1254
CG13807,159
ecd,988
CG13806,0
CR45829,3
obst-I,0
CG32302,1
yellow-g,108
tRNA:Cys-GCA-3-1,0
yellow-g2,0
MsR2,474
CR45427,0
CR45426,2
MsR1,1008
CG13801,0
CG1317,6735
CG8993,1960
mRpL23,819
CG9004,241
CG15877,196
Svil,10415
CG42787,0
CG32298,0
CG32299,0
CG16762,1
Cyp4d20,941
CG1146,0
CG16758,8532
CR45425,13
Spn,7370
CR45170,4
CG32295,0
msn,7423
RpL8,19109
dos,1761
CG16984,35
CG12182,390
CG16985,300
CG16986,711
Pxn,3618
CR45981,0
CR45982,1
CR45660,0
CG42245,0
MEP-1,0
CG14949,23
CG1143,502
CG1246,7
ProRS-m,265
CG42304,0
Snup,0
Fife,3885
CG33233,2
CG33234,0
Mrtf,1076
Acp62F,0
Non2,589
AhcyL1,1554
CG12093,1091
Atg2,3682
mRpS35,771
pgant6,521
Tet,2616
CR44531,1
spz5,645
Shab,2468
CG9970,0
CG32846,0
CG34025,1
Or63a,81
CR44530,0
CPT2,1488
CG2113,0
FMRFaR,324
CG32488,1
CG32487,0
aly,0
CG2162,2638
Jafrac2,128
scramb2,874
Sk2,1375
CG32485,2045
CG1271,795
CG16753,94
CG32486,4892
CG11486,3239
snRNA:U5:63BC,43487
Cht7,3634
tRNA:Cys-GCA-1-1,1
tRNA:Cys-GCA-1-2,1
tRNA:Cys-GCA-1-3,15
tRNA:Lys-CTT-1-12,1
tRNA:Lys-CTT-1-13,0
tRNA:Cys-GCA-1-4,0
CG45066,1
CG45067,8
prominin-like,4070
tRNA:Met-CAT-2-1,0
CG11537,5106
CR45819,2
CG1291,600
Usp5,1710
BtbVII,2505
ND-30,3742
CG15812,647
rasp,111
Asciz,81
CG32280,2159
CG32278,1997
CG32281,0
CG14963,7
CG14964,546
Girdin,1003
CG42494,20
CG32284,21
CG14957,6
CG42525,1
CG14958,2
CG14965,100
Hsp83,64857
CG14966,165
CG32276,3512
gry,2233
CG32271,370
CG33159,35
CG32277,0
CG33160,0
CG32269,0
CG32270,0
CG14967,1825
CG12034,655
RpL28,4253
snoRNA:Or-CD12,0
snoRNA:Me28S-C3351,0
snoRNA:Or-CD11c,0
snoRNA:Or-CD11b,0
snoRNA:Or-CD11a,0
eIF1,4659
CG11505,2539
CG17746,3539
CG12078,0
CR45424,12
CG43389,1
CR43626,55
mir-282,0
ckd,631
CG34265,54
CG14960,8
CG12017,9
CG12009,6
mir-955,0
CG14968,521
ZnT63C,5696
Drsl2,33
Drsl3,1
Drsl4,1182
Drsl5,2066
PIG-C,71
CG12016,0
CG42456,0
Strip,2867
PHGPx,5343
CR45380,6
CG14961,137
CG14969,747
Drsl1,0
Drsl6,0
kst,7966
Drs,4890
YT521-B,1243
CG12010,191
CG12012,751
Ids,288
CR45737,1
sty,2709
mir-2282,0
eIF5B,3220
armi,317
CycJ,53
CG14971,694
CG32267,756
CG42324,719
CG43074,12
ImpE2,4
Eip63E,6523
CR45043,1
CR45820,3
snRNA:U7,0
CG10359,568
CG10357,361
CG14974,0
dar1,262
CG10862,0
CG43098,0
CR43484,0
CR43485,0
CR45675,0
CG43089,39
CG32264,9129
ppk27,0
CG32266,9
ntc,0
IntS10,240
CG32262,665
CG32263,13
PIG-B,890
Scsalpha,13642
CR43932,0
CR45034,0
Acp63F,1
enc,3481
Rdh,0
Awh,230
CR45379,0
CR43917,0
CR45422,0
Fie,4999
snRNA:U11,9596
Gr63a,32
CG14977,447
Ccz1,570
Ubi-p63E,19439
Sc2,1632
ida,174
mge,880
Eip63F-1,6309
Eig63F-2,8
CG10866,583
CG12766,38
CR43916,21
CG10863,5501
CG14982,708
CG10853,1
CG14983,0
CG14984,1156
CG12605,557
CG43915,1
scrt,2154
CG14985,306
FoxL1,0
Mul1,611
CG11594,5167
Gr64a,1
Gr64c,0
Gr64b,0
Gr64d,0
Gr64e,0
CR45042,2
Gr64f,11
CG11593,1208
Rcd5,418
CG1136,2682
Dpy-30L2,0
CG18869,62
dib,3
wit,2868
CG32259,4
Faa,1858
Gad1,24549
CG14989,5988
CG14990,104
CG14995,1586
Fit1,3747
CR45670,4
Ack,1680
Chd64,3221
ens,6199
RfC4,242
Rop,15765
Ras64B,1607
Akh,7
CG32260,71
CG1299,1699
nab,1
mas,5
CR44529,0
Ero1L,932
CG18675,38
Teh4,143
Teh2,1623
Teh3,0
VhaM9.7-c,0
tipE,64
CG43367,4500
CG15005,1
Cpr64Aa,246
Cpr64Ab,2
Cpr64Ac,35
Cpr64Ad,0
CR32252,0
ImpL2,582
CR45738,1
CG14997,1167
pav,6
ago,4371
CG1265,748
CG15011,225
CG1309,2594
CG11586,496
VhaM9.7-a,1935
CG1273,14
CG33764,2
Ctl1,988
CG11583,517
srw,1
CG1316,1118
TfIIEbeta,751
Hexo1,1915
CG15012,4526
Fdx2,1094
dyl,11
Claspin,48
PMP34,855
CG15014,174
Cip4,1522
CR45156,12
mRpS6,144
CG33514,20
CG11342,118
DopEcR,1701
CR44360,0
CG32240,4
slow,4393
Syx17,1896
CG15019,431
DOR,4539
CG15020,44
nAChRbeta1,695
CG15021,446
CR45739,0
CG12607,32
CG11345,25
CG15022,0
CG15023,7
CG15024,264
CG32241,1
CG32249,3
CG32248,6
CG11349,7
CG7465,0
CG11350,1
CG13722,1668
CR44709,22
CG13721,48
CG13720,188
NT1,23
Tie,1544
CG11353,62
CG32243,1194
CG11357,1211
CG33777,11
CG42540,12686
Src64B,1449
CG32246,0
CR45438,0
HDAC1,687
axo,3131
CG13716,0
CG32238,17
CR45830,1
CG32236,0
CG34266,1
CG7514,0
CG18418,0
RhoGEF64C,2750
CG15876,0
CG13713,0
CR43879,0
CG13712,3
CR45983,0
CR43882,0
CR45984,0
CG12493,7
CR43881,0
CG13711,0
CR45821,0
CR45740,1
CR44528,4
CG7509,1169
CG18808,3
Dhc64C,16388
LeuRS-m,883
CG13708,32
CG13707,232
CG32237,0
CG32235,0
Dnah3,16
CG13705,3
CG13704,0
Rh50,2270
CR43627,0
Con,2643
CG17030,0
CR45685,0
CG32232,0
ATPsynCF6L,0
CR43884,0
CR46198,0
CR34047,2
CG4597,2
CG15212,0
CG15213,170
CG4603,883
CR45160,14
CG10674,679
CG4611,389
Prpk,265
CHMP2B,681
CG10672,1516
Gdap1,97
CR45985,6
Fitm,1075
AlaRS-m,1154
Gen,43
Srp54k,3417
shep,10837
CG4669,0
CR45741,0
CR45742,0
tRNA:Ser-AGA-2-5,0
lama,1297
tRNA:Val-TAC-1-1,15
tRNA:Val-TAC-1-2,11
Klp64D,1973
Cyt-c1,18984
Uev1A,6421
Membrin,346
Pfdn4,1000
CR44515,0
CR44516,0
CR45743,0
Ir64a,30
DIP-delta,1254
CG4835,1
CR44520,0
blanks,3
CR44518,0
CR44519,0
CG34342,108
Lkr,314
CG13285,252
frm,465
sinu,889
Sucb,1768
Sras,330
bc10,104
Msr-110,16141
snmRNA:357,0
l(3)psg2,283
spo,0
CG10592,3
CG5150,3
CG10591,0
TM9SF3,769
mthl2,588
Eaf6,182
Blimp-1,1668
lin-28,6
sif,815
Sse,9
CG46320,0
CG44521,0
snoRNA:Me18S-A1494,0
DnaJ-1,14014
Usp47,5870
CG10576,5696
snoRNA:Psi18S-1397,0
snoRNA:684,0
snoRNA:Psi28S-1837c,0
snoRNA:Psi28S-1837b,0
snoRNA:Psi28S-1837a,0
CR43603,0
Txl,2688
Ppat-Dpck,1266
CR45831,51
scny,2609
vito,206
Myt1,265
PGRP-LD,0
Pmi,0
CR45026,3
Cralbp,345
Bre1,784
Tektin-C,35
S6k,3499
CG42272,109
kri,697
mad2,20
vn,758
CG5568,0
CG18586,0
CG13287,2
DNApol-epsilon58,24
CG5592,0
CG32409,362
QC,1181
CG32413,0
CG10486,1
CG13288,198
CG10483,1309
CR45167,3
CG32407,978
CG33523,3004
Rcc1,953
CG33993,635
CG10479,426
CR45439,0
CR45440,3
PVRAP,1153
alphaKap4,1
CG10477,1
yip7,0
CR43952,0
CG6462,16
Jon65Aiv,0
Jon65Aiii,0
Jon65Aii,0
Jon65Ai,0
tant,331
CR45441,8
CG6592,29
CG10472,13
CG42269,1828
CG6602,14
CG13295,1055
CG6610,133
ssp6,806
CG13293,550
CG10469,61
CG10467,332
loj,912
Ets65A,844
CR46001,0
l(3)mbn,1940
CR46005,23
Lcp65Ag3,3
Cpr65Au,4100
Lcp65Ag2,5
Lcp65Ag1,2
Lcp65Af,0
Lcp65Ae,0
Cpr65Av,2
Cpr65Aw,0
Lcp65Ad,0
Lcp65Ac,299
Lcp65Ab2,0
Cpr65Ax1,0
Lcp65APsi,0
Lcp65Ab1,0
Cpr65Ax2,0
Lcp65Aa,0
Acp65Aa,301
CR45421,3
CG13297,6
Cpr65Ay,0
Cpr65Az,1
CR45744,1
CG13296,0
CG10289,2976
CG7376,312
CG10274,469
D19B,1071
CG43293,6
D19A,414
CG7386,77
Sf3b6,1203
Tnpo,3610
CG8219,32
LanA,6191
CG33946,27
CG13299,2
BG642312,3
CG42714,0
CG10226,7097
Mdr65,7283
Best2,5542
CG10163,3
ImpL3,1219
CR44522,1
CG43168,1
CR45420,0
CR45114,0
CR45113,0
Or65a,12
Or65b,15
Or65c,3
CG13300,275
Sfp65A,0
CR45419,0
CR45980,0
CG42747,491
CG10147,459
CG8270,343
Vps8,805
sfl,5112
CR45979,0
CG32396,0
MCU,1469
jv,1621
ndl,3
CG8368,915
zpg,0
CR45418,7
CG8398,1493
GluRIA,1078
CR45238,1
CR45239,0
eIF4E4,1
CR45173,0
CG32395,1
SP1173,5290
CG8519,95
ple,11871
CR44523,4
CR45417,0
dikar,1460
velo,1914
CG8549,520
CG10103,1935
CG32392,149
CR45759,6
vvl,1905
CR45115,649
CR45416,4
Prat2,6830
CG45413,4
CG14820,2
CR45415,0
CR45414,22
CR45412,1
tow,898
CG10077,4821
CG9948,345
CG10075,966
Surf1,285
sgl,1558
CG10064,5
Mis12,64
CG9953,3986
CG10063,5
Galphai,1863
CR32385,6
CR46000,0
CG32388,0
CG43439,0
bin,0
Mp,6534
CG17744,0
CR45832,8
CG8641,176
CG14823,1355
CG32391,0
CG34030,0
Cpr65Ea,0
Cpr65Eb,0
Cpr65Ec,0
form3,3070
msl-3,456
BBS1,22
CG8629,0
CG15829,9
CG8628,1
Dbi,2972
melt,410
corn,4573
CG8620,136
Dscam2,1755
CR45410,0
CG14826,1
CG14829,2
BHD,286
RpL18,13359
Neos,319
mRpL50,312
mei-P22,2
Cdc27,1219
MED4,234
CR43470,11
CG14830,2425
unc-13-4A,1067
CG8607,129
RhoGEF4,2
Rint1,907
CG8602,8143
CG42307,0
mus312,0
CG43780,0
CG43781,0
eco,717
lark,1449
Cln7,1915
CG14834,29
Srp19,346
qm,1016
CR45833,0
CTCF,668
CR45822,4
pst,11801
Sec63,4449
CR45835,16
Sh3beta,3651
akirin,3822
SMSr,837
smid,1399
CG8564,0
CG8563,20
CG32379,3
CG8562,1
CG18417,0
CG8560,116
pncr015:3L,20
CR44525,124
CG42458,1150
Rac2,3073
CG14835,0
sphinx1,0
sphinx2,0
CG33278,0
ppk26,161
CG42661,0
Tsp66A,0
CG42660,0
CG8543,0
CG8541,0
CG43292,0
mthl6,1
Cyp316a1,0
Cyp4d8,1066
CG8539,1366
CG7548,30
CR45896,7
CG7546,1838
ltl,6889
lqf,9666
CG16998,1
CG32374,0
CG32376,0
CG14837,20
frac,65
CG14838,3
CG7716,1
Pura,4051
CR45866,0
snoRNA:Me18S-A1806,14
Urm1,149
CG7506,391
CG32373,650
PGRP-SD,0
CG7492,1651
Ank2,15806
CG44195,0
CG12262,0
CG7457,536
CG8492,51
Snmp2,632
CG13685,0
CG7409,0
Hn,7001
Clk,3390
CG32371,0
CG32369,3077
Pdp1,6275
CG32365,202
eIF4E5,5
pbl,1048
CG8281,291
CG8111,645
CG32368,1823
syd,5338
Srp9,875
CG43880,0
exex,5
RNaseX25,2555
CG8042,2081
HP4,196
CG8209,532
CG8038,176
nmo,1301
tRNA:Ala-AGC-2-1,0
bip1,134
CR45867,1
CR45868,0
tRNA:Leu-CAG-1-2,2
tRNA:Leu-CAG-1-3,1
tRNA:Leu-CAG-1-4,0
Ect4,8310
tRNA:Leu-CAG-1-5,0
tRNA:Leu-CAG-1-6,0
tRNA:Leu-CAG-1-7,1
CG42590,0
CG42591,2
CR43974,4
CG7565,2368
fan,3
CG7927,1317
mir-2501,0
Arp3,2069
msk,4779
ldbr,79
CG7550,196
mRpL36,247
Uba2,979
CdsA,21563
CG7504,397
mus301,88
CG13676,2269
CG42445,380
CG43886,2
CG13675,37
RecQ4,114
Nmt,706
mthl7,2
Uxs,1017
ERR,1570
CR45869,8
CR45870,11
Atg18a,1033
MED24,948
CG7387,3
UbcE2M,732
CG8005,180
CG7366,0
CG13679,5
tut,65
CG8006,0
CG8012,2460
CG13674,14
CG13678,8
eIF4E3,1
CR43953,0
CG7213,8
Dscam4,2004
cert,1875
CG7201,25
Rab19,366
Arl5,523
CG13671,526
CG7194,150
Sbp2,526
Gr66a,74
BI-1,5772
CR45409,146
CG7185,1795
CG43059,0
CG13670,27
CG34461,92
CG34462,0
Cpr66Cb,8
Pex2,342
DNApol-alpha50,197
CG7083,0
CG7182,801
GAPcenA,2016
Culd,5929
mir-4913,0
Idh,24885
ImpE1,112
Jon66Ci,2
Jon66Cii,0
CG7120,1447
mkg-p,0
CG33057,0
CG13667,304
Oseg1,384
Exo70,1000
mtrm,0
CG32354,355
Cbl,918
Unr,6559
CG6983,8465
Gug,2990
CG43163,1270
ZC3H3,590
CG6745,234
CG6765,251
CG6683,128
GstO3,1178
se,14621
GstO2,1028
GstO1,324
foi,1594
ergic53,3374
rhea,16112
CR43910,0
mir-190,0
CG6638,993
CG43078,9107
Nelf-E,584
RpL14,17955
snoRNA:U49:66Da,0
snoRNA:U49:66Db,0
CG5989,529
CG6282,2476
S-Lap1,40
S-Lap2,1
GAPsec,531
Zasp66,11445
Cdc6,27
Cpr66D,159
CG13305,273
Pex7,980
Arr2,251132
h,912
CR44526,3
SrpRbeta,883
CG32022,293
CG6511,313
CG43965,0
Cp18,7
Cp15,2
Cp19,6
Cp16,0
Prm,16402
CG13306,25
CR44527,0
Fhos,1971
CG6576,0
CG5804,0
CG13310,5
CG13311,0
CG34426,0
CG32023,0
CG34427,0
CG13312,1
CG32024,0
CG13308,0
CG13309,1
dally,4473
CG32026,0
CR45823,0
CG43169,0
CR45871,0
Mcm7,158
TrpA1,91
tRNA:Thr-AGT-3-1Psi,0
mfr,1
Tsp66E,3273
CR43970,0
CG43783,2139
orb2,44
GNBP3,2092
mRpL12,360
CG13313,5
ValRS-m,444
CG5653,1346
CG5021,1353
CG5026,908
pix,8984
Srp68,1373
CG5644,926
CG13314,109
Galk,8368
CG5068,1621
CG5280,34
smg,1329
CG5087,1171
Doc3,6
CG5194,0
Doc2,13
Doc1,10
CG5144,54
Argk,66947
CG4911,3537
CG4942,205
teq,3981
CG32032,2065
CG13315,9727
bol,3443
Dhpr,2141
Use1,344
nwk,4753
mir-4940,0
Rdl,3385
Slc45-1,2832
CG4476,49
CR45408,0
CG4483,0
CG4477,0
GluRIB,1141
PGRP-LA,1581
PGRP-LC,1919
PGRP-LF,914
UGP,15088
CG32040,48
CG32039,1293
Pdxk,2891
CG34456,55
Klp67A,20
mRRF1,397
CG4452,1010
Fdx1,169
Hsp67Bc,437
CG4456,1
Hsp22,0
CG4461,784
Hsp26,4778
Hsp67Ba,701
CR43481,14
Hsp23,3182
Hsp27,376
CR43483,0
CR43482,0
CG4080,1210
eIF4E1,5256
Cpr67B,4693
CG4022,417
CG3689,1271
CG3967,2845
CG3982,0
aay,23878
Shc,669
RpS17,12421
snoRNA:Psi28S-612,0
MTF-1,477
CG42526,59
Bet3,766
CR45872,0
Nf-YA,0
CG33926,2044
CG3529,3270
CG3448,64
ghi,1120
phol,916
CG3552,261
CR45873,0
CG3437,363
CG3434,351
CG44838,2056
Uch-L5,2412
Jarid2,1070
pall,714
CG32036,24
CG32037,59
path,9349
CG3408,93
RpS9,17607
CR45874,189
snoRNA:Me28S-G3253,0
CG33703,0
CG33702,2
CR33701,0
CG33700,1
Or67a,8
Ir67a,1
CG42673,2933
CR46246,34
Tmc,110
CG3222,0
CG3088,13083
CG3306,0
LanB2,2227
CG3335,571
Or67b,8
CG8336,573
fry,6629
CG8329,1261
CG18179,6
CG18180,10
CNMaR,314
CG16717,477
alphaTub67C,31
CG6767,7570
CG16719,1
CR45804,21
CR45121,11
Ubc4,1189
CG6761,55
CG16711,731
SH3PX1,1697
vsg,4929
snmRNA:838,0
CG18178,370
CG14174,123
nbs,483
defl,218
Naa60,408
ATPsynB,18628
CG6749,234
mir-4986,0
CG42268,9217
CR44348,17
CR45407,0
CG8177,3270
CG32052,1157
Zasp67,57
Ilp1,0
Ilp2,0
Ilp3,979
Ilp4,0
CG43897,10756
Ilp5,301
I-2,995
Cdk8,230
RasGAP1,2494
CG10809,324
iPLA2-VIA,3526
CG8108,3408
CR45406,0
CG34382,21
Taf2,501
CalpB,5141
CR45875,85
CG6709,0
CG14164,0
CG6707,4180
nudE,2684
bma,1162
CG6685,576
Dronc,4531
CG6674,328
CG42455,0
vnc,0
dpr6,1073
CR45876,0
CR45877,0
CR45155,0
CR45878,0
CG14160,1
CG32053,0
CG32054,0
CG42825,1
CG42826,2
CR45879,0
dpr10,2525
snoRNA:MeU2-A31,0
CG8072,1
CG6628,0
ect,187
CR44538,2
CG8065,0
CG32055,54
scramb1,630
CR44542,0
CR45403,0
CR44541,1
Or67c,1
CR44539,0
CR44540,0
can,3
CR45242,21
Or67d,9
CR46003,52
CR46004,432
mir-276b,0
CR46006,3093
mir-276a,0
CR45245,1
CR44543,0
CR43990,0
CG12362,0
Ir67b,1
Ir67c,1
Gem3,317
CG32061,0
S-Lap3,0
Rbfox1,5918
S-Lap4,0
CG6527,0
CR46212,0
CG42521,8
CG43127,0
CG34238,0
CG14151,0
CG42536,0
CG42535,0
hay,0
CG34001,41
E(z),1212
CG8009,181
CG18628,10
CG32066,2349
CG14154,0
CG14153,1140
CG8003,526
Adi1,1449
simj,2167
CG11811,872
CG33493,182
ND-13B,3105
NijA,2168
CG43245,6
CR44544,15
CR44545,0
CR44546,0
CR46230,0
CR46231,0
CG12523,0
CR44347,19
CG42831,0
CR45247,0
CR45246,0
CR45169,3
tna,3171
CG6418,756
Blos4,291
CG6409,7329
galla-2,373
CG6404,515
Cpr67Fa1,0
Cpr67Fa2,0
CR45171,17
Cpr67Fb,4
Aps,1496
CR45248,0
CR45249,0
CG14147,6
CR45745,1
klu,283
snoRNA:Me18S-G962,0
Fad2,7
CG32079,0
CG32081,0
CR44547,0
CG43693,1875
CR45119,6
CG7888,10562
CG6321,374
Blos2,351
CG32069,301
CG32075,332
SuUR,0
CG45101,0
CG6310,237
Mocs1,589
Pfdn2,1283
CG7839,776
JIL-1,874
Iyd,49
CG33947,284
Irbp18,1078
APP-BP1,538
Elo68beta,0
Elo68alpha,16
CG32071,0
CG32073,0
CG12522,0
CG34012,0
CG7638,958
Sod1,10658
FoxK,959
mRpL2,758
Ufd1-like,2772
NaPi-III,9737
nol,0
CG32074,0
CG14143,9
IRSp53,5256
CG6216,14
CR43989,25
Alg10,279
wls,459
CG7616,566
CG14142,802
GlcAT-P,2312
Plod,4296
CG7607,2725
CG14141,777
Ube3a,1170
CG7600,1873
CG42671,7118
CR46050,2
CR45405,7
Ir68a,68
CR44718,16
CR44719,1
CR44714,0
CR44713,2
CR44715,0
CR44717,2
CR44716,13
scyl,12115
CR44720,15
CR45404,4
CG6175,1576
CG7573,10
CR44361,1
CR46240,1
CG6168,0
CR44721,0
CR44722,0
CR44723,0
CR45250,0
CR45251,60
CG6163,243
CR45036,1
CR42755,4
CG11726,0
CG44362,0
CR44363,1
CG7560,267
CG6149,0
CR44548,0
CR44549,0
CG7557,0
CG12289,0
CG7551,0
CG6140,1
Vha16-3,0
CR46049,0
Vha16-2,0
chrb,14933
CG33500,0
Sgs8,0
Sgs7,1
CG33272,0
Sgs3,0
CG7512,18
CG11714,0
Fuca,0
Mob2,12040
mir-4968,0
CG7394,255
CG33267,49
CG33490,0
CG33489,0
CG33271,0
CG33270,0
CG43390,0
CG43391,0
CG33269,0
CG32086,6
rt,382
CG7377,0
CG33268,0
CR45672,0
CR45442,0
CR45671,0
CR45443,0
CG7368,176
CG14137,4
Duba,2732
CG42832,0
Muc68Ca,6
CG6084,13355
CG6083,414
PCID2,254
CG18815,3707
mir-3642,0
CG32091,4935
CR45158,5
CG6071,139
RIOK1,405
CG7339,329
CG32085,2020
mir-274,38
CR45881,142
CR45880,120
CR45883,0
CR45882,93
CR45884,2
TfIIEalpha,1271
Sugb,1035
CR45885,4
Pldn,308
CG14135,299
CR43887,3
CG11652,1381
Dnai2,55
CG11658,4009
mtTFB1,0
Ccdc56,0
crim,309
CG14132,650
Bmcp,515
sunn,10
CG32087,0
CG6024,1963
Gr68a,0
Muc68D,0
mir-314,1
mir-956,1
Tim13,6
Pi3K68D,3658
CG14131,81
CG5964,20
CG10907,317
Klp68D,3394
CG10361,1091
tRNA:Gln-TTG-1-1,0
CG42255,3
CG14130,255
CG5946,6832
CG11597,0
RpL10Ab,16345
snoRNA:Psi18S-920,0
CG32095,179
CycA,112
CG7264,5
CG43064,314
CG12521,1
CG44837,1705
CG5906,0
Sprn,1
CCDC151,15
CG5897,0
CR43624,0
CG11588,0
SdhAL,0
byn,0
Rpt4R,1
CG5883,217
mir-285,48
CG7252,3
CG17826,1
obst-G,0
CG7248,0
CG11570,0
CG43294,0
prc,424
Muc68E,0
CG42397,0
CG14125,0
CG43896,0
CG6938,52
CG6931,3
viaf,1277
Grip163,605
Pop2,1290
CG6928,340
rols,1490
CR43994,0
CG43993,0
CG6793,3
CG43638,0
Sema5c,2934
CG17154,0
vers,198
ssp,901
CG11560,391
yps,4527
Ir68b,0
CG34241,0
CR11538,46
Lsp2,17241
CG11534,590
CR45892,4
CG5645,349
Atg12,492
ND-SGDH,6100
RhoGAP68F,1361
eIF3l,2436
Nrx-IV,7288
CG32099,0
CG9760,227
Rh7,746
CAH2,6053
CG6910,4800
Est-6,5819
thoc6,249
Est-P,4
CR45746,12
CG11529,122
Adk1,7851
CG5626,90
app,1958
CR43991,0
CG32100,385
Pbgs,426
CG4300,2042
INPP5E,1131
CR46241,0
CR45658,5
CG4328,266
CR44550,0
CR44551,0
CG44355,0
Lmx1a,239
CG10418,104
CR45444,4
CrzR,473
Ncc69,10158
CR45824,0
CG32104,206
Obp69a,467
Smyd4-2,137
CG32103,9469
ArfGAP1,1886
toe,176
eyg,310
CG32102,6
CG10616,1376
CG10663,323
CG33725,1
CG10660,933
CR45681,26
CG10657,2027
CR45682,47
CG10638,741
CR43868,4
CG10681,286
CG10646,389
vih,847
CG10654,946
sti,26
CR45168,1
tral,3552
Gcn5,724
ver,84
eIF2beta,2325
nst,1565
Tsf2,2818
CG34242,356
Pmm2,529
CG4069,345
sowah,1660
CR43612,0
ara,229
caup,102
CR32111,82
CR43431,10
CR44553,2
CR44552,0
mirr,179
SmD1,250
Ptp69D,1954
CG32112,851
CG32109,808
Klc,5188
CG10984,1520
CG10973,484
CG32113,2690
Hip1,2053
CG32106,0
CG10969,0
CG17666,5
Atg1,6512
CG42709,1144
Sap130,2308
CR46251,3
CG32110,0
Sf3a2,252
CG42588,692
CG10960,8849
CG10948,1403
Wbp2,4831
Ent3,1647
CG32107,1
CG10943,2
CG14120,0
CR45748,0
CG43894,1
CG14118,93
CG12520,141
CG32117,0
CG32115,162
CG10752,6
Or69a,8
CG10748,0
CG10749,0
CG11262,0
CG11263,9
CG14117,220
CG11261,94
MICAL-like,708
CG11267,1777
mRpL20,497
ste14,171
CR45445,8
AdenoK,2681
RpS12,14100
snoRNA:Me28S-A774b,0
snoRNA:Me28S-A774a,0
Zmynd10,8
CR45172,0
CG17672,13
CR45157,3
SRm160,1314
RpS4,26112
snoRNA:Psi28S-3327a,0
snoRNA:Psi28S-3327b,0
snoRNA:Psi28S-3327c,0
Syx13,1722
CG11279,200
CG14115,0
CG34428,0
CG34429,0
CR43652,0
CG17300,0
CR45749,0
CG11251,1
CR44554,0
trn,698
CG33262,0
snky,0
CR45096,2
tRNA:Pro-AGG-1-5,2
tRNA:Pro-AGG-1-6,9
tRNA:Pro-AGG-1-7,3
tRNA:Leu-CAA-2-2,18
CR45097,0
CR43914,0
CR45098,0
caps,6406
CG32119,1
tRNA:Asp-GTC-1-10,0
tRNA:CR32123:Psi,0
CR43146,3
CR43913,0
CR45752,0
CR45753,0
CR43912,0
Sfp70A4,0
CR45253,0
CR45255,0
CR45254,0
CG42481,0
CG43147,0
SP,0
CR43911,0
CR44557,0
CR44555,0
CR44558,1
CG14113,0
CR44559,0
CG17687,6
Nplp2,18531
CG14111,0
SNCF,0
CR45886,0
CG14107,21
ImpL1,116
CG14110,2
CG10171,398
Poc1,42
sens,18
CG10222,208
flr,3393
CG32121,43
CG33263,0
CG14106,4
CG14105,389
CG10713,512
tRNA:Val-AAC-2-3,0
tRNA:Val-AAC-2-4,0
CG10154,0
CG10725,1
CG10140,22
CG14109,1635
cmb,942
CG10133,116
CG10738,380
CG10116,4
CG10089,603
stv,4179
Abp1,1881
Tgi,915
Spt20,495
Vps36,213
Liprin-beta,637
CG10710,73
bru3,3173
CR45825,0
CR45178,0
CR45120,0
mir-289,0
CG43184,0
CG8757,29
CR46266,0
CG8750,1
Tsp68C,8
Hml,403
CG8745,3694
dysc,5251
CG13737,69
Rgl,5216
CG8833,342
DCTN1-p150,2578
CG32137,1695
Meics,161
ssp2,0
Nxf3,0
CG13738,2
Hsc70-1,297
CG17364,2184
CG17362,0
CG9040,0
26-29-p,5821
CG17361,78
CG17359,117
Nprl3,787
upSET,3829
Ptip,308
endos,2342
CG6650,785
pncr014:3L,18
CG6661,5
Hsc70Cb,8309
Neurl4,1670
CG6833,382
CG13484,160
CR46067,7
Frl,5680
Pex1,1340
btl,926
CG8100,62
Fbp1,3605
Sox21a,24
Sox21b,417
CR45887,0
D,418
nan,43
nuf,10035
saturn,0
CG7768,0
CG7924,56
CG34244,60
CG7906,265
CR45399,0
CR44561,0
CR44560,1
fz,1977
CR45025,1
CG13482,0
CG13481,0
CG43120,5
CG3868,4
stwl,641
CR45233,11
CG3919,18
bbg,908
CR46032,0
CR46031,0
CG9592,0
CG4613,0
CG43246,0
Mpcp2,31984
Gbs-70E,5076
CG34039,279
CR44843,0
Lk,83
CG42758,0
HGTX,58
shd,130
CG9628,3496
RecQ5,850
dlp,1298
CR45888,2
CG43121,0
ome,2565
tRNA:iMet-CAT-1-4,8
tRNA:iMet-CAT-1-5,0
CG4914,259
CG5048,0
goddard,0
CG13474,0
CG17177,0
CG13476,0
CG13473,0
CG13471,0
Trl,22
CG42507,0
CG33260,58
CG9384,2302
CG17173,18
mop,5386
bmm,5395
Tdrd3,659
CG9425,3013
NHP2,598
gnu,1
CG17839,22020
CR44702,40
CR45398,0
CG34245,0
DCX-EMAP,281
CG13465,0
BobA,0
CR45978,0
Tom,1
Brd,0
Ocho,0
CR43432,53
CG3349,0
CG5114,651
mnd,900
Zip71B,1964
mRpL39,1039
Prosbeta2,4928
Reck,1290
Sytbeta,1393
CG32148,0
Rpn12R,0
ind,0
CG43678,0
CG18581,0
CG12310,0
CG43679,0
CG13461,0
CG43680,0
CG18649,0
EAChm,7
CG13460,0
CR43684,0
Plp,5165
Or71a,0
sstn,0
GlyRS,1338
CTPsyn,1713
CR43973,50
CR43972,0
CG45071,0
CR43971,0
CG13458,161
Cep135,342
CG16959,1006
CG32847,0
CG13457,3
CG12316,297
scaRNA:MeU5-U42,0
Pdi,12881
CR45396,10
CG32147,337
CR45397,0
Pex3,1496
FucTA,1259
Msh6,338
Prp31,1040
CG7011,426
CG6878,687
CR44562,0
CG6888,0
Tollo,1429
Best4,1
Best3,1
CG7255,902
CR46213,0
CR43247,0
CR43992,1
Toll-6,1459
CG33259,0
CR43625,0
CR45395,0
CR45394,0
CG7804,1
Ran-like,0
CG12355,1460
CG13455,13
CG7276,0
CG7275,528
CG7272,2336
CG7857,153
CG7841,1589
Z600,0
gdl-ORF39,0
gdl,33
Eip71CD,2542
CG13454,0
mex1,3
CR43159,20
yellow-k,0
CG7945,1251
CG33986,0
CG33985,0
CG42729,0
CG42728,0
obst-H,0
CG43248,8
CrebA,518
AGO2,7895
CG7739,5687
SCCRO,1335
dop,4829
CG16979,1178
mrn,236
CG12301,338
AIMP2,1115
CG7656,2130
RhoGAP71E,2612
CG7650,765
CG13449,9
comm3,553
CG7372,242
CR45977,0
CG43083,1
Eig71Ea,0
Eig71Eb,2
CG43084,0
Eig71Ec,0
Eig71Ed,1
Eig71Ee,0
Eig71Ef,1
Eig71Eg,0
Eig71Eh,0
Eig71Ei,0
Eig71Ej,0
Eig71Ek,0
CG43082,0
CG7304,0
CG7579,0
pgant8,103
CG34452,1
CG34451,6
comm2,905
CG42571,4
CG42570,4
comm,692
CR45240,1
CR46197,0
CG6244,0
CG13445,0
fwe,10402
CkIIalpha-i1,175
DCP2,5662
dbo,2320
CG12713,143
CG18081,1869
CG15715,686
meru,137
mir-263b,0
pHCl-1,7001
CR44051,0
CR44050,0
sff,3151
Pka-C3,1899
GXIVsPLA2,753
elgi,700
CG17032,1686
l(3)72Ab,2406
CG10516,2008
brm,741
CG17026,990
CG17029,1454
CG17028,91
CG17027,1573
Arl1,926
DNApol-delta,513
CR45446,0
Hip14,1581
CG5830,2655
mRpS31,1340
mib1,2229
CR43950,1
CR45998,1
CR43949,0
Notum,128
mir-4941,0
CG42717,2
CG42716,1
CG42538,0
CG5895,1908
Diap1,10179
CR45889,8
CR43951,6
Mbs,6406
CG33258,14
CG13075,27
Tasp1,680
CG5235,26
ClC-c,2761
CG13074,13
ATPsynbetaL,1
IleRS-m,251
IntS9,309
CG43295,5
Zn72D,1934
Taf4,2071
Strumpellin,1982
Pgm,7592
SsRbeta,2391
Trs20,433
elg1,237
CG5157,3
CG5151,582
CG32152,0
CG33796,0
CG33795,5
CR45754,0
CR45755,0
CR45437,0
CG33687,0
CG33688,0
CG33689,0
CG33690,0
CG13073,33
CR43891,1
tRNA:Met-CAT-1-3,0
l(3)72Dn,463
CG5027,1985
PDCD-5,415
MED10,640
Hsc20,143
l(3)72Dp,1034
l(3)72Dr,65
CG13055,44
CG13054,46
CG13053,2
CG34247,29
CG13071,706
CG13070,0
CG13051,5
CG13069,2
CG4950,3369
CG13068,24
CG34248,43
CG13067,133
CG13066,1
CG13065,583
CG13050,1
CG13064,5
CG13049,1
CG13048,0
CG13047,0
CG13046,25
CG13045,0
CG4962,2789
CG4982,3
CG13044,251
CR45890,1
CG43249,4
CG13043,1447
CG13063,320
CG13042,182
CR32160,41
CG13062,32
Nplp3,32445
CR45663,2
CG13041,8
CR45664,0
CG13060,7
CG42718,0
CG13059,22
CG13040,8
CG13039,0
CG13038,100
CG13058,2
CG33061,1
CG33060,5
retinin,33576
CG13056,875
CG4998,222
CR45893,0
CG33257,0
mRpS34,576
Golgin104,778
tRNA:Met-CAT-1-4,0
Tcs3,273
Pdh,73557
CR45894,126
ringer,2071
Cpr72Ea,9
Cpr72Eb,0
Cpr72Ec,3504
CG4842,1436
CG18814,0
roq,4076
CG4753,784
CG4729,1913
RAF2,325
CG44836,54
Gagr,171
fax,9477
TMS1,11542
GluRS-m,97
TyrRS,1852
CG33158,604
dsx-c73A,16
aos,1193
CG43373,3631
CG42514,0
st,1192
CG13033,0
CG4229,0
Mipp1,4500
CG43206,0
mbf1,1947
nxf2,46
Smn,433
CR43727,33
Rpn12,5154
UQCR-C2,18124
Syx8,783
CR45895,13
CG32163,160
l(3)73Ah,408
tra,150
spd-2,31
CG32165,199
CR18217,159
CG32164,554
CG4098,199
Prosbeta6,5970
Su(P),1583
CG4101,308
CR45865,6
Mo25,1509
Abl,2344
Baldspot,6829
snRNA:U12,2291
Galphaf,82
CR46033,0
CR45241,1
zetaCOP,1407
CG13032,1
CG43954,0
Lasp,0
CR45179,8
CR45897,0
CG9692,0
Dab,3178
CG13026,47
CG13031,1
PGRP-SB2,1
PGRP-SB1,3238
Dbp73D,376
CG9701,3474
CG42852,0
CR46214,3
Nrt,1697
CG13025,283
CG9705,704
CG9706,955
eIF3e,3872
CG9674,44151
nudC,1499
CG13024,1892
TSG101,755
CG9669,256
Zcchc7,1604
CG32161,0
Rh4,18745
sina,723
sinah,1
CG13029,1
CG9951,435
Lmpt,15114
CG32170,0
CR45898,0
CG13028,10
CG13023,159
CG11905,64
CG13022,104
Cpr73D,707
Obp73a,3
Nc73EF,9201
Exn,6993
CG3764,2214
mir-2500,0
CG6664,2162
CG7728,1056
CG6652,30
a10,1804
Fit2,913
CG7730,43
Ilp8,62
CR45756,0
CR43250,0
beg,202
scaf6,625
Papst2,454
CG14057,123
TpnC73F,117
rogdi,2498
CG7724,810
Rbp6,6262
CR43433,1
CG6512,3309
CG7707,0
CR43870,149
CG6497,0
CR43874,0
CG13723,0
CR45436,0
mir-219,1
ND-24L,0
CG13724,2
CG13725,0
Or74a,1
CR44563,0
CR44564,7
CG6479,289
tRNA:Pro-CGG-2-2,49
CG13727,6
brv2,3
Mip,816
CG7692,695
tap,6
CR45688,0
Cad74A,863
CG13728,1
CG13731,3
blot,2895
noe,0
Sec3,1211
CG7630,11720
CG33051,100
CG33052,181
frc,0
CG32174,9
CG32176,439
CG12229,2
CG18265,507
CR44565,0
QIL1,3163
CG7589,683
UQCR-Q,2207
CG34250,496
CG13733,0
qjt,6
CG6333,5
Oatp74D,654
edin,0
U4-U6-60K,775
CG7564,1175
Edc3,2225
snoRNA:Edc3-a,0
CR45165,1
Nedd4,9421
Jon74E,0
CG7542,3
CycT,540
Eip74EF,1852
snoRNA:Me28S-A576,0
Vps60,2113
CG7510,5148
scaRNA:MeU4-A65,0
CR44566,55
CR44567,3
CG7497,1421
Pep,3598
CG43085,20
Ndfip,1102
Krn,0
CG7484,701
Crtc,841
snmRNA:641,0
CG34251,11
Ccn,1996
CR45976,0
CheB74a,0
CG6052,0
CG7460,0
CG6034,14
Adgf-B,1
Adgf-A,446
Adgf-A2,0
CG32182,1
CG32181,1
CR44668,0
CG42815,0
CG42816,17
NUCB1,2074
CG5589,121
CG32187,142
CG32191,778
Cln3,319
Ir75a,22
Ir75b,12
Ir75c,8
Grd,707
CG32188,0
CG32189,0
CG5577,907
CG5567,2105
CR45175,51
MED19,791
CG7430,17898
TrpRS-m,891
CG5535,298
CG34002,0
CR43086,5
CR43087,6
CG7408,613
CG5506,1
CR42548,2
CG16775,3
CG7402,339
Tsp74F,3489
Prestin,1777
CG14353,384
CG5290,500
CR43174,0
CR45393,1
Eip75B,4200
CR45921,0
snoRNA:Me28S-A30,0
CR45922,0
CG32192,1
CG42393,0
CG44006,85
CG44005,1
CG44004,51
CR45391,5
CR45392,0
CR43253,12
CR32194,131
CG34253,261
CG13698,2168
mRpS26,424
CG5147,596
mus304,206
CG32195,0
CG7341,75
CG42853,0
Cyp312a1,42
CR44669,0
geko,634
CG7330,4
CG13699,37
hid,496
CR45234,0
CG7320,4
CR45935,0
CR45937,2
CR45936,0
CheA75a,37
CG5103,0
CR43306,0
CG13700,5
grim,81
CR45975,0
CR45974,1
rpr,109
CR46215,0
skl,191
CR43280,0
CR44670,0
CR44671,1
CG32196,264
CG4306,83
Met75Cb,0
Met75Ca,0
CR44672,0
CR44673,0
AstC-R2,787
CG32198,0
AstC-R1,416
CR45435,0
CG7271,1
term,1
CR45389,0
CR45390,0
CG4174,0
CG13380,0
CG18234,1
CG18233,0
CG18231,0
CG32201,0
CG32199,0
not,729
tRNA:Pro-CGG-2-3,140
bora,1
MYPT-75D,3027
CG42495,120
Capr,2140
GNBP2,1249
GNBP1,942
CG34254,0
Sgf11,189
CG32202,214
Chmp1,2924
Cyp12c1,52
CR43987,0
CG6893,0
Dic4,0
CR44674,0
CG12477,0
CR43985,0
CG6885,0
MED11,403
Nufip,54
Atg3,1205
ftz-f1,3118
CR45938,0
CR45939,0
CG14073,1519
HipHop,113
Cat,10630
Indy,5663
CR32027,37
CR45388,104
CR45387,0
CR45912,1
mir-315,0
CG6865,1
CG14074,134
Dysb,377
Grx1,1242
Rad9,78
Blos3,265
Ugt,3135
CG3961,7720
NijB,9
CG3902,5837
snoRNA:Psi28S-2566,0
RpL26,13972
arx,104
CG6843,311
CSN1b,1054
CG6841,1111
CG14077,0
Ir75d,0
CG6839,0
CG18223,2
CG3819,14
CG32204,2237
CG43049,0
CG6836,1647
CR45689,0
CG14075,62
CG11619,211
CG34256,92
CG18135,10765
CG3808,360
SmydA-2,348
nkd,1409
CR45940,0
Acp76A,0
CR44675,0
CG43407,0
CG3797,1682
Sfxn2,2495
Mkp3,4628
CR45386,1
MESR6,815
CNPYb,516
CG10424,600
CG14079,14
Gem2,110
CG14082,1475
Spn75F,0
fz2,4502
CR45941,0
CR43893,0
CG33647,0
CR43892,0
CR46216,0
mRpL21,445
rept,436
nes,3099
CR45210,3
Bet1,410
Max,838
CG42374,0
CG9666,0
CG45081,0
CG9629,2371
CG14085,50
CG14088,0
CG14086,18
CG14089,6
Gbs-76A,1405
fal,787
CR46048,1
pip,431
CG32206,2957
ms(3)76Ba,0
CR43966,0
hpRNA:CR32205,31
CR33255,0
CR42838,0
CR45732,1
CG33062,15
Chd3,13
CR45434,0
CG14095,0
CG14096,0
CG32214,0
825-Oak,0
CG12519,0
CR46047,0
CG18294,0
CG32213,0
hpRNA:CR32207,387
CR42842,1
brv1,2
hpRNA:CR33940,1193
CG32212,4
CG9449,579
CG9451,451
CG9452,517
CR45731,0
Cpr76Ba,5
Cpr76Bb,56
Cpr76Bc,138
Cpr76Bd,2440
CG9279,1359
CG43885,10
Ltn1,3191
Rcd7,16
CG9300,429
CR44677,2
CR44676,6
CR45916,249
mir-9a,0
Shal,3721
CG9231,1449
CG9330,3454
CG14100,411
ash1,965
Taf6,610
CG9368,521
lush,2238
CG9372,3252
Lon,2343
PIG-F,335
l(3)76BDm,2117
asf1,585
ms(3)76Cc,17
wnd,2186
CG8786,795
Oat,593
tey,221
CR44678,0
CG8765,616
Gbeta76C,44493
verm,11885
serp,5567
Trpml,0
CG42637,9
CG42529,0
CG42638,0
Gyc76C,0
ms(3)76Ca,0
SREBP,7203
mir-33,0
CG14102,208
Ir76a,356
TORIP,338
CG15881,391
CG34116,97
CG14104,90
Kap-alpha1,2342
Cyp305a1,1861
cyc,1535
Fibp,941
Deaf1,546
trc,900
CG32221,939
kto,853
Papss,1756
CR45433,5
Rab8,1568
Usp32,5362
Mi-2,3778
Su(Tpl),0
CR32218,0
CR43889,10
Prp3,854
Mtr3,282
Rpn1,6024
Su(z)12,498
Pfdn6,1447
Grasp65,1583
CG8004,901
RhoGDI,17276
CR45678,1
Ac76E,2317
CG32219,0
CG34258,0
CG33710,0
CG42655,0
CG42654,0
CG42263,0
CG14182,302
CG17732,4
hale,0
schuy,0
Csas,930
fln,86
CR45161,218
Nca,4411
CG7646,0
Gabat,8862
Tom20,2746
CG7668,1839
kug,9106
CG14183,36
CG14184,477
sNPF-R,1024
CG14186,6320
CR44679,3
CG14185,19
Ir76b,130
CG14187,0
CG7365,914
gig,1102
obst-J,1
CG7335,0
CG7328,315
CG42674,2230
CR45942,0
Ssk,746
CG42833,0
obst-F,0
CG7298,0
CG7290,0
CG6996,0
CR32224,0
CG7017,0
CG6933,0
CG17145,1
CG17147,0
Su(var)3-3,633
CG13813,231
CG17233,793
Clc,0
CG6951,101
rdgC,4123
CR43876,1
CG32228,8
gogo,794
CG17122,0
CR43890,0
FRG1,615
Pex23,1350
SCCRO4,445
CR43872,0
CG32225,1971
polo,7
alphaSnap,12440
CR43875,135
Spn77Ba,2849
Spn77Bb,1
CR6434,1
Spn77Bc,4
CR45385,0
Rbbp5,161
eRF1,4503
CG5618,8608
kin17,683
CG5665,5
DNApol-alpha60,81
Toll-9,4
in,571
CG13247,18
Ide,3591
RhoBTB,2540
CG5498,1122
fbl,3737
CR43944,85
CG33969,531
CR45677,2
trbl,1128
CR45973,45
CG13248,1968
zye,25
CG5282,1415
CG5274,268
CG5262,969
Las,1154
Psn,1422
mRpL15,519
CG5872,221
CG11796,13490
CR45176,14
CR43943,7
CG5910,1606
CG5199,203
Uhg8,58
snoRNA:Or-CD11,0
snoRNA:Me18S-U1356a,0
snoRNA:Me18S-U1356b,0
snoRNA:Me18S-U1356c,0
atk,369
mag,14
CG42764,5
CG5955,1168
CG32428,1253
CG5969,189
isoQC,637
ZnT77C,404
ND-39,12412
CG32425,2236
CG18281,0
CG17637,0
CG5078,0
CG5059,8840
mTerf3,569
CG5104,536
CG4825,2390
CG4858,892
Rcd2,1037
CG13250,7
lncRNA:TS3,0
CR46326,0
knrl,661
CR44684,1
CR44683,1
CR44680,0
CR44681,0
CR44682,0
CG13251,43
CR44685,0
kni,150
cmpy,539
CG34260,0
CR43945,0
CG13252,517
Gr77a,4
CG33912,1
CG43251,0
CG4074,314
CG4186,137
CG4042,461
Pitslre,6699
Pex16,671
Pex14,620
CG11399,1256
CG11396,776
Six4,34
CR43705,0
CR43706,0
CG3698,1
tzn,1293
Spc105R,136
CG3634,319
HIPP1,2017
CG3618,2837
Pka-R1,8796
Mst77F,13
CR45384,6
CG3288,82
CG13255,745
CR45943,15
CSN3,796
CG11456,376
CG32432,6390
CR44686,0
Sfp77F,1
CG43931,0
CR45383,0
CG11458,5154
CR45733,0
CR43930,0
CR45734,6
CR43929,0
fng,4024
CG10589,0
CR45243,1
Sems,0
CG10588,1
CG11037,0
CG10587,0
CG12983,2
CG33287,1
CG33286,11
CR33283,0
CG12984,2
skd,3609
CR45944,2
scaRNA:PsiU6-40,0
CG10585,870
CR45801,0
CG10584,155
Sin,515
CG10581,109
siz,7945
CG43072,0
ko,2082
CG33285,0
CR45945,0
CG43938,5
CG33284,0
ICA69,589
CG10565,2607
Ac78C,1150
chb,5135
AsnS,0
CG42337,1294
CR45951,79
park,231
CG34261,13
CG33054,217
CG33056,3
CG10512,2260
CG10510,0
CG10508,1051
CG12975,286
Ilk,2660
CG43219,150
Eip78C,1472
CG43218,0
CG9391,2935
CG9389,64
CR45162,30
AcCoAS,24599
ppl,961
CG12974,15
pzg,1073
Cpr78Ca,6
Cpr78Cb,6
Edg78E,5
CG43702,0
Cpr78Cc,2
CR45432,1
CG11309,2462
CR45952,10
CG7632,489
Pc,909
CR45674,1
Rab26,498
CR46068,0
Tsr1,994
CG7324,3276
CG32436,17
ebd2,193
CG12971,5
CG32437,0
CG32440,0
rgn,2834
CR45953,0
sa,0
CR45954,0
barc,1134
CG33288,63
Aef1,455
CG5664,217
Alp1,22
Syx7,2243
croc,66
Neu2,15
CG7202,0
CG7519,360
Hr78,2491
CR43933,16
Glg1,2839
Est-Q,2322
M6,1857
SAK,134
Cdk12,1373
CG7611,8952
Arv1,264
CR43877,51
Mkrn1,2852
ppk5,9
Rpn10,7742
COX8,6466
VhaM9.7-b,3981
CG33290,1
Wnk,2074
CG7173,1
CapaR,28
CG7634,2
CRIF,592
SMC5,668
mir-193,9
CG32441,2435
CR43939,3
hpRNA:CR46340,0
TfAP-2,396
CR43940,0
S1P,602
CG11307,108
CG7166,3545
CG11306,1742
MED1,889
ORMDL,278
CR45955,13
CG32444,9269
CG32445,0
Atox1,1998
CR45956,0
CG43980,195
Cpr78E,1
CR43977,1
CR45920,18
mir-316,0
CG11249,0
Als2,2271
CR43979,3
CG11248,1424
Sfp78E,1
CR43978,8
CG32447,60
CG11247,923
Rpb8,324
CG14570,0
CG14569,64
CG14568,1
CG14573,6
CR43888,0
CG14567,304
CG14566,52
CG14572,386
CG14565,199
Syn1,2463
CG14564,0
CR45957,0
CG7370,4
CR45958,0
eg,163
CG43895,0
CycH,124
CG7407,952
CG7414,8432
CG32448,383
CR43309,12
CG7148,894
Nopp140,1176
P5CDh1,8312
CG14563,1
mub,12958
tRNA:Cys-GCA-4-1,1
CR43878,2
CR45959,0
SLC22A,1068
DNApol-eta,158
CG14562,2081
CR7448,9
CR45803,2
CG7458,154
CR34262,0
CR45757,0
CS-2,1
CG7470,5460
Act79B,1230
CG7140,1
CG43392,0
CR44687,0
Oct-TyrR,827
CG14561,15
CG7139,1901
CR43995,9
CG7133,394
CG7130,369
RpLP0,23134
Sfp79B,0
msopa,0
CR45236,0
olf413,2244
CR45971,0
CR45972,0
CR45035,0
Rich,3175
Ddx1,584
CG11523,381
Csp,4957
Srpk79D,758
CR45960,3
Hem,2250
IleRS,3395
Ten-m,10000
CG32450,0
CR45963,0
CR45962,0
CR45964,0
CR45965,0
CR45237,4
CR45966,8
CG11449,1
laza,2645
CG11438,570
CG11437,31
CG11426,945
CR45382,20
CG11425,1322
CR45430,0
CR45431,0
CG43312,0
CG43331,0
CG43330,1
CG43329,2
CR45429,0
mir-957,7
CG11404,1
Trxr-2,0
CG14459,630
ND-B14.5AL,0
CR45967,0
CR45381,6
CG33766,0
CG33767,0
CG33768,0
CG33769,0
CG33770,0
CG33771,0
CG33772,1
CR43270,0
mir-958,0
CG14457,94
CG14455,0
CG14456,0
CG14454,0
CG12546,0
CG14453,0
CG14452,0
CG32453,0
CG45116,0
CR46227,0
CG11370,3
ArfGAP3,1773
CG32452,91
mael,31
CG14451,3
CG14450,350
CG11367,517
CG32454,0
CG11241,486
l(3)04053,771
CR45163,6
CG7369,906
SPoCk,19058
CR45961,0
CG14448,13
jim,4461
CG45428,2
CG11226,10
CR45659,4
tRNA:Leu-CAG-1-8,0
tRNA:Glu-CTC-4-1,2
CR43426,57
CG32462,0
CG32459,1
CG13239,10
CG33169,316
CG33170,1047
CG11137,2027
Arf79F,10295
snoRNA:Me28S-G764,0
CR45969,5
CG11109,260
CR45968,5
Chro,2050
Ssl1,66
CR45970,1
slif,2957
CR44688,0
CR44689,0
CG11131,3
BoYb,11
CR45661,0
CG12768,199
mir-9388,0
Mes2,425
CG32461,1
CR45758,244
CG32457,18
nrm,6470
RpL10,25371
CkIIalpha,5344
CG33217,495
CR41454,1
Vps11,1605
CR45164,23
CG34031,2
CR43967,1
CR45735,0
nAChRalpha4,5811
alpha-Cat,8554
mir-4942,0
ND-MLRQ,13835
AGO3,378
CR45174,18
CG17454,2347
CG40298,324
CR45736,0
CG17698,8894
CG43968,56
CG40470,1002
CR43941,0
CR43942,0
CR40053,0
CG40045,3526
Snap25,24379
CR45159,0
nvd,32
CR12460,1
mRpS5,4313
CR42722,0
CR42723,0
CR41597,0
scro,6627
CG40472,250
ND-AGGG,624
Set1,2680
MED21,695
UQCR-11,7125
CR40354,12
CG45782,8526
CR40450,0
CR45180,168
FASN3,131
CG40178,33692
CR45182,112
CR41320,33
CG40160,5465
CG41284,409
CG42598,51
CG40228,1128
CR45177,3
CR46252,0
CR45181,4
vtd,2545
CR43170,11
RpL15,32847
snoRNA:Me18S-C419,0
Dbp80,5220
CR46250,0
eIF4B,1350
CR14578,0
CG17514,16907
CG45781,1205
CG46302,0
CG40498,3439
CR41257,1
rl,5460
CR42653,0
CR40190,44
CG40191,3419
Yeti,4823
CR44042,57
l(2)41Ab,588
CR44043,14
Maf1,6185
CG17691,6857
CR40068,0
CG41520,4218
CR41379,0
CG17684,7636
CR40100,2
MFS17,6150
mir-2279,0
CG41378,2551
Scp1,1545
dpr21,4125
CR41243,0
CG41242,0
CR45227,0
CR41501,0
CR40461,0
RYa,0
uex,10581
CR45139,0
Haspin,2049
CG17683,1697
RNASEK,4552
IntS3,4630
Gprk1,5175
CR44100,0
RpL38,15942
Stlk,2379
p120ctn,14239
CG17486,2150
CR45923,49
CG17883,3905
Nipped-B,9389
CR40282,0
CR45471,2
CR41440,3
conu,4159
CR43281,70
CR46064,700
CG12547,3396
CG17528,3245
CG14464,1129
CG44102,0
Ir41a,157
CR44105,0
TpnC41C,2023
CR43360,0
CG3107,5441
gus,5624
CR43256,9
Atf6,4914
Nipped-A,5298
CR41443,0
d4,1761
sxc,12803
CG10465,2524
CG10395,380
CG30441,16
COX4L,2
CG10417,3839
CR42646,1
laccase2,13349
CG30440,815
CG30438,1677
TpnC4,19
Fis1,1463
CG17508,5578
CG11665,5293
CG1344,1500
Not3,4538
CR45472,0
CG8245,2887
kune,1125
scaf,3472
CG17337,2103
vlc,2290
ap,2113
l(2)09851,634
CG34200,1195
CG7791,881
Gp210,2515
scaRNA:PsiU2-35.45,0
ZnT41F,629
Or42a,29
Tsp42A,1
Or42b,20
dpr12,5768
CG44438,0
CR44125,5
CG43366,14
CR44126,0
CR46269,0
CG7882,0
CG7881,52
CR44127,24
BubR1,75
mle,2269
Src42A,6532
Act42A,5846
Pngl,645
Strica,214
SCAP,2552
CG14591,3232
Tbce,1901
CR44130,2
CG34211,18
CG34212,32
CCHa2-R,93
CG7856,1
CR44131,1
l(2)k09848,484
CG7849,281
SmydA-5,175
Ars2,1388
EcR,3278
CG14589,10
tRNA:Arg-ACG-1-1,0
tRNA:Lys-CTT-1-1,0
tRNA:Asn-GTT-1-1,0
tRNA:Asn-GTT-1-2,2
tRNA:Asn-GTT-1-3,0
CR43904,0
tRNA:Arg-ACG-1-2,0
tRNA:Asn-GTT-1-4,0
tRNA:Asn-GTT-1-5,0
tRNA:Asn-GTT-1-6,0
tRNA:Lys-CTT-1-2,0
tRNA:Lys-CTT-1-3,0
tRNA:Lys-CTT-1-4,0
tRNA:Ile-AAT-1-1,0
tRNA:Arg-ACG-1-3,0
tRNA:Lys-CTT-1-5,32
tRNA:Arg-ACG-1-4,6
Cyp6w1,7298
tRNA:Arg-ACG-1-5,2
CG8343,5431
CG11211,1458
Ptr,862
tRNA:Asn-GTT-1-7,0
tRNA:Asn-GTT-1-8,4
CG30432,1
eIF3f2,0
CG30431,79
CG17994,36
l(2)k14710,3348
bin3,3646
CR44161,12
tomboy40,0
Pld,597
CR46075,3
jing,838
CR45127,0
CR43905,1
CG15233,0
CG33919,4
Vha16-1,43326
Trap1,2019
Bap170,333
Fmo-2,1605
Debcl,906
Opbp,436
geminin,173
sced,195
Dpit47,385
Adf1,1493
CR45128,7
CG15908,245
CG9410,497
Hsepi,939
PGAP3,482
CG17266,56
CG9422,392
Tdc1,653
CR44164,0
CR44165,7
CG15909,0
Tdc2,269
CG3270,935
Mob4,1461
Rab2,6875
CG45092,0
CG3409,0
mir-4975,0
CR43611,8
Zip42C.1,0
Zip42C.2,1
l(2)01289,6542
phtf,2681
CG3267,1174
Eb1,6389
CG3420,434
CG9436,1898
Epac,3355
Cyp6a2,0
SdhB,4286
CG15237,226
ubl,439
koi,1010
CR44442,48
CG15236,1914
CG34215,371
mir-4976,1
CG9445,1
CR44166,0
coro,5038
CG9447,186
CR44169,38
Spn42Da,2388
Spn42Db,0
Spn42Dc,96
Spn42Dd,1659
Spn42De,33
CG30158,1157
CG3358,324
mim,996
CheB42b,0
CheB42c,0
tRNA:Lys-CTT-1-6,0
tRNA:Lys-CTT-1-7,0
tRNA:Lys-CTT-1-8,0
tRNA:Lys-CTT-1-9,0
CheB42a,4
ppk25,4
Cyp6u1,674
CG30157,0
vimar,1454
CR44170,2
CR44171,0
CG30156,0
CG17002,352
Tsp42Ea,213
CG30159,0
Tsp42Eb,0
CR42785,0
CG30160,0
Tsp42Ec,4
Tsp42Ed,1181
Tsp42Ee,12231
CG43646,48
CG43647,21
CR44172,0
Tsp42Ef,2177
Tsp42Eg,1047
Tsp42Eh,332
Tsp42Ei,1386
CG33914,22
CR12842,143
Tsp42Ej,5456
Tsp42Ek,502
Tsp42El,2448
lbm,732
Tsp42En,306
Tsp42Ep,32
Tsp42Eo,83
pgant3,769
Tsp42Eq,7
Tsp42Er,43
CG12836,36
tRNA:Thr-AGT-2-1,16
CG12831,0
tRNA:Thr-AGT-1-2,0
esn,798
Cyp9b1,346
Cyp9b2,3406
CR44443,1
Spn43Aa,38
CG12828,0
CR44200,0
pk,925
Spn43Ab,6582
Spn43Ad,272
nec,2989
CG11060,0
CG33140,0
CG30385,0
CG30384,0
Or43a,5
Ady43A,821
Gadd45,602
CR45280,4
CG1850,15
Br140,632
Incenp,15
pwn,271
CG12164,46
Dscam1,1425
CR45129,7
CR44071,0
cos,1203
Dhx15,2299
Gr43a,10
Glo1,1222
CR44201,6
Eaf,667
CG11112,0
CG11113,0
CG43123,0
CG43267,3
mir-4977,0
CG1701,1
so,756
CR44202,0
CG11145,0
CR44203,0
CR44204,0
CG11123,474
sPLA2,699
CG30503,0
kappaB-Ras,0
fa2h,92
CG11125,63
CR45320,6
Inos,23923
CG11141,832
CG11127,803
p47,2651
Aldh-III,5995
wech,1339
Coop,272
CR43723,5
CG1620,1723
dpa,333
didum,6727
mEFTu2,1161
az2,271
CG1603,447
CG1602,112
PIG-G,493
Orc1,63
Drat,20492
CR44209,1
Cyt-b5,6977
CG2137,49
CG1598,1770
Corin,1538
CG30499,982
boca,778
Vps13,4905
CR45130,7
blow,1224
CG1360,29
scra,257
CG1358,5417
CR44444,1
CG43340,9620
CR45131,445
CG43341,0
CG17985,508
Rpt1,0
CG30491,613
CG30495,209
CG1339,28
CG2070,29
CG2065,799
CG2064,374
DCTN4-p62,1055
CG12826,5
mRpL52,310
CG12107,530
U2A,155
LRR,2996
CG30493,632
CG30496,0
CG34216,1
tor,3
CG1941,326
mir-4909,0
CG1942,356
CG1946,12
CG18812,9723
CG45093,0
CG30497,0
cn,27
CR45108,13
CanB2,2651
mir-4980,0
CG12825,73
CG12824,6
Gapdh1,35962
mus205,427
Nop17l,2203
sax,1491
CG1550,766
CG1882,2851
cathD,13809
CG30383,2
phr,874
Prosalpha1,2
CG18853,63
CG30382,5
CG12822,0
Atg10,112
Dgk,933
CG30377,263
CG12159,563
Cul1,9897
Or43b,124
Kdm4A,272
MFS12,71
PIG-X,169
rnh1,362
drosha,455
CG8728,1649
CG30380,157
CG30379,2
CG14764,2271
CG34430,0
CG34431,0
azot,0
CG30378,0
CG2906,227
CG2915,1220
Sep5,368
nito,903
CG14763,15
CG8726,5098
CSN4,723
ACC,19881
Nup44A,478
CR44272,2
Dic3,0
Hey,15
CG11191,993
Odc1,505
Odc2,58
CG14762,5815
mir-4981,0
CR45267,23
CR43724,20
Optix,430
CG12769,714
CG17977,342
lig,4326
Vps28,1353
slv,405
sut1,810
sut2,189
sut3,5
sand,279
CG8712,75
CG11210,5097
Cul4,1217
udd,183
Asap,4652
Nup50,452
coil,419
Socs44A,1433
Pbp49,0
CG42516,0
Pabp2,467
Obp44a,30515
Lpin,10436
kermit,0
CR44068,5
CR30374,0
tRNA:Ile-AAT-1-2,2
CG8708,64
RagC-D,975
Rs1,1007
CG30373,732
snoRNA:MeU6-C68,0
Gasz,796
Mlh1,132
CG14757,792
LRP1,8061
CG14756,2
CG34217,4151
dpn,13
CR44275,0
pnut,2549
CR44276,1
CR44445,6
CR44446,0
CG44439,0
CG14760,0
CG30369,1
CG14759,0
CG2291,0
CG12126,0
CG30376,0
CG30375,1
CG30371,80
CR44280,0
mir-280,0
CR44447,2
CR44448,0
lncRNA:TS18,0
CR44450,1
pdm3,1441
CG11635,0
hubl,0
spaw,0
whip,0
cola,0
swif,0
boly,0
CG18449,0
CG2127,0
CG8701,0
CG2121,1534
CG43296,0
CSN7,1373
Lcp1,5
Lcp1Psi,1
Lcp2,0
Lcp3,5
Lcp4,1
Cyp4ad1,2
Cyp4e2,3267
mir-986,0
Cyp4e1,747
Mal-A1,307
Mal-A2,21
Mal-A3,1
Mal-A4,1
Mal-A5,2496
Mal-A6,89
Mal-A7,1
Mal-A8,2
mtt,2215
CR44279,1
CG12780,9
CR45308,20
Cyp6a14,404
Cyp6a15Psi,30
Cyp6a13,1001
CG42326,299
CG14752,104
CG43183,0
CG8736,2576
CG8735,903
rgr,835
CG8642,106
Cirl,6298
Vps25,582
beta3GalTII,256
CG14749,622
CG8635,1059
ptc,239
CR44281,18
Acsl,25523
UQCR-11L,0
CG30355,0
tRNA:Leu-CAG-1-1,2
Jon44E,0
CG8586,5046
CG8738,944
CG8584,0
CG12376,1
CG14744,0
PGRP-SC1a,0
CG14743,1
PGRP-SC1b,3
PGRP-SC2,55
CG14767,8916
CG30357,0
gcl,1751
snoRNA:gcl-a,0
CG30356,52
stmA,10088
CG8740,5163
CG42615,0
CR44277,0
CR44278,0
CG8746,0
sns,1503
CG30350,0
RyR,3542
CG8272,624
DCTN2-p50,1736
Sec31,2455
CR45202,1
ana2,18
CG13751,671
MrgBP,168
Ggamma1,35923
CCT8,1468
CG30349,700
CG8252,2
Pgi,19802
lin,243
CG34219,73
CG8248,564
Spt,91
CG8243,695
CG8237,517
AIMP1,540
PAN2,2348
CG13749,21
FANCI,67
CG13748,149
CR44273,1
CR44274,4
CG8230,1421
CG33199,177
CG8229,0
Tom7,1615
babo,969
spab,1347
CG8213,277
Np,2
CG8172,10
CG13744,2
CG13747,3
CG8170,39
Ance-4,1329
PPO2,210
CG13743,1916
CG8197,0
ana,161
CR45924,12
CNT2,80
CNT1,0
CG13742,13
Dbp45A,436
CG8080,823
CG13741,25
Uhg4,247
snoRNA:Psi28S-2949,0
snoRNA:Or-aca5,0
snoRNA:Me28S-G3255a,0
snoRNA:Me28S-A982a,0
snoRNA:Me28S-A982b,0
snoRNA:Me28S-G3255b,0
CG8078,542
snoRNA:Or-CD2,0
CG8777,1004
Vang,639
Pmm45A,2576
tsu,649
Mys45A,642
Phax,572
Su(var)2-10,1257
GstE13,609
CG18659,1701
Hydr1,2159
alc,3567
CG8788,0
CG44286,0
shrb,2583
Prp38,571
CG30344,2812
CG30345,1364
CG8008,1234
CR44283,77
CG8046,147
Rad51D,19
CG42382,180
Rme-8,3546
Rab32,11186
CR44284,2
CG8026,0
CG45085,0
unpg,11
CG8027,492
VhaAC45,11404
CR45309,1
CR44451,1
hig,8460
Cyp4p2,93
Cyp4p1,2008
Cyp4p3,781
CG30343,32
Pkn,14797
CG34141,0
CR45132,8
CG2063,531
CG1968,459
Mad1,354
Drep2,1121
Myd88,1656
CG13739,0
CG13954,656
CR45918,0
mir-987,0
Or45a,1
CG12158,0
l(2)03659,40
CG8800,11
Non1,11557
l(2)k10201,204
CG33774,273
wun,3503
wun2,824
CG13955,10
prel,4112
Pdk,1944
ced-6,13208
CR45321,1
Camta,2387
CG33758,0
CG33757,2
Wnt2,99
brp,4694
CG1888,766
CR43651,1832
mir-14,0
CR45281,40
Or45b,24
CG1809,14
Not1,8775
CG1814,1627
CR46257,0
Smyd4-1,158
Updo,1894
CG12929,149
RpL31,13996
clos,33
CG1827,488
Map60,680
CG30338,0
CG1902,1521
CG30340,0
CG30339,0
CR44285,3
GstT1,953
GstT2,326
CG12926,990
CR44069,68
Mmp2,4764
mir-307b,0
mir-307a,0
CR44070,0
tRNA:iMet-CAT-2-1,8
Uba1,7946
CG30002,521
CG1773,197
CG10459,17
CR44292,1
dap,527
sqa,1372
CheA46a,0
trpl,29580
CG1690,0
CR44205,10
CG1688,1157
CR44207,0
CR44208,2
CG1698,1261
CG1648,9878
lectin-46Cb,33
lectin-46Ca,2
CG34033,0
CG30001,22
dila,27
hebe,961
CG1663,235
Lsm11,63
CG1665,582
Vamp7,2658
CG1667,1793
Orc6,70
Prosalpha7,4349
CG1671,756
PCB,11356
CR44293,0
CG30010,344
CG46338,618
Ntmt,410
CR45138,0
CG18446,27
CG12744,13
Sec24AB,811
CR45467,19
CG1513,3785
CG12923,2
CG30008,12
tea,699
CG1441,1753
FMRFa,207
Etf-QO,4834
Mef2,3371
CG15863,158
Pal1,2075
CG1418,310
CG12133,0
eIF3j,4642
CG12134,236
CR43948,0
eve,0
CR45324,1
TER94,18363
Pka-R2,8677
mir-4967,0
CR44294,22
CG12128,374
CG1407,812
CG12129,418
oys,5858
CG34220,0
CR44295,1
COX7C,10711
CG44296,33
sel,905
magu,962
CR44297,8
CR44298,46
Def,138
PIG-N,223
mRpL42,568
Cdc2rk,295
CG12920,1
CG1371,2179
egr,1676
scaRNA:MeU1b-A234,0
CG2269,18192
sut4,0
Jra,1747
RpLP0-like,585
14-3-3zeta,70137
Pfk,10019
dmpd,2148
Ccs,318
gem,0
CG46319,0
CG12917,20
CR43467,8
Or46a,22
CG18011,560
KCNQ,1211
CR45133,9
mlt,0
CG34221,3
Hr3,102
CG12912,0
CG46321,0
CR46322,0
CR45265,0
Hdc,874
CG12209,4
CG12914,0
CG12913,918
Syb,2031
CG12911,171
CR30009,61
CG12910,404
CAP,2891
JhI-1,334
CG12909,178
Obp46a,0
Ndg,1016
CG34222,2
SLO2,5008
CG43200,0
CG43172,0
CG46305,0
CG43171,0
CG43201,0
CG43178,0
CG46298,0
CG43397,0
CG12902,0
CG42733,0
CG43396,0
Gr47a,3
Ir47b,0
Ir47a,0
CG12898,0
CR43177,0
CG33477,0
CG33476,0
CG33475,0
Prx2540-2,1543
CG11825,331
CG33474,30
Prx2540-1,719
CG12896,517
RanBPM,2893
CG12895,551
Galphao,5316
Cyp49a1,174
Caf1-105,95
CG11777,80
whd,8628
CR45134,2
trsn,290
CG17765,1542
pre-lola-G,0
lola,15615
snoRNA:lola-a,0
snoRNA:lola-b,0
snoRNA:lola-c,0
snoRNA:lola-d,0
CR45135,18
acal,10
psq,6296
CG11883,1620
Git,892
Elp2,1000
CG12934,12
CR44452,0
CR46229,0
stan,985
Rab3,5698
CG12309,0
CG12338,847
CG7220,3730
Mat1,235
CG33144,5641
CR43605,1
CR44299,11
CR44300,0
CR44301,0
mthl13,4
wde,2053
CG12935,144
CG7637,457
mms4,4
CG12341,640
CG7222,1581
dgo,387
Prosbeta5,7185
Lsm10,45
RpS15Ab,878
CG12343,822
CG12325,492
CG12344,746
LTV1,4934
CG30015,2970
CR45136,3
CR44302,1
CG30016,2
nclb,1117
Taf5,805
Pex6,955
CG18003,1347
CG18004,341
mir-1008,0
CG30020,1141
cag,294
CG12942,326
ND-B14,2050
Rpb5,541
polyph,2
Obp47a,3
Spn47C,1444
CR45228,0
luna,1024
CG43188,0
CG43189,0
Cyp12d1-p,85
Cyp12d1-d,42
BBS4,106
CG13229,493
CG13231,7
CG12391,0
CG13230,0
shn,1867
CG9084,5
Syx6,3170
CG7737,688
metro,2493
CG13218,1
CG13228,0
CG13227,0
CG34223,0
CG13217,0
CG34224,0
CG13216,0
CG13215,31
Listericin,1415
CG13226,4
CG34225,2
CR30029,10
CG34227,1283
CG43112,6
Or47a,9
Cpr47Ea,54
Cpr47Eb,1
CG13223,0
Cpr47Ec,0
Cpr47Ed,9
Cpr47Ee,794
Cpr47Ef,223
TpnC47D,396
Cpr47Eg,9
CG9067,376
Vhl,554
CG9062,691
CG13220,1502
Fbl6,785
CG18335,12
dare,475
CG30033,632
CG18336,48
CG42336,598
CG7741,355
Obp47b,1
Fpps,395
CG7745,493
nompA,90
CG43114,326
Or47b,14
sha,18
lambdaTry,0
kappaTry,0
zetaTry,0
etaTry,0
thetaTry,0
alphaTry,0
epsilonTry,0
betaTry,0
gammaTry,0
CG30031,0
CG30025,0
deltaTry,0
CG13202,5
iotaTry,2
tRNA:SeC-TCA-1-1,717
CG12384,1718
ix,186
san,707
Gr47b,15
CG13204,481
Tapdelta,1054
CG13203,113
Tsp47F,106
Sod3,2260
sprt,965
CG30022,0
tRNA:Thr-TGT-2-1,0
tRNA:Thr-TGT-2-2,21
tRNA:Thr-TGT-2-3,5
tRNA:Thr-TGT-2-4,20
Smyd4-3,108
CG30026,144
CG34054,193
Drip,3773
CG7763,23
CR43771,0
Prip,1042
qvr,1978
E(Pc),2106
inv,272
en,57
tou,2572
snoRNA:Psi28S-1936,0
snoRNA:Psi28S-1180,0
CR43907,4
Egm,1153
CG9005,7936
CG9003,3642
CG34228,104
tRNA:Arg-TCT-1-1,7
tRNA:Met-CAT-1-1,1
Roc2,795
CG13198,2
tRNA:Met-CAT-1-2,0
Tret1-1,8649
Tret1-2,129
Buffy,754
CG13196,1
wal,5940
CG13197,756
Ir48a,1
Ir48b,0
CR45377,0
pyr,666
ths,3576
CG13193,0
CG42493,0
Ir48c,0
CG13192,447
Sobp,567
CG34229,237
S2P,365
CG43190,0
CR44304,0
Sln,887
Mtor,2311
CG34230,2
Twdlbeta,3
Damm,25
CG42531,0
CR42532,0
CG13185,1552
cuff,0
ERp60,8103
eEF1alpha1,90987
snoRNA:Me28S-A1322,0
MCPH1,449
Zip48C,229
reb,724
CR44305,0
CR44312,0
exp,2287
PI31,2391
ADD1,1177
CG30036,2
CG30037,3
GalT1,836
RnrS,352
CG34231,89
rho-7,740
CG8298,869
CR45319,0
CR45318,0
otk,181
CR44306,0
otk2,175
Mppe,5386
pds5,2150
CG8321,1796
CG43191,9
128up,964
RpIII128,712
Drep1,1259
CG30039,1
CG44314,0
Drep3,214
CG8888,371
CG13186,1
jeb,485
CG18343,484
SkpB,46
Smyd4-4,226
OSCP1,71
Hen1,198
CG8878,1426
CG8407,21
Prp8,1918
mir-988,0
scaRNA:PsiU2-55,0
CG13177,2
CG34232,34
Oda,62110
SmD3,52
CR46194,0
mir-281-2,0
mir-281-1,0
CCT5,1112
EndoG,466
CR45264,8
CG8860,646
wash,486
CG33964,0
CG13175,0
SmF,131
Cyp6g1,4323
Cyp6g2,18
Cyp6t3,96
CG8858,2334
RpS11,18782
snoRNA:Me28S-C3420b,0
snoRNA:Me28S-C3420a,0
CR45276,0
Sr-CII,2
CG13171,0
CG8854,548
CR44313,1
CG13170,1
CG43315,0
CG43316,0
CG43244,1
CR44315,0
CG13168,52
Vha36-2,6
Cam,54539
CR43900,0
CG42700,1035
CR45271,0
CG8850,8
CG13164,2
CG17739,12745
CG30203,594
CG30046,655
CR44316,0
mIF3,351
CG8841,1244
garz,2933
tRNA:His-GTG-1-1,3
tRNA:His-GTG-1-2,5
tRNA:His-GTG-1-3,70
CG8490,194
tRNA:His-GTG-1-4,117
tRNA:His-GTG-2-1Psi,7
CG34021,2
Den1,774
CG8839,2514
ana3,165
CG30047,19
CG30049,6
CG30043,1
CR33013,0
CG33012,0
CG13160,0
CG13159,0
Cpr49Aa,103
Cpr49Ab,84
CG13155,73
CG8501,273
Cpr49Ac,241
Cpr49Ad,0
Or49a,0
CG30048,0
Cpr49Ae,2062
Cpr49Af,29
Cpr49Ag,1119
CG30050,98
CG33626,4
CG33627,0
Cpr49Ah,33
CG13157,1
CG42782,0
CR46027,0
CG8834,13
CG8520,2922
CG8525,331
CG13154,93
Nup54,360
CG43204,1
DUBAI,1930
Tmem18,241
Dyb,3357
CG30334,29
Lac,1146
dgt5,11
CG8545,626
CG8550,281
Dh44-R2,799
CG34234,12
fdl,1820
s-cup,401
vis,54
achi,315
CG13151,308
CG8818,1940
CG8569,464
CG33632,24
fra,1673
CG33752,0
CG30056,0
CG33775,0
Cyp301a1,129
Ak6,141
stil,0
ClC-b,1425
Sin3A,7620
CR30055,1074
CR45279,16
Amph,8545
CR43909,1
Galphaq,2053
CG45086,0
CG30054,2228
CG17760,135
muskelin,455
CG33792,6
spt4,373
CG33672,0
CG33671,0
Iswi,798
CG8785,3013
CG8778,772
ZnT49B,2045
CG8646,197
nemy,1602
GLS,3588
CG8771,440
CG13148,191
CG30053,30
Obp49a,1409
CG8768,914
wuc,0
CG42663,3419
Mos,17
Taz,1097
mRpL18,346
ox,4802
Dgkepsilon,2182
Nacalpha,6948
CG12374,1
CR45266,1
sca,576
CR45137,37
CG17580,0
CR44453,3
Cyp9h1,540
Or49b,6
CG17575,2
antr,8
CG30486,6
CR45468,0
CG17574,923
CR45140,137
bic,10948
CR43469,11
CG3790,1449
Lfg,183
CR43468,390
AspRS,3932
Nmda1,6775
CR45141,34
vg,97
CR46237,1
CR46336,0
CR46337,0
CR44461,0
NAT1,17922
CG13319,212
sug,92
CG17019,1506
SCCRO3,737
Sans,157
CG30487,0
Mdr49,3411
CG44251,5
CG44250,0
CG13321,11
Psc,286
CR44339,1
CG33798,0
Su(z)2,1424
CG13323,0
CG13324,0
Drl-2,260
CG44341,0
CG13325,43
CG3955,847
CG13326,1
Cap-G,468
Ack-like,1765
TppII,10333
ND-MWFE,3640
Nrk,189
CG15870,24
GLaz,1650
Spt-I,2400
CR45142,35
AGBE,14034
CG33137,22
CG17724,161
Kdm4B,566
seq,0
ValRS,2321
Orc3,0
CG34315,0
FLASH,322
CG34312,0
CG30058,0
CG34235,0
AQP,947
CG4627,236
CG4630,505
CG4646,391
CG17059,793
Fsn,1082
Dp,1800
CR43918,2
Pex13,1620
fsd,311
CG4670,4489
CG4676,206
CG4679,993
GstE14,2169
CR45278,2
Mp20,11854
CG4712,0
CG4714,3
CR44343,0
CG4716,7104
CG10799,994
CG42319,669
Dh31-R,535
CG4734,0
CG17047,1
CR44206,674
mir-184,0
CG17048,12
CR45312,98
CG10814,42
CG43691,2
AttC,5910
CG4744,2
IMPPP,5
CG18278,17
CR45470,0
CG33470,2
CG30059,17
CG42321,11066
CG30060,0
tRNA:Ile-AAT-1-3,0
tRNA:Leu-CAA-2-1,0
tRNA:Ile-AAT-1-4,7
tRNA:Ile-AAT-1-5,1
tRNA:Ile-AAT-1-6,2
tRNA:Ile-AAT-1-7,1
tRNA:Leu-CAA-1-1,45
CG30065,0
Ser8,0
tRNA:Ile-AAT-1-8,0
cnn,5386
CG30062,0
cbs,1200
arr,3618
CG43192,1
cbc,409
cid,2
bbc,4688
drk,2664
mars,46
mip120,808
mEFTu1,0
Vmat,6590
CG13330,8
CG13331,17
CG13332,37
tRNA:Lys-CTT-1-10,0
CG6145,3841
CG33156,235
Roe1,603
link,10
snoRNA:Psi28S-1153,406
snoRNA:2R:9445205,2289
snoRNA:2R:9445410,663
CG13334,3
CG42807,847
CG42808,2933
CR44365,9
CR44366,45
CG6191,213
CG45088,0
fand,981
S-Lap5,5
CG43058,0
CG34236,0
CG12464,0
CG17716,2158
CG6209,0
CG13337,0
CG18368,0
CR45031,0
CR45032,1
CG6220,0
CG6280,21
Cpr50Ca,15
S-Lap7,7
CR43810,0
CR43811,0
Cpr50Cb,219
stj,3230
fl(2)d,2277
CG13339,389
CG6329,24495
CG6337,5
CG6347,8
CG6357,9723
Syngr,6053
CG30484,19
CG30485,12
mir-9379,4
CG6543,2550
CG6553,464
CR44367,7
tum,23
Uba3,451
CG16935,2275
CG13344,414
shot,32932
DJ-1alpha,41
AGO1,6988
mRpL53,0
CG33155,0
Rpn13,5192
Cp1,33176
CG42806,0
PheRS-m,864
St4,0
CG18568,6
CG6701,2839
Ctf4,130
CG8067,358
RN-tre,1091
mam,2643
mir-4978,6
CG18371,0
Prosap,7982
CG42287,1
CG42288,1
mir-989,0
Rcd1,1877
pea,1282
CG13018,227
CG13016,277
CysRS-m,509
O-fut1,447
eIF3m,6073
CG8323,661
CG18327,85
CG18324,315
CR44368,46
CG8331,3678
mRpS16,319
cg,4678
CG30069,3094
VGAT,4110
Sox15,98
RpS23,25452
mir-308,0
CG8468,2040
Opa1,4507
mir-1016,0
CG8485,2777
Usp20-33,1264
SmydA-1,567
Mdr50,42
Hsc70-5,7495
CG8531,1587
beta4GalNAcTA,398
CG8547,1711
SelD,622
conv,1726
Ih,5609
tej,42
Shroom,2022
CG8613,3734
CG8617,639
Arc1,23800
CR10102,2
Arc2,275
Tfb1,994
CG34184,2
CG34442,2
CG34443,0
CG34444,0
Obp50a,0
Obp50c,0
Obp50b,0
Obp50d,1
CG34185,0
Obp50e,2
CG30075,0
Dh44-R1,401
CG10104,0
CR44369,0
CG17385,1424
Sin1,437
Achl,1351
phyl,180
CR45277,0
Oaz,48
CR44462,0
PRAS40,736
Cpsf160,1151
Asx,1899
Cpr51A,457
CG30197,14662
ttv,845
CG30076,3
CG43919,0
LamC,2489
CG12869,56
RpI1,1142
Blos1,619
tra2,665
scaRNA:PsiU5-44,0
CG12868,742
CG33469,35
CG33468,11
Su(var)2-HP2,1227
Sec61beta,980
CG12863,84
Uhg5,285
snoRNA:Me18S-C1366,0
snoRNA:Me28S-C3227a,0
snoRNA:Me28S-C3227b,0
snoRNA:Me28S-U1848,0
snoRNA:Me18S-G1952,0
snoRNA:Me18S-A1061,0
snoRNA:Me28S-A992,0
snoRNA:Me28S-G2703a,0
snoRNA:Me28S-G2703b,0
snoRNA:Me28S-G2703c,0
snoRNA:Or-CD4,0
CG10131,459
CG43236,365
CR42715,1
CG12862,0
CG10139,429
Adgf-E,0
CG12861,0
CG12860,0
CG12866,1
mspo,1390
CG30479,0
CG30480,0
CR43428,3
jef,8594
Dro,338
AttA,2794
AttB,1205
Rpn6,10286
ave,338
CG10151,319
ND-B15,2831
Trs31,449
CG12857,37
Spred,4393
CR42254,146
BEAF-32,726
kn,144
hui,386
CG10202,0
CR45329,0
CG10205,2779
NaPi-T,178
CG10209,421
SMC2,223
Ercc1,53
Ciao1,1115
HPS1,837
CG33506,588
U3-55K,268
Pcf11,6866
Cyp6a22,530
Cyp6a17,2867
Cyp6a23,847
Cyp6a19,11
Cyp6a9,2207
Cyp6a20,2482
Cyp6a21,430
Cyp6a8,1790
Cyp317a1,1136
Kank,5931
ADPS,480
CG12853,0
Lap1,939
CG10257,322
aPKC,9344
ckn,3914
pcs,3104
tRNA:Leu-AAG-1-1,6
CG7639,2091
CG10265,148
CR43830,0
hbs,865
CG43101,0
Obp51a,0
CR45256,0
CR43622,0
CG33467,0
CR44457,0
chn,3142
Rpb12,284
CG8089,100
CG7544,127
igl,16227
CR43831,0
CG43068,0
Sfp51E,0
CG43829,0
GPHR,905
CG11807,1048
CG42391,0
Ir51a,23
row,1534
Ir51b,2
CG8093,0
CG11808,136
mRpL41,149
CR44463,2
CG8079,877
Hex-C,3785
Fs,5117
CR44370,149
scb,4995
ItgaPS4,77
Trpm,2032
CR44241,0
ND-51L2,0
CG8152,376
Xpc,4846
CG8155,1258
Arf51F,3643
CG8157,27
CG8160,1
CR44371,0
Hr51,89
unc-5,1955
Pms2,347
CR44458,113
CR44459,0
CR43276,2
CR43275,0
CR43105,0
CR43186,0
dup,134
SRPK,2979
CG43729,2892
CR45020,0
Mtk,0
CG30472,0
CG34188,2
CG8180,2259
CG12964,7
Ir52a,0
Ir52b,0
Ir52c,1
Ir52d,1
GalNAc-T1,1280
Khc-73,8510
CG30471,8
CG30467,455
CG8187,997
CR45927,1
Vha36-1,7808
eIF2Bgamma,910
CG8192,160
CG12963,3
CG8195,1402
Flo1,3104
CG30466,159
Cdk5,967
CG8204,289
CG42524,854
mir-278,0
fus,2087
CR45143,2
CG8207,491
Vha14-1,3528
CG30091,26
CR43429,7
Impbeta11,1202
CG30082,107
Cep89,0
CG30090,74
CR44372,1
CG30088,15
CG30087,6
CG33460,78
CG33461,0
CG33462,4
CG42662,0
CG30080,0
CG30083,48
CG30089,671
Zasp52,2558
tun,446
CG33465,72
Poxn,34
CG8249,1324
CG12970,14
Gpo-1,4948
Rif1,194
sli,3117
CG33463,0
CR44373,0
bdg,1474
Diap2,3357
bug,784
Mlf,6099
CG8299,6
Cyp4aa1,671
COX6AL,0
mir-4919,0
Strn-Mlck,4813
CG8366,338
CR45021,5
CG8314,1033
Pex11,849
CG8320,717
ATPCL,8425
CG8370,1579
Ufc1,1203
CG8389,540
CG8388,260
Prosbeta1,4268
Rrp42,135
CG8397,2254
CG8399,3005
casp,2489
CG8401,124
SP2353,4189
CG8405,1858
mir-137,0
CR43415,0
Dg,2865
mRpL34,222
CG8414,176
Rho1,9617
Ric,4994
Asph,5255
Jhedup,5252
Jhe,617
CG30095,4
spin,4696
Got1,13955
CG30094,271
CysRS,1040
Ext2,1659
CG10731,347
lbk,2966
CR45993,0
CR45994,0
CG10734,2
CG8435,248
Ptp52F,111
Lis-1,12406
CG8441,258
clu,3520
calypso,390
CG44242,1782
CG42837,0
CG44243,4
Shark,430
mrj,3194
tRNA:Gln-CTG-1-1,0
tRNA:Glu-TTC-1-1,0
tRNA:Glu-CTC-1-1,28
tRNA:Glu-TTC-1-2,1
CR43898,0
CG7798,2
CG15706,1365
Tsf3,1203
CG15701,93
CG7786,4
CG3687,0
krimp,41
CG15708,0
CngA,272
fidipidine,713
csul,257
Khc,7374
CG33017,0
cato,0
prim,121
CG15705,1
CG7755,0
CG9068,1
CR43728,0
CG30324,7
CG30099,17
CR43730,52
JhI-26,1915
CG30100,0
CG42372,0
CG7747,358
Atg9,2187
CR45232,2
Nox,121
CG8060,487
CG30096,157
CG4282,209
Vha44,4874
Hmgs,1670
CG7997,1113
Nup62,417
wcd,314
CG15710,1
CG30098,179
CR43416,0
CR45322,0
CG6262,0
CG15711,1
CR45316,0
CR45317,2
CG43187,0
Sema2b,3379
Menl-1,0
Menl-2,0
jtb,499
CG7848,1
CG4409,2540
Parp16,68
CheB53a,64
CheB53b,1
CG15712,9
CG33458,41
CG33459,17
S-Lap8,0
knon,0
Sema2a,2102
loopin-1,2
Syn2,2529
DAT,1591
CG4945,660
RpS15,14857
CG4927,113
Lst,4232
Cdk4,842
CR44375,4
RpLP2,26921
CG8311,1057
CG8306,4616
CG8303,2380
CG5089,0
CG5065,3903
Alk,2243
gprs,1293
Amyrel,3
Nach,5
Picot,2767
CG34457,5
CG34458,2
CG30463,3011
Idgf6,7289
CR43104,1
CR44464,0
Sfp53D,4
CG15617,76
Acp53C14a,4
Acp53C14b,7
Acp53Ea,11
Acp53C14c,33
unc-104,31808
CG34189,0
CG5267,0
CG42392,0
CG5348,15
Sod2,3608
Arp53D,2
Vkor,23
resilin,284
CG5522,661
CG15919,5
CG15615,7
CR44465,5
CR44379,0
CR44380,6
CG5550,0
CR43417,239
CG34459,17
CG34460,3
CR43650,1529
mir-8,0
Ugt37c1,1
CR44466,2
CR44467,3
IntS8,131
Fen1,143
Dek,2360
snoRNA:Dek-a,0
Psi,879
eEF1beta,9722
CG6426,3643
CG6421,994
CG6429,2791
CG6435,1283
CG8910,775
CG6472,1329
mir-990,0
inaC,28901
Pkc53E,6655
CG43788,0
CG43789,0
CG15614,16
CG34190,12
Vha16-4,2
mute,653
Ufm1,314
PIG-V,224
CG6665,808
CG9010,1
CR44376,0
tRNA:Gly-GCC-1-8,0
CR44377,0
Cbp53E,11831
ste24c,0
CG30461,0
ste24b,22
ste24a,1029
AsnRS-m,181
NiPp1,421
CG6805,2323
Ehbp1,2783
CG8963,1579
Dark,1757
CR44390,53
RhoGEF2,7295
CG43328,0
CG43327,0
CG43371,0
CR45144,98
CR45145,31
SmydA-7,611
SmydA-6,0
CG9646,3261
fat-spondin,8073
tef,60
CG8950,191
CG6967,11
CG30460,1342
Sply,943
CG6984,262
GstS1,4370
CG30456,1154
CG15611,1314
Amy-p,302
CR45272,1
Spn53F,1
Amy-d,294
CG15605,0
Cda9,10
CR45273,426
Acp54A1,5
CG11400,2339
CR44391,287
Gbp1,1418
Gbp2,4016
CG43103,750
CG43107,136
CR44386,9
snoRNA:U3:54Aa,104
tRNA:Leu-AAG-1-2,0
tRNA:Leu-AAG-1-3,3
snoRNA:U3:54Ab,93
CG17290,8
CG17287,0
CG30458,1
CG30457,0
CG10953,0
CR44387,0
CG44388,0
CR44389,0
CR45323,0
CG10950,0
CG43237,0
mbl,22782
CR46235,0
CG18469,0
CG12699,0
CR43660,1
CG43272,0
CG43108,0
CR45997,0
CR43661,0
CR44344,0
tRNA:Ala-TGC-1-1,0
tRNA:Ala-TGC-2-1,2
CG10939,907
CG6568,532
CG30101,448
Prosalpha5,6185
cnk,1746
l(2)k01209,1148
CG6550,417
Mtap,1973
Bap55,589
Lhr,81
EDTP,1523
CG18467,1155
mthl4,51
mthl3,77
CG10764,15
robls54B,1
robl,1674
CG14478,930
Tes,483
qkr54B,1767
insb,0
CG43110,152
veil,284
NT5E-2,1151
CG30103,0
nw,12
CG34193,1
CG4847,6517
CG4853,1657
APC10,202
CG4866,284
Patronin,4503
eIF3b,6029
Cc2d2a,29
CG34194,6
cyp33,438
RpL18A,17244
MESR4,1443
Klp54D,97
CG43324,1579
CG14480,776
Ns2,2204
POSH,458
UQCR-6.4,4115
CG42239,216
Rab4,2731
Dcr-2,2632
CG6484,62
CR45274,1
CG14483,1459
CR45275,20
RhoGAP54D,26
icln,125
CG30105,63
Smurf,1564
ND-51L1,0
CG43920,105
CG42649,9
tRNA:Phe-GAA-1-4,3
tRNA:Phe-GAA-1-5,1
CG10936,2452
CG44403,0
snoRNA:Or-aca4,23419
rhi,0
Oxp,0
CCHa1-R,149
eIF3c,11459
CG30108,45
CG30109,279
CR44404,440
P32,1385
Sema1b,4944
HPS4,2552
CG42561,0
CG42562,0
swi2,43
rdgBbeta,590
CR45146,5
Uhg1,435
snoRNA:Me28S-G3081a,0
snoRNA:Me28S-A3407a,0
snoRNA:Me28S-A1666a,0
snoRNA:U29:54Eb,0
snoRNA:U29:54Ec,0
snoRNA:U76:54Eb,0
snoRNA:U29:54Ed,0
snoRNA:U27:54Ea,0
snoRNA:Me28S-G3277a,0
snoRNA:snR38:54Eb,0
snoRNA:U31:54Eb,0
snoRNA:U31:54Ec,0
snoRNA:U31:54Ed,0
snoRNA:U27:54Eb,0
snoRNA:snR38:54Ec,0
snoRNA:Me18S-A28a,0
CG6424,0
CG46315,0
CG10934,1
Dlish,335
Snx16,668
CG4975,0
CG4984,0
CG34195,164
CG6406,1327
PIG-A,216
Vps50,2236
Ir54a,18
sub,4
CG10931,1
CG5002,978
Sardh,818
HLH54F,21
CG5009,7291
OstDelta,955
mir-3643,0
CR44416,1
CG14488,0
CG18635,1
CG6362,36
CG33981,0
fab1,0
mir-31a,5
aft,263
Ubc10,1964
CG5033,532
Dhit,801
CR45270,13
grh,2475
olf186-F,1767
olf186-M,0
CG30323,0
CG14490,9
thr,31
Mapmodulin,1475
CR44417,169
Elk,1755
CG30325,1
CG30110,0
PPO1,304
CG14492,0
CG14491,0
CR44418,0
PpY-55A,0
dpr13,1800
CR44419,0
CG5084,2
CG10910,0
CG5773,793
CG5770,0
CG5767,0
CG34005,2
CG14495,405
Muc55B,0
CG10911,0
CR45313,0
CG10912,1
CR45314,0
CG34386,11
CR45022,0
CG5757,52
CG5098,130
CG5756,6
CG34196,22
stau,1838
Spn55B,615
Dlip3,435
Hsf,3280
Pcl,428
pAbp,84633
snoRNA:Psi18S-1347a,0
snoRNA:Psi18S-1347b,0
snoRNA:Psi18S-1347c,0
EMRE,753
CG5742,558
adp,652
lolal,307
CG10914,154
CG10915,1350
Nup75,429
CG42518,0
MED9,0
Dgp-1,2676
CR45315,2
CG10916,814
CG5726,893
mir-11182,0
nopo,75
CG5721,2399
CG33958,75
CG14499,0
CG14500,0
CG30114,0
CR45147,0
CR45310,1
CR45311,2
fj,450
CR44420,0
CR44421,0
Ote,84
pen-2,460
sbb,2674
CG14502,28
CG18536,8
CG18537,3
CG18538,2
CG18539,2
CG18540,8
CG14505,0
Tango8,1
CR42736,2
CG43202,246
IM23,1636
IM1,15504
CG18107,2656
CG15067,6582
IM2,21268
IM3,14595
CG16836,1527
CG15065,3030
CG15068,2995
Idgf5,779
GstE10,7
GstE1,2590
GstE2,1017
GstE3,4235
CR43687,4
CR43688,0
GstE4,583
GstE5,229
GstE6,1941
GstE7,608
GstE8,216
GstE9,5410
imd,899
Dp1,12249
CG5174,3853
PIG-O,1077
Ttd14,3106
slim,3618
CG5189,0
CG30120,0
Prp19,564
rswl,362
CG17669,262
CG30116,4186
GstE11,403
CG43066,2566
CG10924,534
CG45087,0
Pepck,0
Rgk2,968
CR46271,0
GEFmeso,1398
CG42697,1
CG10927,90
mRpS28,177
CG5323,504
CG5327,7
CG5493,1503
Atg7,688
CG5335,317
Sec6,488
Eip55E,1232
CG5482,3419
CG30122,2402
tRNA:Trp-CCA-2-2,0
tRNA:Gly-GCC-1-9,0
CheA56a,0
SP2637,3101
CG42306,0
Gint3,0
CG33136,7
edl,963
CG44435,0
CG44434,0
CG44433,0
CG42855,0
Sik3,1318
CG15071,0
CG15073,243
Vps51,871
pncr016:2R,235
Hs3st-A,5283
mir-4982,0
List,1252
CG33998,0
CR30121,2
CG18609,2
CG17821,0
Cyp12b2,1105
Jabba,1348
Mctp,1449
tRNA:Leu-AAG-1-4,0
CR43964,37
CG15093,1808
CG15080,387
MFS15,1236
MFS14,1543
CR44468,1
CG15096,4948
CR43418,2
CR46234,2
Phb2,1921
CG15097,1405
CG15082,76
CG15098,10290
CG15083,675
CG15099,5173
MetRS,1579
CG15084,268
CG18190,10
Jheh1,2639
Jheh2,4113
Jheh3,537
CG43069,1
CG43070,0
CG43071,119
DptA,4857
DptB,5097
CG43109,16
sano,2652
snoRNA:Me28S-U1130,0
Vha100-3,1
prod,805
CG15107,247
Topors,398
CG18605,0
tn,27829
snoRNA:abba-a,0
5-HT1B,499
CG43351,752
CG15115,3
CG15116,0
CG15109,1
5-HT1A,2671
Ir56a,5
CG15117,1249
botv,672
CG15118,2424
CG15111,2857
ena,2441
CR43399,0
CG10737,4732
hppy,3221
CG7137,223
cora,6373
wbl,165
CG33454,0
CG33453,0
CR44432,0
tbrd-2,0
rib,11
CG11906,430
CG10476,0
CG10474,0
CG18606,0
CG18607,0
FK506-bp2,3407
mip40,403
Tab2,1761
CG7461,9065
EndoB,2603
Rgk1,3781
CG34045,8
fest,13
CG11961,1180
CG10051,0
CG9416,1018
CG10062,871
CG10073,15
CG10081,0
CG11257,193
SdhA,13283
cer,1537
CR45925,23
hts,5179
CR43430,0
snoRNA:hts-a,0
tRNA:Ser-CGA-1-4,4
tRNA:Val-AAC-2-1,0
tRNA:Val-AAC-2-2,2
CalpA,3826
Fak,2743
Spt5,2417
RpL11,20279
snoRNA:Psi28S-2444,0
Arl6,101
EloC,1380
betaTub56D,20775
CG7744,150
mei-W68,0
par-1,18508
TBCB,604
Oseg6,163
Rep,691
hpo,1579
CG15120,79
CG16926,557
CG11007,606
CR44472,4
tRNA:His-GTG-1-5,18
Ir56b,12
Ir56c,0
Ir56d,17
sm,8871
CG43111,0
tRNA:Glu-TTC-1-3,0
CG42878,0
CG16716,17
CR44473,1
CR44474,0
CR44503,0
CG42753,0
CG18367,236
mir-4983,4
CG43277,20
CG15124,0
CG15905,1
Ir56e,0
CR44212,0
CR44213,0
CR44214,0
CG15125,0
CR44504,0
mir-6-3,0
mir-6-2,0
mir-6-1,0
mir-5,0
mir-4,0
mir-286,0
mir-3,0
mir-309,0
CG11018,0
hrg,2319
isopeptidase-T-3,405
CG15127,0
CG34198,7
CR44505,0
CG15128,0
CG15126,0
CR44506,112
Obp56a,1057
Obp56b,8
Obp56c,47
Obp56d,15480
CR44509,56
Obp56e,16266
Obp56f,237
CG8517,0
tRNA:Ile-AAT-1-9,0
tRNA:iMet-CAT-1-1,26
tRNA:iMet-CAT-1-2,8
tRNA:Glu-TTC-1-4,2
snoRNA:185,12404
tRNA:Glu-TTC-1-5,44
tRNA:Glu-TTC-1-6,3
tRNA:Glu-CTC-2-1,1
tRNA:Glu-CTC-2-2,0
tRNA:Glu-CTC-5-1Psi,8
5SrRNA:CR33452,0
5SrRNA:CR33451,0
5SrRNA:CR33450,0
5SrRNA:CR33449,0
5SrRNA:CR33448,0
5SrRNA:CR33447,0
5SrRNA:CR33446,0
5SrRNA:CR33445,0
5SrRNA:CR33444,0
5SrRNA:CR33443,0
5SrRNA:CR33442,0
5SrRNA:CR33441,0
5SrRNA:CR33440,0
5SrRNA:CR33439,0
5SrRNA:CR33438,0
5SrRNA:CR33437,0
5SrRNA:CR33436,0
5SrRNA:CR33435,0
5SrRNA:CR33434,0
5SrRNA:CR33433,0
5SrRNA:CR33432,0
5SrRNA:CR33431,0
5SrRNA:CR33430,0
5SrRNA:CR33429,0
5SrRNA:CR33428,0
5SrRNA:CR33427,0
5SrRNA:CR33426,0
5SrRNA:CR33425,0
5SrRNA:CR33424,0
5SrRNA:CR33423,0
5SrRNA:CR33422,0
5SrRNA:CR33421,0
5SrRNA:CR33420,0
5SrRNA:CR33419,0
5SrRNA:CR33418,0
5SrRNA:CR33417,0
5SrRNA-Psi:CR33416,0
5SrRNA:CR33415,0
5SrRNA:CR33414,0
5SrRNA:CR33413,0
5SrRNA:CR33412,0
5SrRNA:CR33411,0
5SrRNA:CR33410,0
5SrRNA:CR33409,0
5SrRNA:CR33408,0
5SrRNA:CR33407,0
5SrRNA:CR33406,0
5SrRNA:CR33405,0
5SrRNA:CR33404,0
5SrRNA:CR33403,0
5SrRNA:CR33402,0
5SrRNA:CR33401,0
5SrRNA:CR33400,0
5SrRNA:CR33399,0
5SrRNA:CR33398,0
5SrRNA:CR33397,0
5SrRNA:CR33396,0
5SrRNA:CR33395,0
5SrRNA:CR33394,0
5SrRNA:CR33393,0
5SrRNA:CR33392,0
5SrRNA:CR33391,0
5SrRNA:CR33390,0
5SrRNA:CR33389,0
5SrRNA:CR33388,0
5SrRNA:CR33387,0
5SrRNA:CR33386,0
5SrRNA:CR33385,0
5SrRNA:CR33384,0
5SrRNA:CR33383,0
5SrRNA:CR33382,0
5SrRNA:CR33381,0
5SrRNA:CR33380,0
5SrRNA:CR33379,0
5SrRNA:CR33378,0
5SrRNA:CR33377,0
5SrRNA:CR33376,0
5SrRNA:CR33375,0
5SrRNA:CR33374,0
5SrRNA:CR33373,0
5SrRNA:CR33372,0
5SrRNA-Psi:CR33371,0
5SrRNA:CR33370,0
5SrRNA:CR33369,0
5SrRNA:CR33368,0
5SrRNA:CR33367,1
5SrRNA:CR33366,0
5SrRNA:CR33365,0
5SrRNA:CR33364,0
5SrRNA-Psi:CR33363,3
5SrRNA:CR33362,0
5SrRNA:CR33361,0
5SrRNA:CR33360,0
5SrRNA:CR33359,0
5SrRNA:CR33358,0
5SrRNA:CR33357,0
5SrRNA-Psi:CR33356,0
5SrRNA:CR33355,0
5SrRNA:CR33354,0
5SrRNA:CR33353,0
Or56a,10
Obp56g,1795
CR45231,6
tRNA:Lys-CTT-1-11,0
Obp56h,328
Toll-7,1693
CG44569,0
CR44570,0
CR44571,0
Obp56i,0
CR44460,0
CG13872,1
CR44572,0
CR44573,0
CR44626,0
CR44627,0
CR43421,1
CG42690,0
CG43195,0
CG42691,0
CG30447,1
CG10822,0
CG44622,0
CG44623,0
CG8654,1205
tRNA:Arg-CCT-1-2,3
tRNA:Arg-CCT-1-3,0
CG16898,156
CR44628,5
CR44629,0
CR44630,0
CR44631,0
CR44632,1
CR44633,0
18w,3294
CR44634,3
CR44635,1
CR44636,2
CG11041,69
CR45229,0
CG16894,0
CR45423,0
tRNA:Gly-GCC-1-10,1
CG11044,347
tRNA:Gly-GCC-1-11,0
CG44624,1
CG44625,2
CG11099,2787
CG13869,4
Efhc1.2,39
CG11208,1456
ppk6,0
CG9864,163
Ate1,1466
Hsl,1728
PCNA,123
plu,0
RpS18,23937
CR43812,3
CG8908,163
CG10444,3224
CG11788,69
CG9143,617
Mpcp1,8484
CG16868,494
CG34199,58
Cpr56F,112
CkIIbeta2,0
CR44638,2
CR44639,0
CR44640,0
CR44641,0
CG11200,1225
CG13868,21337
CR44642,1
CG13871,1
tapas,2141
MED8,383
CG8929,1010
CG16739,2
CG13870,1
CG16741,1
CG11192,1
CG12484,3664
CR44643,0
Obp57c,6205
Obp57b,1971
Obp57a,1003
CR44644,3
CR44645,280
CR44646,3
CR44647,0
CR44648,2
CR44649,1
CG13426,0
CR44650,0
GNBP-like3,1360
CG30151,777
CR44651,8
CG30154,319
CG18067,21327
CG13423,0
CG13427,0
CG13428,79
CR44652,0
CG30148,198
Obp57e,0
Obp57d,0
Cpr57A,0
CG13430,0
CG18065,0
lms,8
Mgat1,318
CR44653,0
CG43308,2
qsm,5843
mir-310,0
mir-311,0
mir-312,0
mir-313,0
mir-2498,0
mir-991,0
mir-992,0
Nnf1a,72
HnRNP-K,3584
mir-7,0
Hil,3474
CG9945,1188
CG11180,397
FAM21,401
Rcd6,397
rig,788
CG13436,35
maf-S,1628
CG11110,341
CG33786,0
CG33785,0
DMAP1,187
Lrt,403
CG16799,378
CG11159,70
tRNA:Trp-CCA-1-1,0
tRNA:Trp-CCA-1-2,0
CG13437,45
Fem-1,9478
exu,51
galla-1,988
Gr57a,1
CR44659,0
CG13438,0
dpr1,1404
CR44660,0
CG13442,0
CG34201,3
CG34202,1
CR44665,0
CG13443,0
CG43709,0
CG43710,0
CG43711,0
CR44666,0
CG43666,0
CG43667,0
CG43677,0
CG43668,0
CG15225,0
insc,535
sktl,0
CR44667,0
CG17999,3
CG9993,1
CG15227,0
IM4,3800
IM14,6690
Ipk1,238
Cib2,29
otp,197
CR43160,1
CG9235,0
Rx,230
Act57B,55890
snoRNA:660,0
CG33704,1
hbn,271
CG15649,3
CG34115,11
CG9344,192
CG15650,2
CG9313,50
CG15651,859
CG3216,1
dgt3,37
Prosalpha3,5922
CG10543,1630
CG30291,1029
grau,814
CG9346,247
CG3295,2729
RIC-3,3710
ND-B14.7,5395
CR45148,0
shg,3208
cpa,1661
CG15653,81
mRpL54,413
Cht8,10
Cht12,0
Cht4,0
Cht9,1
CR44703,0
CG10527,7642
CR44704,56
Treh,11260
Rbpn-5,1488
CG34396,1382
CG4038,65
ktub,499
CG9394,0
CG4050,1314
mago,632
Magi,1270
CG9406,0
Xbp1,10610
Hmg-2,253
CG15657,7
CG30389,2817
tRNA:Trp-CCA-2-3,0
tRNA:Gly-GCC-1-12,1
tRNA:Trp-CCA-2-4,2
CG4266,1146
hng1,318
LSm1,354
Xpd,354
Pu,34886
CG4286,0
tRNA:Trp-CCA-2-5,0
tRNA:Trp-CCA-2-6,6
tRNA:Gly-GCC-1-13,25
tud,14101
Lapsyn,656
Glycogenin,0
CG44245,712
CG4302,3297
CG15661,1842
ASPP,1563
Rgk3,1183
CG30391,0
CG30393,1
CG34203,14
MFS16,1974
CG10505,4
CG30392,1132
Sgf29,347
RpL29,13660
CG9752,66
CG42672,3715
CR44724,0
CR45149,20
Panx,369
CG9485,18951
CG33655,32
CG30394,558
dom,4666
snoRNA:Me28S-A2589a,0
snoRNA:Psi28S-3316a,0
snoRNA:Psi28S-3316b,0
snoRNA:Psi18S-841a,0
snoRNA:Me28S-A2589b,0
snoRNA:Psi28S-3378,0
snoRNA:Psi28S-3316c,0
snoRNA:Psi18S-841b,0
snoRNA:Psi28S-3316d,0
snoRNA:Psi18S-841c,0
snoRNA:Psi28S-3316e,0
snoRNA:Psi18S-841d,0
snoRNA:Me28S-A2589c,0
snoRNA:Psi18S-1389a,0
snoRNA:Psi18S-1389b,0
snoRNA:Me28S-G2596,0
snmRNA:184,0
CG15666,182
CG9822,2
CG17974,237
cv-2,1131
CG10795,63
eEFSec,122
Acox57D-p,936
Acox57D-d,302
Sdc,6702
Sara,4194
Fkbp14,605
TAF1C-like,690
MESK2,14091
CG10494,290
CG30288,4
CG30289,11
Egfr,4060
CR44725,4
CG30286,5
CG30287,13
CG33226,2
CG30283,1
twz,806
CG30222,1
CG33225,1
CR45150,0
CG10433,1565
CR43243,8
CG15673,308
CG18870,472
clt,470
PTP-ER,802
mahj,1492
CR42547,58
CG15674,30
CG10321,2255
CG10082,7436
CG30284,0
CR43786,6
ND-B12,3505
Rae1,445
pirk,989
CR44748,29
CG42362,0
CG42363,0
CG42364,9
CG42365,644
CG42381,0
PIG-M,0
CG42380,0
CG42379,0
NC2alpha,244
CG15676,0
stum,160
eIF3k,3436
Tbp,254
CG30285,886
CG10307,241
Tim10,0
CG42497,0
Ppcdc,0
CG42496,0
CngB,1925
HmgZ,4440
HmgD,1249
CR44749,7
CG30403,65
Tango11,2172
CG30398,1
LBR,89
CR44750,0
Grx1t,0
CR43983,1
CG43982,0
CR43984,0
CG30395,33
CG4021,0
lox2,551
CG34204,0
CG18735,2
CG4386,6
CR9284,0
CG13492,5
CG34040,0
CG4363,0
CG4377,129
CG4372,0
tRNA:Gly-TCC-2-1,0
tRNA:Gly-TCC-2-2,1
CG9294,0
comr,0
Fili,1169
PpN58A,0
CG43742,10
CG13488,5
CR43405,0
CG13494,0
ppk9,0
CG34029,0
CG9304,1955
Gr58c,2
Gr58b,0
Gr58a,2
dany,4
CG34370,2483
CG9308,0
PpD5,0
CG13500,3
CG13501,11
Snp,2777
CG44249,0
CG11475,198
CG11474,1959
CG2921,979
GlcT-1,827
Synj,2174
CG13502,18
CG43393,7
CG44163,46
CG11073,2123
CG6613,1402
Vrp1,2234
CG30280,84
CG30281,182
mei-S332,185
GM130,1817
NtR,1593
CG34205,11
a,1542
CG11269,0
gom,0
CG34206,24
CG3045,135
CG6758,1034
CR45151,10
CG11170,182
CG11275,1826
MED16,249
Vps35,2955
Swim,10731
snoRNA:Or-CD1,0
CR45376,31
CG3292,0
Alp2,0
CG3264,0
CG11291,1
ari-2,1124
CG30278,0
Oatp58Da,1
Oatp58Db,3
Oatp58Dc,1725
CR44755,1
dve,428
CR43422,0
CG5819,335
wdp,1423
CR44758,0
Gp150,33053
CR44756,162
CG34207,5
T3dh,724
pgc,15
CG34208,129
Liprin-gamma,2037
CG11298,0
CR44759,1
Rtf1,1886
CR45327,29
wrapper,509
CG13506,1955
CR44757,0
babos,4306
CR44760,2
CG6044,3480
VepD,127
qkr58E-3,1043
Mes4,223
qkr58E-1,220
qkr58E-2,1021
CR45152,10
mRpS29,675
rad50,388
CG10344,69
ppk12,1
CG10384,652
CG45062,0
CG45063,1
CG4752,3088
CG4554,554
CG4610,488
px,2548
gas,107
CG11362,0
dnr1,4025
CG3927,4
CR45328,0
CG4269,679
CG4294,1150
RpS16,15590
snoRNA:Me28S-G2173,0
snoRNA:Psi28S-1175a,0
snoRNA:Psi28S-1175b,0
snoRNA:Psi28S-1175c,0
snoRNA:Or-aca1,0
Vps20,1405
CG4329,29
CG33143,810
CG17807,369
Cdk9,549
bonsai,516
CG3732,805
RpS24,9631
Ugt58Fa,393
CG2852,10320
CG30195,74
CG34446,134
CG34445,144
CG3746,167
nsr,3
Cyp6d2,49
CG30196,33
CG43325,0
CG43326,0
CR45268,0
CG13510,0
CG13511,0
CG42565,0
CG42566,7
CG4250,2310
CG42867,55
CR45269,4
CR42868,115
CG30269,0
CG30273,0
CG13516,262
RYBP,224
CR44761,0
Ppa,1046
CR44762,0
CR44763,0
CR44764,0
robo1,841
CG30259,18
Obp59a,357
Obp58b,11
Obp58c,4
Obp58d,1
CR43735,0
CG30275,0
CG30268,0
jbug,7704
CG42260,2042
CG13526,0
CR30267,3
CG13527,0
CG30270,0
blw,44142
CycB,21
stl,216
CG30271,127
CG42284,72
CG30274,0
MFS1,1
CG30265,0
CG12490,0
CG9825,0
CG9826,2
CG3649,1
CG13531,1778
RpL23,18168
inaD,17926
fd59A,549
CG13532,335
CR45469,23
PIP5K59B,1005
EMC8-9,1215
YME1L,1264
asrij,512
Gmer,187
MED23,340
CG3700,1181
nahoda,2776
CG30187,127
Nup214,1420
Reep1,6604
CG3788,18
CNBP,1847
CG9849,516
CG3831,121
CG42694,43
mir-9376,0
CR32835,2
CR44780,0
CG32834,0
CG32833,0
mir-4939,0
CR42742,0
twi,12
CG9897,1
CG9896,1234
CG42741,140
CG44252,226
CG44253,0
DCTN3-p24,664
CG9890,560
PPO3,13
l(2)k09913,6225
tRNA:Ser-TGA-1-1,57
tRNA:Ser-TGA-2-1,6
Fib,414
snoRNA:229,0
CG3085,2
Art7,332
CG43659,0
Gr59a,5
Gr59b,0
CG9877,8
CG13538,0
CG9876,69
RpL37b,0
CG42703,0
Gr59c,0
Gr59d,0
CR44781,0
CR44782,0
Klp59C,0
CR44455,0
CR44456,0
CG3215,0
CG30192,0
CG13544,1
Klp59D,1
CG43207,0
CG9899,0
CG13545,21
CG34371,1607
CG13539,0
LS2,0
CG3092,0
yip3,0
RpL22-like,0
CG12782,0
CG13540,0
ord,0
CG3124,0
CG13541,0
CR44783,0
Prosbeta5R1,2
HP1Lcsd,0
CG30412,0
CG30416,0
CG9861,0
tbrd-3,0
CG30413,0
CG3502,77
CG9863,0
CG34210,0
CR30409,1
Rpi,1322
CG3500,312
CG9875,0
CR44168,1
CG34423,55
CG34424,1671
vir,838
Ice1,235
Golgin245,4042
CG13551,3307
yellow-d,938
yellow-d2,1751
CR44784,16
CG30414,60
roh,8766
eIF2Bdelta,661
CG3530,2594
CG3520,226
CG9812,14064
CG30411,39
CG9815,108
Or59a,2
CG43795,3019
SkpF,1
Or59b,28
Or59c,13
CG13557,0
CR43792,0
CR43793,0
CG13558,1
CG13559,52
CR43794,0
CG3906,1
RabX1,454
mi,708
bw,1583
ppk3,1
Gr59e,0
Gr59f,1
AIMP3,828
wmd,4849
levy,9395
pita,651
Dcp-1,118
Rrp4,306
ItgaPS5,2
Pi3K59F,1410
CG30184,1
apt,328
CG42559,0
CG42560,0
IM18,0
CG10332,0
CG43209,0
Eglp1,0
Eglp2,93
Eglp3,0
Eglp4,0
retn,1832
CR45153,0
Pde8,1365
St1,709
St3,863
l(2)efl,2051
Pal2,6112
CG30183,214
angel,455
mRpL43,463
sigmar,1570
l(2)dtl,163
l(2)not,335
l(2)tid,1174
CR45326,0
Sesn,7596
CG18128,0
CR45325,26
mir-4979,1
egl,3789
CG13560,7
CG34105,0
CG12491,0
CG11300,4
CG5532,929
sona,940
CG15800,0
CG30177,0
CG13561,2
CG5539,0
Ssrp,496
CG5543,446
Nxt1,356
CR44807,8
CG4797,2331
CG5549,3326
CG4763,0
snoRNA:Psi18S-176,19104
CR44805,0
shu,35
Snap29,1469
CG5554,1804
ytr,196
eIF6,0
CR45928,22
gbb,1451
bgcn,3
Pym,0
TBPH,3058
CG4585,1820
CG5569,111
Thiolase,5965
ken,1383
TM4SF,6117
CG4882,791
PHDP,23
CG5597,2293
DCP1,539
DNA-ligI,107
Upf3,218
CG17658,0
CG5339,450
Lpt,813
CG13562,64
Nap1,8673
CR45926,86
kcc,26395
CR44806,20
SERCA,28301
CG2812,180
CG3735,435
Taldo,12082
Galphas,4972
Orcokinin,496
CG2970,1224
fzr2,0
CG3803,336
thoc5,458
CG16787,491
alpha-Catr,1756
CG13566,7
Fmo-1,882
Alas,2122
CG34213,82
or,674
CG10904,358
CG3065,272
mr,855
PPP1R15,1880
Sox14,1285
Phm,2840
CG30178,1
Pask,1407
CG3860,3032
mir-1009,0
Unc-89,8496
CG4324,53
CG3121,2
CG3907,2960
CG11388,970
CR45350,154
Adk2,3361
EbpIII,73014
HSPC300,420
CG3163,361
CG30172,1113
Chi,1441
MAN1,609
Not11,134
IntS1,2022
tsr,8672
gammaSnap1,4337
sei,1659
ppk29,25
CG13563,69
eEF5,28680
CR44814,2
RpL12,13313
RpL39,12440
Rap2l,1714
yki,673
CG3209,2672
Mlp60A,10605
CG10339,169
CG13564,0
CG16786,333
snama,1238
gek,4503
enok,1642
CG4049,584
CG3253,297
CG3257,2821
CG43775,0
CG43777,0
CG43776,0
tamo,638
Zfrp8,257
Naa35,753
CR44826,7
Dat,6589
DnaJ-60,0
CG42568,0
spag,227
CG3328,2050
mRpS17,662
Nop60B,1482
snoRNA:Psi18S-1820,0
snoRNA:Me28S-G1083a,0
snoRNA:Me28S-G1083b,0
snoRNA:Me28S-G1083c,0
snoRNA:Me28S-G1083d,0
snoRNA:Or-CD9a,0
snoRNA:Or-CD9b,0
ocm,973
cN-IIIB,526
CG3356,3152
CG11406,25
CG30419,347
CR44827,0
nord,216
Ir60a,7
snoRNA:Me18S-A1597,0
CG13575,12
CG3376,2115
CG13577,5
nvy,1007
CG3394,723
mir-4985,0
betaTub60D,318
CR44810,0
slbo,6
CR44282,0
bs,309
CG44812,0
CR44811,155
tRNA:Asn-GTT-1-9,0
CG13578,111
mAChR-A,1591
CR44813,28
Slik,4620
Rpn8,5083
SerT,1054
CG45069,0
PIG-Z,0
prom,2366
CG42383,0
CG15873,2
Pgam5-2,0
CG3483,0
CG4563,2
CG13579,282
CG3492,0
CG3494,0
CG16837,0
CG13589,0
CG13590,0
Crtp,0
Yu,1
Ssl,0
Prosalpha4T2,1
CG13581,0
Letm1,3270
Ir60b,2
Ir60c,0
Ir60d,0
Ir60f,0
CG4612,2570
Brca2,561
Ir60e,0
CG13585,2537
CG4622,386
CG11413,3917
ITP,1582
Nurf-38,7390
CG11414,1514
uri,240
Fcp1,835
CG3511,231
Start1,1913
SIFa,659
CG4681,0
pio,10377
CG13587,7
ATPsynF,11789
CG3548,1020
CG3565,0
CG3570,136
CG4707,246
CG42360,730
CG42361,0
CG4741,20
Adck,381
CG13594,1238
snoRNA:Me18S-G393,0
CR43787,0
Cyp9c1,191
CG3640,1
CG4781,0
CG3663,445
Cpr60D,72
CG30161,1
ND-19,3547
CG34214,4
CG4806,669
CG33228,162
Pof,394
Mmp1,12672
ST6Gal,321
Mid1,1855
CR44828,3
Usp15-31,2543
spz6,50
CG3880,52
CG12848,284
CG3894,695
GstE12,8001
Eps-15,3415
egg,591
CR44067,10
Lcp9,2
CG3594,189
TyrRS-m,358
CG3589,520
key,2167
Reg-5,1794
CR43257,49
ETH,21
Orc4,207
CG12849,0
CG3611,0
CG42851,0
Dll,574
CG3650,0
CR44829,0
Atf-2,180
CG16896,355
CG30423,2003
CG44247,1710
CR43466,2
NKAIN,3105
Ance-5,1217
NaCP60E,4887
Tpc2,10
CG9083,0
RpL41,36947
pain,2946
CG30427,694
CG3760,1764
CG2811,513
Tina-1,1388
CG15861,33
CG3770,143
CG2790,637
CG12851,1389
CR44830,5
CG2765,5249
CG30424,134
RpL19,20486
CG3776,232
Phk-3,1195
CG2736,1764
CR45252,1
emp,3538
CG3829,4781
zip,4026
uzip,9722
Nplp1,2911
gsb-n,39
gsb,6
gol,12307
tRNA:Ala-CGC-1-1,14
tRNA:Ala-CGC-1-2,4
tRNA:Ala-CGC-1-3,2
lov,168
CG30430,0
CG43106,0
CG34038,69
Sfp60F,0
EbpII,0
Ebp,0
CG9380,14
Kr,56
CG30429,0
CG33680,0
CG30428,540
CR40469,903
CG17636,0
RhoGAP1A,3755
mir-4915,0
CR45473,133
tyn,482
CG17707,2778
CR43863,0
CG3038,307
G9a,1626
CG42376,684
cin,1438
CG13377,1745
CR43906,190
CG13376,3
ewg,3122
CG3777,1479
mir-980,3
CG13375,1595
CG12470,0
Or1a,0
CG32816,665
CG43181,0
CG43182,1
y,122
yar,2
ac,0
CR44751,0
CR44752,0
CR44753,0
sc,1
l(1)sc,0
Pgcl,0
ase,0
Cyp4g1,0
ebo,1404
CR18275,148
CG13373,92
CG32817,12
CR18166,277
CG3176,40
CG18273,756
CG3156,594
CR45797,0
CG17896,9643
CG17778,966
svr,5893
CR44891,20
CR44892,45
elav,2966
arg,654
CG4293,341
Appl,9774
mir-4960,0
vnd,17
CG13366,1623
CR45474,1
CG13365,890
Vsp37A,1188
CG13369,735
CG13364,1699
CR45475,1
CG17829,236
RpL36,14599
l(1)1Bi,569
Dredd,531
mir-9372,0
su(sable),2367
CR44839,0
CG13367,272
Roc1a,3370
Hmt4-20,2152
SkpA,6191
sdk,3908
CG13362,0
CG5254,2875
CG13361,0
CG5273,948
CR44965,10
RpL22,11350
CR42491,0
snoRNA:Psi18S-531,0
snoRNA:Psi28S-2179,0
CR44966,0
fz3,221
tw,584
CG13360,2493
CR44469,4
CG16989,1642
Rbf,719
CG13359,2
CG13358,5
Sec22,754
CG43867,1451
CG14635,0
CG3713,0
CG14634,0
CG11664,0
CG11663,0
CG3711,0
MED22,341
CG3708,0
CG3706,0
CG32815,1377
TRAM,0
CG3704,512
mus81,92
CG3703,1939
CG3699,1003
CG3690,5
CR45476,1
CG18823,0
TfIIA-S-2,0
CG14631,0
su(w[a]),209
CG11638,581
CG32814,0
CG3021,0
CDC45L,255
CG33082,0
CG14630,0
CG42259,363
CR44779,102
CG14629,0
CG3655,3379
CG14628,0
eIF4E7,5
CR34320,0
CG11378,1819
CG11384,1
CG11379,0
CG14627,0
CG14626,9
CG11380,113
CG14625,18
CG11381,1
CG14624,2
CG11382,2
CG11398,163
CG3638,1407
CG11403,106
Atf3,804
CG32812,17
DAAM,5435
CG32811,0
CR46248,1
fs(1)N,1
CG11409,165
Naa30A,1557
MTPAP,335
Tsp2A,10
CG12773,1476
CG11417,294
png,13
CG14770,1682
ssx,1366
mir-4961,0
AMPKalpha,5248
CG3719,1811
CG32813,587
CG11448,757
futsch,20857
Gr2a,11
CG14785,13
Lrpprc2,612
CG14787,50
Ns3,623
O-fut2,323
CG14777,339
CG14778,408
CG32808,106
pck,829
CG14780,2
Rab27,405
mei-38,6
rush,0
sta,22958
snoRNA:M,0
snoRNA:Me28S-G980,0
inc,935
Nmdar2,548
CG14795,137
Mur2B,277
snmRNA:400,0
br,311
dor,901
CG3740,521
hfw,1225
CG32809,2152
CG14797,20
b6,1483
CG14798,17
a6,385
CG3795,0
Scgdelta,944
prage,1787
Adar,0
mir-981,2
CG32806,0
CG14810,1
CG14811,0
CG14812,763
deltaCOP,3250
CG14814,12
MED18,159
Pex5,1699
CG14803,274
Pgam5,283
Vps26,1172
CG14817,770
CG14805,898
CG14818,1442
CG14806,1113
trr,721
mRpL16,337
arm,13076
CG32803,407
CR45929,0
CR43864,8
CG32801,38
Edem1,2550
mip130,1352
Rbcn-3B,0
eIF2Bepsilon,981
Ocrl,1667
CG11596,567
CG3857,116
CG3587,348
Hr4,219
PIG-K,719
CR45478,2
mir-2496,0
east,5649
Actn,13075
mir-4954,0
usp,0
CG4313,194
CG4325,371
moody,2289
Sik2,1460
CR44896,7
CG4281,838
CG14054,5
CR44381,3
CG4199,3129
CG4194,11
CR44382,11
Rtca,412
CG4045,368
CG4025,821
CG16903,913
Unc-76,8707
csw,4702
snoRNA:Me18S-C1024,0
ph-d,471
ph-p,920
D2hgdh,4612
Pgd,5489
bcn92,125
wapl,1033
Cyp4d1,62
CG3630,2975
mir-3641,0
ND-B14.5A,2901
Cyp4d14,9
CR45479,483
CR44690,178
Cyp4d2,1872
Cyp4ae1,229
pn,968
Nmd3,1330
CG17776,364
CG17777,43
CG3457,1
Mct1,1813
CG14053,3
CR43637,2
FarO,36
SmydA-8,3015
Vinc,3098
CG14052,7
pcx,2551
kz,244
fs(1)K10,226
Or2a,11
crn,926
CG3191,333
CG3091,3959
CG3078,1106
temp,954
CG3071,900
CG2924,1997
CR45480,1
CG2918,3698
Vml,0
CG2865,639
Raf,1850
CR34052,0
CG14050,28
CG2854,0
CR33218,0
Ilp6,274
mRpL14,417
CG2841,1367
PsGEF,5610
CG12496,0
CG32797,1
gt,11
tko,890
boi,191
z,913
trol,20328
mir-4955,0
Pdfr,1638
Vha36-3,100
CG13759,178
CG13760,993
wds,116
egh,1564
Klp3A,142
Zw10,936
Smyd3,569
eIF3g1,4876
Tsp3A,316
Seipin,319
brv3,1
PI4KIIIalpha,8445
sgg,5892
CR45197,0
HLH3B,48
CG2652,2
CR44470,2
per,2171
CG2650,18998
CG2658,1517
CG2662,148
Csat,516
eIF2Bbeta,1318
CG2680,635
CG2681,356
CG2685,407
CG2694,184
CG2701,1407
fs(1)Yb,4
fs(1)Ya,0
vilya,2
dwg,454
ttm50,810
CG2712,144
crm,197
Syx4,865
kirre,2108
CR43494,0
CG32795,1737
w,1
CG12498,0
CG14416,0
CG14417,0
CG14418,4
CG14419,348
CG3526,0
CG3588,0
CG14424,0
CG32793,0
CG3592,0
CG3598,0
CG14420,0
CG14421,0
CG14422,0
CG14423,0
CG17959,0
CG3603,0
rst,665
CG4116,0
N,4899
CG18508,227
Fcp3C,14
CG3939,341
dnc,4474
CG14265,0
ng2,0
ng3,0
ng1,0
ng4,0
Pig1,1
Sgs4,0
CR44886,18
CG10793,0
CR46243,0
CR44999,176
Myc,0
CG12535,94
tRNA:Gln-TTG-2-1,0
CG14269,0
CG16782,62
CG10801,0
CG16781,2
CG12206,223
CG10804,1778
CG10802,0
CG14270,396
CG10803,0
Gas8,38
DIP-alpha,413
CG13021,0
MRE16,0
ppk8,37
CG2875,491
AstA-R1,1221
Ilp7,12
Parg,397
Mnt,2064
CR45102,313
Rala,3876
Tlk,4059
mir-4962,0
HIP-R,641
CR44117,0
Crg-1,235
CR42499,0
CR33221,0
HIP,386
CR44118,0
fd3F,11
ec,1031
tRNA:Gln-CTG-2-1,0
tRNA:Pro-CGG-3-1,0
CG2901,0
roX1,213
yin,1107
CG2930,356
VhaAC39-1,8991
CG15239,42
CG42541,1616
CG2938,1307
CG2941,211
CG32786,0
CG32783,1
Vap33,4657
lva,6709
CG6428,270
CG6414,5
CR45481,1
CR43298,0
CR45482,0
CR46247,0
CG43689,187
CG6379,1269
CG15375,1
Xpac,262
brn,247
cib,2513
Nsun2,997
dgt4,6
Tip60,820
tyf,4371
GlcAT-I,578
Fas2,6202
CG43288,0
CG15571,0
CG15570,0
Femcoat,0
Muc4B,0
CG43134,1
CG43135,0
CG15576,0
CG12691,0
CG15572,0
CR45483,0
CG15577,0
CG15578,0
CG12692,0
CG15579,1
CR44957,13
CR46156,1
mei-9,210
CG2982,1432
mRpL33,500
norpA,36268
CG12693,0
mir-982,0
mir-303,0
CG3626,1995
mir-983-1,0
mir-983-2,0
mir-984,0
CR43614,6
CR45484,0
CG12688,0
CR32773,152
bi,529
CG3556,570
rb,0
CHOp24,2485
CG3568,97
Usf,0
CG15912,185
CG11436,0
CG3527,394
CG11444,0
CG3546,0
CG12684,0
peb,792
CG12184,3
CG12179,79
pon,2
CG3081,5
CG3062,0
HLH4C,22
mRpL30,981
Torsin,963
Cbp80,1113
CG15473,28
CG3009,1965
fzr,1795
Pp2C1,1952
ctp,9388
l(1)G0334,12837
CG7024,44
Proc-R,1669
CG15472,0
Klf15,1
CR45515,0
CG2871,0
CG15471,0
CG6978,0
CG2861,3
CR45516,0
CG12682,0
CG42594,849
CR43495,0
boil,0
CG6927,1
CG32772,1776
CG4041,948
CG6903,1709
hpRNA:CR46342,0
CG44774,1200
Ptp4E,1831
CR44833,39
CG15468,0
CR45792,0
CG12680,0
ovo,882
CG32767,2000
rg,0
CG15465,0
Rpn13R,0
CG5062,0
CR44834,0
CG42749,267
CG3323,9
CG17764,2
Cdk7,231
snf,1134
TrxT,12
dhd,4
CG4198,0
CG15930,5
Sas10,237
Rnp4F,557
Mcm3,109
CG3309,426
XRCC1,289
CanB,3129
SK,2217
NAAT1,2735
spoon,2683
Usp16-45,1990
CG16756,428
CR45517,36
CG15784,7825
CR44471,9
SPR,1402
frma,654
CG32762,0
CG4151,2
CR45519,0
CG12730,1470
CR45518,4
snoRNA:Psi28S-3342,37186
Vsx2,154
Vsx1,624
CG34435,1
CG34434,6
RhoGAP5A,345
Mlc-c,3947
mir-3645,0
l(1)G0045,136
CG42492,6705
CG42265,1394
CR45520,38
Sirt4,885
CG4119,732
Rab18,2165
RpL35,13728
Tre1,797
Gr5a,9
CR44958,6
CG42449,2
PGAP1,761
CR45525,16
cv,2644
CG3149,888
CR42794,7
CG4096,1335
CG33080,3050
CG32758,4079
CG15773,5
IntS6,1398
CG4078,894
CG15772,649
lin-52,288
CR45528,5
CG15771,753
MAPk-Ak2,3901
CG42699,1228
CG3097,1340
CG42264,3
CG3108,12
CG15767,12
mir-4963,0
CR44832,1180
CG12239,4014
Cpr5C,0
Prosbeta2R1,0
CR45529,0
CG44329,0
CG15766,33
CG15765,3910
CR43264,207
tRNA:Glu-CTC-6-1Psi,0
CG12729,0
CG43136,0
CG43137,0
CG15764,0
GAA1,1088
mof,285
Usp30,1813
CG16721,9093
CR45668,109
Act5C,36620
CG4020,27
CG12236,752
Shmt,10109
CR44108,18
CG3726,1294
CG12728,932
CG32756,482
CG6041,76
CG32755,15
CG6048,0
CG6067,1687
fs(1)M3,9
Grip,625
CG5966,16048
CG4766,730
CR44498,1
mab-21,679
CR44499,2
rux,372
MCTS1,712
CG5937,1821
CG5921,796
CG43115,0
CG5928,7
Tsp5D,7175
CG4666,79
CG4660,466
raptor,1
Mipp2,253
CR44959,4
Nep1,1558
Ca-alpha1T,5399
CG32750,43
CG32751,0
CG43090,0
vanin-like,0
Btnd,3
Efr,2811
sqh,4385
dtn,1706
CG14445,264
Rbcn-3A,11781
Spx,46
schlank,3512
CG3781,475
Spt6,4693
CG3566,1365
Ubi-p5E,36782
CR45530,8
CR32745,10
CG11700,678
Top3beta,970
wuho,565
Rpt4,6210
mldr,204
CG15892,22
CG15891,857
CG3815,515
CG12219,269
CG3823,539
CG15894,555
CG42240,1546
CG3842,2380
CG3847,1330
ND-B16.6,1031
kdn,3908
swaPsi,0
swa,3
Marf,8421
CR44816,35
PpV,963
CG33664,0
CG33669,0
CG33668,0
CG42340,1573
CG33667,0
CG33666,0
CG33665,0
tRNA:Phe-GAA-1-1,0
CG3918,87
CG3342,391
Spat,2210
RpL7A,17139
snoRNA:Or-CD10,0
dx,180
CG34417,7163
CG17717,10
Pat1,1419
CR43832,1
APC7,13
pigs,9579
CG14443,0
CR44817,0
CG3226,861
Cdc7,1123
CG3224,631
Ctr1A,1992
CG3198,464
Mcm6,250
ND-ASHI,3998
l(1)G0255,8985
CG4095,9
Pink1,5788
CG44303,4
CG3184,271
CG14442,1455
CG14440,267
CG14441,2513
CG3168,2179
CR43461,28
RpL17,15233
snoRNA:Psi28S-3436b,0
snoRNA:Psi28S-3436a,0
snoRNA:Psi28S-1060,0
snoRNA:Psi28S-1232,0
tRNA:Phe-GAA-1-2,0
CR44895,2
CR44964,11
CG14439,4834
CG14438,3066
CR43496,135
COQ7,899
shf,583
C3G,3010
pod1,1419
iav,49
Nf-YC,334
xit,192
Atx-1,5
nonC,2115
mAChR-C,0
CG14435,1010
CG4557,1121
Cht11,389
CG4558,624
CG14434,195
CR45531,2
CG43736,2109
CG14431,977
CR4575,0
CR32733,0
CG32732,584
CG4586,82
CG3040,911
ogre,2594
CR44084,1
bou,1001
Inx7,10
CR43837,66
Inx2,10475
cm,785
CG42308,0
CG32736,0
CG3032,67
CG4593,560
CG12541,581
CG14427,0
nullo,0
CG4607,2018
Sxl,16475
mir-4956,0
CG4615,1788
CG4617,795
CG8300,923
fz4,725
CR45532,0
CR46245,1
CG9650,557
CR32730,2
CR44357,23
CG1958,0
CG1677,0
CG2059,947
unc-119,0
brk,375
Atg5,0
Dok,682
CG18155,25
CG42780,0
CBP,149
CG15034,0
CG1999,1
CheA7a,965
CG42781,0
CG15035,0
CG32727,0
CG42246,211
CG42704,4
CG42705,0
CG34337,2
CG9657,2049
CG15036,21
CG32726,711
CR45533,11
CR43199,4
CG11368,5787
CG43198,0
CR44500,2
CR45534,0
CR43278,0
CR43279,0
CR43835,0
CG32719,2
CG43138,0
CG32720,0
CR44501,1
CR44502,0
CG11369,0
CG12689,2
ct,3084
CR45667,1
CR45666,0
CR45665,1
CHES-1-like,3333
CR43287,0
CG15478,293
Hira,339
NELF-B,620
CG12155,757
Pdp,1265
Rab39,859
Tom40,1265
Ir7a,1
CG34338,0
CG32718,3
CG1402,462
CG10920,0
CG1409,0
Ir7b,0
dec-1,0
CR43615,0
Ir7c,5
Ir7d,0
Ir7e,0
Ir7f,0
Ir7g,0
CG10932,1750
Nek2,10
ND-MNLL,0
CG45089,0
p115,1323
CR11386,0
CR33222,0
RpS6,0
snoRNA:Or-aca2,0
bys,732
dpr14,321
spidey,3320
snz,724
hdm,16
Ykt6,759
mahe,3323
CG10778,622
RpS14a,12705
RpS14b,3459
Ubr3,3761
l(1)G0193,6560
CG15332,29
CG15330,0
sws,3947
CR45620,6
sn,5976
Tbh,718
CG15333,1
CG2233,27064
fs(1)h,4317
mys,4660
Upf2,952
CG1571,1
CG2254,4008
CG2256,46
CR45535,16
UbcE2H,9402
CG2258,2239
Gclc,3944
CG1575,342
CG2260,350
cyr,254
CG2116,964
CG10958,122
CG2120,36
Smox,2912
CG17982,354
alpha-PheRS,1392
CG2129,176
CG15336,1
CG10959,119
Gbeta5,3342
CG18262,221
Traf6,917
GIIIspla2,2474
CG15337,17
CG10761,3
CR45536,2
Or7a,22
CG2278,301
slpr,1366
sdt,10859
CG2147,678
sni,555
Trxr-1,10436
ND-75,16630
CG1632,1720
Corp,50
CG15343,145
CG1636,870
nAChRalpha3,2313
CR43695,0
CG1387,0
CR15345,113
CG10555,773
PIG-T,1413
lawc,1143
Trf2,4927
CG32712,2
Miga,760
CG1440,6384
CG12123,601
org-1,0
CG32713,1
CG15347,220
Es2,566
Sptr,1028
CG33223,4
CG12116,0
Cp7Fa,5
Cp7Fb,3
Cp7Fc,0
Cp36,1
Cp38,0
CR43834,22
otu,0
CG33181,831
Nrg,8113
PIP82,7402
IntS4,583
CG12112,306
Trf4-1,1078
CR46195,108
CG12111,3
spirit,448
CG12065,3652
CG12081,1027
CG12659,80
Crag,4786
Caf1-180,69
oc,963
CG12772,582
CG11284,2545
Ppt1,148
Ogg1,244
CG11294,81
CR44507,1
CR44508,0
Hexo2,3009
CG2004,1792
CG1785,816
l(1)G0020,444
CG1789,266
CR43297,0
Lim1,665
CR45537,0
CG12075,2371
Moe,12692
CG1885,464
Rbm13,209
e(r),1775
rdgA,20801
CR44111,2
CG12661,0
CG43255,0
mir-4964,0
CG10962,0
CR43836,143
CG12662,0
mir-31b,0
Nost,1648
CG15365,348
CG10970,32
CR45538,0
CG44325,4609
CG7246,317
HP1b,617
APC4,281
CG32708,280
CG32706,21
CG6999,24
CCT2,3496
mir-13b-2,0
CG7766,3558
Bx42,2223
Arfrp1,527
AP-1gamma,5326
CR45539,1
fend,527
CR44517,7
CG7065,1259
fh,202
Bap111,284
His3.3B,37335
Ost48,1099
Dlip1,70
CG9034,2260
Zpr1,668
CG44532,1
mei-P26,6819
CG12115,0
CG12057,0
CG12056,571
CG12106,211
CG12118,1133
su(r),5305
SmydA-9,2206
Obp8a,343
CG15368,95
CG15369,101
t,9255
CG15370,0
Gr8a,1
CG12121,2707
Ir8a,43
mir-4916,0
mxc,288
Larp7,305
amx,433
Dsor1,757
CG17754,16358
ric8a,1250
CR17438,1
ric8b,0
Erk7,8
CG17440,4
Cfp1,482
CG16892,277
snoRNA:CG16892-a,0
c11.1,4385
lz,507
CR44534,0
c12.1,512
c12.2,2115
CG34449,2171
CG34450,0
BCL7-like,341
mgl,25771
CG44815,0
CG32700,882
CG34028,0
CG34026,0
l(1)G0320,1589
RpS28b,25166
CG15317,117
CR42767,6
Cubn,1631
LPCAT,3383
CG42395,0
CR45540,2
CR45541,0
Hex-A,5864
CR45542,0
CR45543,16
Gga,973
Lst8,694
LysRS,1665
CG42797,1306
Ptpmeg2,3305
CG3106,28
nej,2636
CR42657,0
CR44016,0
btd,6
CR43498,1
Sp1,259
CG1354,2084
CG32698,523
Ser7,1558
CG45060,0
CG45061,2
CG32695,758
CG15247,397
CG1468,101
CG9686,12244
CG9689,4042
CG9691,14180
CG15249,17
CG1986,0
Idgf4,15463
snoRNA:Me28S-U1688,0
CG1791,595
CG1889,683
CG43386,99
CG15252,0
CG32694,404
CG33557,2
CG2990,20
Cht6,1172
CR45185,403
Yp2,70256
Yp1,118418
CR45601,853
CG15312,1073
Gr9a,0
CR45602,1
ZAP3,2559
CG2972,245
CG2974,255
RhoU,655
CR44894,104
snoRNA:Me18S-A627,0
CG12645,1
CG43902,2908
CR32690,1
CG15309,373
CR43899,3
ATPsyndelta,5703
CG2962,1
CR45629,8
CG15308,0
CG34408,3312
Ipod,26
Hk,8374
CR43959,8
CG12643,1225
alpha-Man-Ia,11755
CG2909,431
Gip,2635
CG15306,1
CG43740,696
snoRNA:U3:9B,9744
l(1)G0289,9445
CG32679,0
CG17841,6189
CG32686,2
CG2898,0
CG32681,1
Psf3,117
flw,8810
CG32683,595
RabX2,1
CG12640,0
snoRNA:Me28S-A1705,0
Or9a,12
Neb-cGP,8160
nocte,2503
CG2889,423
CG2887,0
PPP4R2r,739
CG32687,4088
spri,5755
CG15296,0
Rab9D,0
Hmr,179
CG2124,127
CG1628,877
CG43347,1729
Rab9Db,0
CG9806,0
X11Lbeta,1785
CG2111,0
Rab9E,0
CG12637,0
stx,2914
ras,7484
CR44766,0
Rph,432
Tango5,1688
Atg8a,12196
BTBD9,294
CG15211,1930
Ant2,83
sesB,0
Imp,939
CR45204,0
CR45624,0
sbr,2332
CG15210,852
CG15209,4955
CG32669,0
CG17333,1145
CG2202,560
feo,17
sofe,40
CG2186,1642
CG2157,733
CG1637,4561
Ork1,508
CR45616,0
CR45617,0
CR44524,0
CG1582,1012
CG15208,0
CG43901,1116
v,1132
CG2145,6871
Myo10A,2914
Rab9Fa,0
Rab9Fb,0
C901,3
CG42339,901
SmydA-4,200
CG1552,3570
CG1545,683
CG1537,428
CR45614,2
CG15203,747
sev,3725
CR44358,1
CR45604,22
Vago,1416
CG2076,2064
CG2061,493
CG42249,214
Hsp60A,12460
CG11122,1135
Rpt3,5577
Gtp-bp,3106
Klp10A,2346
CG44385,0
CDK2AP1,325
CR44054,43
ssp7,2754
CG15199,293
CG15202,66
CG15201,4428
Ran,4511
Lint-1,916
rtv,678
Dlic,5696
CG32668,49
antdh,3577
CG1394,6
CG15200,2
CR44765,0
CG11106,0
CG44422,2307
CG15198,0
Ir10a,4
sisA,0
l(1)10Bb,891
CG1657,5110
Kap3,1403
CG34348,849
GCS1,2042
CG11756,1
CG1738,137
CG11752,992
CG1737,998
dsh,1266
Pa1,1011
hop,611
Tim8,1160
dlg1,11538
CG15196,11
Gr10b,4
Gr10a,0
Or10a,0
Gs2,27723
Evi5,1845
Sk1,1226
HP5,514
CG43155,79
Cyp4g15,4804
Uba5,1015
Spase25,933
CG33235,1
CR44556,0
Drak,2576
mir-2492,0
CG1572,396
PGRP-SA,759
RpII215,2821
CR44266,25
CG11699,2248
Kmn1,193
CG11697,0
CG11696,620
e(y)2,186
CG11695,577
roX2,54
nod,582
CG1561,66692
CR43217,0
CR43216,0
CR43215,0
CR43214,0
CR43213,0
CR43212,23
CR43211,0
rho-4,584
CG2533,2
CG2247,1032
CG1703,1496
RPA3,106
Met,1510
Ptp10D,4614
CG2371,458
bif,7937
PhKgamma,2229
CG2444,2471
FucT6,3593
Amun,1146
mir-9370,0
CR45618,2
prtp,2972
Tango10,857
CG15221,123
inaF-D,0
inaF-B,0
inaF-A,14
inaF-C,0
CR43385,0
m,37
CG9360,1362
dy,8
Karl,1501
CR44962,12
CkIIbeta,1633
Hsc70-3,11814
CG1578,4292
rudhira,8597
CG15741,0
CR43908,2
Cyp28c1,137
CG15740,0
CR45619,0
p24-1,519
CG10347,475
ATP7,3522
Nrd1,572
CG1847,930
CG11802,953
CG15739,969
CG10352,903
CG10353,2183
SelG,1243
CG1840,69
sicily,371
wisp,5
Upf1,1403
CG43156,29
pot,12311
CR32661,3
CR43157,7
CR32660,0
Sclp,14786
CG10362,1588
cac,8862
gd,2
tsg,0
CG18130,84
fw,2279
CG1806,850
CG1492,597
regucalcin,12229
Chrac-16,200
Lsm12,2382
Tango4,481
Usp7,10190
Cyp311a1,878
Cyp318a1,156
CR43960,0
Ten-a,8356
Uch-L5R,0
Muc11A,0
CR43961,0
CG34323,0
CG12721,2
CG15734,1
CR32657,0
CR32658,0
CG11356,8
CG2750,0
CG1924,16
CG32655,1
CG45603,0
CG2577,0
Ir11a,5
CG32651,0
CG2574,1
CR32652,3
Pkcdelta,1949
CG15927,18
CR45615,8
CG15731,0
Rab40,205
CG42258,2054
Cpr11A,309
Lsp1alpha,898
Mks1,3
CG2556,312
snoRNA:Me18S-G894,0
hwt,3591
Cpr11B,1313
CG11138,3295
LIMK1,2498
CG1824,2002
Sec16,4494
CG1463,556
CG2543,790
CR45621,220
CG11085,104
CR44568,0
CG15728,10
Aven,80
CG2540,533
Tomosyn,5949
mir-970,0
CkIalpha,4411
Tis11,3516
CR33963,0
mir-9377,0
Smr,6067
CG15725,169
CR43963,0
CR45623,6
CG4004,392
CR44619,1
ade5,35562
CG12717,726
CG3812,4875
CG32647,7699
Pde9,3979
CG3775,2186
CG4661,0
CG32650,1
CG32649,1763
CG4407,1384
CG4404,1688
mRpL49,567
Brms1,777
CG4645,555
CR45625,2
CR45626,1
fne,1963
hec,108
CG32642,0
Mur11Da,0
CR43636,0
CG15721,0
CR43152,8
CG12716,26
CG32643,0
rad,2206
CG15719,0
CG2209,0
CG12715,2
CR44840,0
mir-971,0
hep,1576
lic,660
CG2200,622
CG43313,564
Fer3HCH,0
CG42237,565
CG32638,2147
snmRNA:204,0
CG15717,0
MFS10,47
CG32645,164
CG4318,0
CG4332,327
Bap60,1108
CG12096,715
Lgr4,118
CG32640,11
CG32641,108
CG12723,0
CG2453,467
sno,4122
CG44437,0
REG,2465
mew,1608
CG32639,0
CG15742,0
comt,13879
HDAC4,4817
CG15743,485
CG15744,795
CG1764,377
CG1622,393
IP3K2,3939
CR45018,0
Jafrac1,9307
CR32636,92
RpS15Aa,23828
CG15747,354
CR45708,0
CR45709,0
Syt12,1247
dmrt11E,4
CG1640,20213
Rbp1-like,647
Tim9a,435
Yippee,1262
CG1662,1759
CR44620,50
CR44621,1
CG1673,4130
CG12725,0
GstT4,5135
CG1998,1643
Set2,754
Neto,877
CG34324,0
CG15754,6
CR44427,0
CG44428,0
CG15756,2
Cpr12A,0
CG11816,8
CG32631,0
CG32633,0
CG46311,0
Tango13,776
up,15276
CR44654,7
CG11178,567
Ndc80,5
BthD,3
tth,872
Tango2,137
CG2691,1440
NFAT,2510
Lig4,458
CG11164,60
CG15760,1775
CG11162,0
CG12177,987
CG11158,446
Nadsyn,1536
Nna1,6032
CG9941,2575
mus101,330
g,2370
Grip91,1111
CG11134,592
CG11151,4059
CR42861,297
Pdcd4,6341
CR43833,3
CG32625,5
Rtc1,392
Yp3,138339
rdgB,9928
CtsB1,3139
CG11103,366
inaE,2030
CG10993,0
CG10996,3
CG11095,107
Clic,5052
Nup93-1,658
jub,596
AMPdeam,11905
mamo,5359
CG11068,1
CR44655,5
ben,6990
Ste12DOR,0
tRNA:Arg-TCG-2-1,2
tRNA:Ser-CGA-1-1,8
tRNA:Ser-CGA-1-2,6
tRNA:Arg-TCG-3-1,0
tRNA:Arg-TCG-3-2,0
tRNA:Arg-TCG-3-3,0
tRNA:Arg-TCG-3-4,0
tRNA:Ser-AGA-3-1,7
tRNA:Ser-AGA-2-1,15
Ste:CG33247,0
Ste:CG33246,0
Ste:CG33245,0
Ste:CG33244,0
Ste:CG33243,0
Ste:CG33242,0
Ste:CG33241,0
Ste:CG33240,0
Ste:CG33239,0
Ste:CG33238,0
Ste:CG33237,0
Ste:CG33236,0
tRNA:Ser-AGA-1-1,1
CR46242,0
tRNA:Ser-CGA-1-3,1
tRNA:Arg-TCG-1-1,0
tRNA:Ser-AGA-3-2,2
CR44657,1
tRNA:Ser-AGA-2-2,0
CR44658,0
CG12479,0
CG12480,0
betaNACtes1,0
CG1368,3
CG11581,0
CG11584,0
CR45995,0
CG32603,3
CG12481,0
CG11585,8
CG13403,9
yl,2
mir-4917,0
CG11590,305
l(1)G0007,1483
l(1)G0469,647
CG11674,0
mRpL38,791
CG42271,2946
Fbxl4,4616
CG1434,827
mRNA-cap,2064
CG32599,44
mud,40
CG46317,0
CG1461,596
CG13404,797
na,2044
Muc12Ea,1
CG9400,2998
CR44963,5
betaNACtes2,0
betaNACtes6,1
dpr8,784
betaNACtes3,0
betaNACtes4,0
CG9411,6
CG12540,4
CR44110,0
CR45521,0
CG14414,267
mRpS25,513
nmdyn-D6,116
CG9413,4208
NetA,273
CG5321,1254
NetB,3578
CG43088,2
hog,0
CG15890,1577
CG5334,0
CG5347,0
Ag5r2,10
Ag5r,484
CR45522,0
rut,4778
CG14408,2650
CG14411,766
CG14410,13
CG14407,1110
CG32590,298
Flo2,3309
CG12539,92
CG9522,66
CG9521,867
CG9519,813
CG9518,88
CG45065,0
CG45064,0
CG9514,137
CG9512,48850
CG9509,177
CG14406,80
CG12398,0
Eo,0
CG9503,4
CG32591,39
pdgy,4123
CR44831,0
CG9030,0
eag,1239
hiw,4637
be,1651
CG5541,1874
ND-B18,1901
opm,638
dob,275
Lsd-2,5093
CR44662,98
CR44661,21
CG33177,7
CR44960,49
CG33178,1627
CG9065,457
CG15027,270
CG5599,701
Rab3-GEF,7050
CG9072,0
Cyp4s3,1425
drd,2923
RpL37a,15396
CG9095,322
CG43737,1560
CG32588,0
CG5662,2
CG43075,0
CG43076,0
CR44430,0
CG9101,0
PPYR1,0
CG9106,0
CR44663,3
CR44664,0
CG5877,838
CR44429,42
gce,3579
CR44961,9
Top1,2033
mir-4957,6
dah,8
CG9114,125
HDAC6,6070
CR44998,85
CG9123,248
CG12608,477
CG6227,709
acj6,159
Pp1-13C,0
CG9164,1365
Cngl,2826
Scamp,1196
Ahcy,2543
CG11655,1010
shtd,456
CG6299,0
CG6294,0
CG15642,155
CG15641,1
Grip128,419
CG6308,104
mh,31
CG6324,0
CG6340,2025
Gmap,2762
CR44888,0
mir-283,0
mir-304,0
mir-12,0
Ac13E,1491
CR44353,0
CR44354,0
CG42300,0
CG7860,294
CG15643,291
CG9213,247
CG42299,3
betaNACtes5,0
cerv,234
CG7872,1065
CG9215,269
CG8097,139
CG9220,1025
CG8105,0
sog,3412
CR44423,46
CR44893,0
CG8117,1
CR43299,0
CG8119,0
CG15646,0
CG12708,3
CG15599,0
CR43132,0
CR45523,0
CR45524,0
CR45526,0
CG8128,2839
CG9240,622
Pis,8778
CG8134,553
CG9281,6679
CG15601,172
CG8184,8128
CG8191,105
CG12379,125
MagR,1722
Arp6,610
CG11679,274
CG8206,1830
CG8944,682
CCT6,2619
CG8239,242
Graf,4373
CG8260,0
mRpL3,589
CG17209,441
CG8952,1
CG33172,188
CG43672,10
CG43673,0
Efhc1.1,14
Paf-AHalpha,382
mRpS30,1558
Rhp,771
CG8974,3737
CR44383,0
CG32581,3
CG15602,477
PGRP-LE,489
sd,4611
CR44384,2
CG8509,0
Chc,24790
CR32582,46
CG8565,3
ArgRS,1244
CG8578,1921
sun,9991
UBL3,2321
CG15914,75
Myb,2639
AlkB,175
Gbeta13F,16967
Gapdh2,42709
CG16952,2657
tay,2072
MSBP,7806
CG15916,968
shi,18468
CycD,539
Lrp4,9472
CG8916,684
Lcch3,2045
CR45000,13
Ranbp16,2672
Stim,4823
CG8924,572
Rrp47,501
mmd,6223
mir-927,0
CR45527,6
Or13a,28
CG42766,19
CG9170,2991
CG8931,1129
ND-20,5856
eIF5,245
CG46312,0
exd,7529
CG8939,649
vap,3451
CG12698,5
Muc14A,6
CG12395,1
dpr18,1169
Nipsnap,3362
Tob,9628
mir-4958,0
CG8958,1
CG42353,0
CG42354,0
disco-r,588
CR46211,0
mir-985,0
disco,96
snRNA:U5:14B,619
snRNA:U2:14B,74
CG12507,17
kat80,2275
Mfe2,4822
Prosalpha4,6159
eas,5437
CG32576,461
UQCR-14,11347
caz,319
CG9911,2001
CG3632,3635
CG3679,3
CG9914,4405
CR45485,19
CG9915,910
SWIP,365
Cyp1,16886
CG9917,5707
CG32579,670
CalpC,831
CG9919,2202
CG9921,1090
Dsp1,7404
sl,1365
U2af50,3040
PIG-Q,320
nonA,701
Fur2,6155
CG9992,893
CG4239,2527
TH1,647
mei-41,282
CG9981,0
CG4301,393
Traf-like,23
AnxB11,2318
hang,2375
CG9947,546
rngo,938
eIF2alpha,2217
CG34015,130
eIF4H1,2595
para,7645
Cnx14D,0
CG9903,1
CG9902,322
Arp2,2285
Pp2B-14D,2306
CanA-14F,4171
CG13014,183
SMC3,1301
Ubc7,1970
CG9784,573
Nup153,3065
mir-4965,0
mbt,1890
CG9782,311
Rok,3036
CG9777,0
CR45001,2
RpS19a,10845
SNRPG,489
mthl1,808
CR46147,4
CG32573,0
CG42512,0
CG9723,571
r,1085
CG15865,3
CG13012,655
CG13010,9
sing,15
Axs,1258
Sep4,1753
CG4678,3644
CG9676,6160
spheroide,4
CG9673,1
CG4653,0
CG9672,2
CG13008,106
CG34325,1245
CG32572,5
goe,2406
TwdlX,0
TwdlY,0
TwdlZ,0
CG32568,0
Twdlalpha,10
if,6519
mRpL22,848
CG9609,579
Sap30,212
Rrp45,243
CG4768,910
CG9132,1319
CG4789,752
CG9125,306
CG13005,149
CR44053,7
ppk28,77
CG4829,1096
CR44129,40
CG46306,0
CG13004,0
RSG7,1189
CG13003,1231
CG4872,750
Nprl2,557
Rcp,223
DENR,1294
CG4880,107
CR43768,0
CG13002,7
CG33252,3
CR44754,87
CG4928,2378
wus,83
CG13001,247
RhoGAP15B,1565
CG13000,0
Ubr1,11322
CG45002,7337
CG43996,5
CG43997,0
CG43077,2
wcy,1070
CG4949,143
CG8945,4
CG4955,1
CG16700,0
CG4991,2383
Arpc3B,218
CG5004,949
mei-218,8
mei-217,0
RpS5a,25610
snoRNA:Psi28S-1192d,0
snoRNA:Psi28S-1192c,0
snoRNA:Psi28S-1192b,0
snoRNA:Psi28S-1192a,0
snoRNA:Psi28S-2876,0
snoRNA:Psi18S-1854c,0
snoRNA:Psi28S-1135f,0
snoRNA:Psi18S-1854b,0
snoRNA:Psi28S-1135e,0
snoRNA:Psi18S-1854a,0
snoRNA:Psi28S-1135d,0
snoRNA:Psi28S-1135c,0
snoRNA:Psi28S-1135b,0
snoRNA:Psi28S-1135a,0
Chchd2,1301
xmas-1,53
xmas-2,517
baz,7582
CR44026,1
CG8918,0
CG5070,1
CG32564,12
CG32563,2
CG12995,173
CG18258,19
CG5162,2694
CG12998,4273
CG5172,4320
CG34327,2609
CG10598,0
CG10597,0
f,291
CG8915,356
CG42854,1
CG8675,467
CG8664,0
CG5445,829
CG8661,1
Fim,6141
B-H2,295
CR43491,0
B-H1,257
CG8611,526
CG12994,494
CG5613,1484
p-cup,3
CG8568,7
CG43658,4011
CR44692,1
ppk23,31
Ankle2,2326
CR44124,9
CG12991,3932
CG12992,0
X11L,3504
stas,5336
CG8326,157
corolla,0
ND-24,4521
CG8289,1588
CG5800,302
RhoGAPp190,2471
IntS2,536
beta-Spec,30005
CG12990,7
chas,4043
CG8188,871
par-6,1616
CG8173,110
CG42684,3982
unc-4,54
OdsH,75
CG12986,2
Socs16D,818
CR44691,2
CG6398,2882
e(y)1,81
CG8142,84
Ucp4A,1132
CG15814,1331
Spt7,222
CG32554,33
CG32557,3
CG6762,451
CR43981,9
Arp8,372
CG6769,929
mnb,4571
CG12985,10
CG6788,0
GSS,0
CR32496,1
CG32495,1
CG7772,669
Vps4,2998
CG6847,895
Sh,9279
CG12672,0
CG6867,405
CG15373,2
Dhc16F,13
CG7536,2470
Ada3,865
CG7206,846
scu,2959
RhoGAP16F,207
Mvb12,499
Taf8,55
CG7135,1273
wupA,21937
CR45605,8
CR45606,2
mir-969,2
CR32553,106
mir-210,12
CG43133,5
ari-1,1779
CG43229,1
Frq1,1272
Frq2,714
Andorra,0
Hesr,0
Him,2
CG33639,450
CR45622,0
upd2,10
CR45607,2
CR45613,0
CG15059,1
upd3,7
CR15061,0
upd1,0
CR45608,1
CR45609,0
CG6023,130
CG6123,642
CG6106,59
CrebB,3186
CR43686,0
por,294
CG6179,220
betaCOP,3805
Tsf1,45680
CG32549,6226
CG34328,0
CG15056,0
CG42323,158
CG32548,16
CG6290,948
CG32551,37
CG43841,20
CG32547,274
CG43843,0
CR43842,0
Hayan,694
CR45714,12
psh,736
CG15046,215
CG15044,0
CG15043,9
CR45627,0
GalNAc-T2,1563
Xrcc2,1
Wnt5,328
Ggt-1,1533
CG6470,3
HisRS,0
Bx,1879
CG6481,1
CG15042,0
CG15047,0
tRNA:Pro-CGG-2-1,0
CR43492,17
CG15040,3
CR43289,0
CR44705,2
wgn,1727
Rip11,3660
CG6540,150
CG6617,1066
Ing3,539
CG6659,811
fu,647
CG6696,15
CR45514,5
CR45710,0
CR44707,1
phm,15
Cyp18a1,425
CCKLR-17D1,287
Cyp308a1,160
CG42302,0
CR45512,0
CR45513,0
CG6873,0
CG12609,0
CCKLR-17D3,555
CG6891,2347
CG18259,501
CR6900,14
CG6961,494
S6KL,4194
Atg101,0
bnb,3213
CR44841,22
CG7058,710
CG42450,3053
CG7101,151
Pvf1,696
htk,2209
CG7280,580
CG7322,1966
Usp39,243
CG32544,2128
CG7326,613
CG34401,3303
CG7332,2283
CG7358,1922
SdhBL,0
CG7378,2876
CR44708,23
CG43759,1069
Diedel3,0
CG14190,0
CG34330,538
CG7406,2
CG14191,8
CG7423,0
CR45503,0
CG15882,0
tgy,2
CR45711,0
Obp18a,1702
RhoGAP18B,3139
Inx5,23
mir-4959,0
CG33939,1315
CG7556,1576
CG7453,859
CG33253,2
Mec2,351
HP1D3csd,27
CG7914,78
CG14194,768
CG7990,928
Ulp1,1924
CG14195,0
Mur18B,15
Muc18B,0
CG7884,25
CG14196,1055
CG7889,164
CG7992,1
Hs3st-B,167
rictor,1655
Vav,1257
CG8010,432
CG32537,231
CG32536,60
CG8028,3
CG8034,2705
CG8051,601
snmRNA:763,0
out,3198
nAChRalpha7,4062
kek5,1689
CG32533,562
CG12200,3
mRpS14,566
Naa15-16,1776
CR43260,0
pcm,1358
ND-18,3262
CG12204,182
ksh,169
CR44340,25
Pfrx,0
CG14200,3007
l(1)G0156,9993
CoRest,2762
CG12231,1
CG32532,35
mir-972,0
mir-9369,0
mir-973,0
mir-974,0
mir-2499,0
mir-4966-1,0
mir-4966-2,0
mir-975,0
mir-976,0
mir-977,0
Grip84,1083
mir-978,0
mir-979,0
car,1355
Tao,5599
CG14218,37
CG14204,0
CG14219,0
CG14205,0
RpS10b,6743
CG14220,737
CG14207,16070
Shawn,0
Tyler,0
CG14210,293
Tim9b,0
CG12788,0
CG14221,200
Naa20A,276
MKP-4,472
CG14212,7
e(y)3,2380
Rcd-1,1116
CG12237,2825
Sec61gamma,2251
Arp10,1115
Ranbp21,1061
CG14215,1125
CG14223,154
Ssu72,361
CR44512,5
Zw,1141
et,524
dome,1316
Ubqn,2510
CG14227,0
Mer,603
CG14229,307
Cdc42,3050
CG14231,240
CG14232,776
CG14230,376
meso18E,794
CR44889,3
CG12531,2303
AP-1-2beta,4152
CG14234,1645
COX6B,9628
CG18809,0
CG33932,0
Rpp20,0
CR45501,2
parvin,2188
Alr,150
Pmp70,1541
CG12702,10
zld,97
CR44885,1
SkpD,0
SkpC,0
SkpE,0
pico,2507
Nup205,787
THADA,291
Hers,3156
amn,4
CG45486,0
CR32821,0
CR45495,0
CG45487,0
CR43377,0
CR45496,0
CG45488,0
CR43378,0
CG45489,0
CR43379,0
CR45497,0
CG45490,0
CR43380,0
CG45491,0
CR43381,0
CR45498,0
CG45492,0
CR43382,0
CG45493,0
CR43383,0
CG45494,0
CR43384,0
CG43784,0
CG12655,590
Nep3,2657
CG17003,0
Dop2R,5965
tRNA:Pro-CGG-1-1,0
CG9570,1
CR45628,0
fd19B,0
Or19b,3
CG42581,0
karr,1
CG34331,417
CG15322,72
CG42583,0
CG34332,0
Or19a,3
CG9572,2179
Rab35,826
Phf7,12
CG9577,614
CG9581,647
CG9578,393
AnxB10,4533
Sdic1,2
CR33491,0
Sdic2,0
CR33496,0
Sdic3,0
CR33487,0
CG46275,0
CR46272,0
CG46276,0
CR46273,0
CG46277,0
CR46274,0
Sdic4,0
CR33498,0
sw,1146
CR45465,4
obst-A,3264
Peritrophin-A,955
CG17068,561
Rab10,4815
CG17065,249
CG42577,0
Inx6,0
CR45504,0
CR45505,0
CG1504,85
CG1631,0
CR46072,0
CG12679,0
CR34311,0
jb,2
l(1)G0004,106
Syx16,793
HERC2,3466
CG15459,6
CG15458,0
Obp19a,60
Obp19b,294
Obp19c,273
Obp19d,24368
Pp4-19C,708
cactin,168
CG15456,333
CG11710,769
mal,435
CG1695,1336
CG42578,10
CG32506,1258
GstT3,720
RhoGAP19D,4558
CG15461,13
CG1812,921
Tak1,2215
CG42579,0
RunxB,133
CG42580,1
RunxA,125
CR45466,5
Cyp6v1,1243
CG1835,36
hydra,0
CR43862,0
CR45610,3
run,21
CG1324,0
CR45059,0
CG15452,0
CR44710,0
CR43838,19
shakB,3688
CG32507,0
CG15450,1
CR43193,0
CG1314,0
CR11235,0
I-3,0
CG11227,0
Npc1b,4
Ser6,0
CG1304,0
CG44426,0
CG11666,0
r-cup,22
CG1532,1361
CG1529,300
Ntf-2,1184
CG15449,238
Mgstl,2677
CR44431,20
Cbs,609
Stt3A,1119
snoRNA:Me28S-U3344b,0
scaRNA:MeU2-C28,0
snoRNA:Me28S-U3344a,0
bves,2180
CG32512,220
CG11566,0
stg1,0
CG15446,4
CG1503,3
unc,1
CG15445,2583
CR44374,33
CG34120,23403
CG45154,0
CR45499,0
CR32511,0
CR45506,0
CG14579,0
CG1724,2
CG32521,6345
CG32523,3193
tRNA:Ile-AAT-2-1Psi,0
tRNA:Arg-TCG-2-2,0
CG1722,0
CG1494,9
CG1718,5390
mir-1007,0
mir-2535b,0
tRNA:Tyr-GTA-1-1,0
tRNA:Tyr-GTA-2-1,3
CG1801,18
Rpt6,4618
CG33713,0
SLIRP1,0
Dd,1680
CG1486,1645
tty,1079
fliI,544
dod,302
peng,1346
sol,3342
Sep1,1177
waw,0
bbx,0
CR45612,5
CR45611,2
slgA,9897
Hlc,2954
snoRNA:MeU6-A47,0
mst,146
lcs,1284
CR45500,0
whe,1597
CR45003,0
DIP-beta,840
CG10918,0
CR45507,0
CR45508,0
Ir20a,0
CR45509,0
CR45510,0
CR45511,1
CR45082,94
Cyp6t1,0
CR44711,0
GCS2alpha,9342
CG17450,1
CG33502,0
CG32820,0
CG32857,0
CG32819,0
CG32500,3
DIP1,1114
CR44712,0
flam,271
CG40813,0
CG41562,0
CG14621,334
CG14615,200
tilB,18
wap,1308
Usp2,2988
CG14613,512
CG14618,288
CG12576,6387
Cp110,217
l(1)G0196,5719
CR43493,15
CR43962,1
CG17600,709
S6kII,0
CG17598,1983
CG17599,65
CG17601,0
Cda4,1391
CR44997,885
CR44109,0
CR45464,1
CG12446,0
fog,3475
CG42346,2649
mir-2491,0
CR43656,4
CG34334,0
CR41352,1
CG41106,1
CR45502,28
CG40486,2701
CG40485,15899
stnA,0
stnB,0
CR45009,98
FucTC,0
CR45010,12
Rab21,546
CG13865,1618
zyd,3672
CG12061,7
CG17167,395
CG17163,588
CG17168,1139
CG17169,17
CG17159,0
CG17162,238
CR43480,547
su(f),912
ATbp,228
28SrRNA-Psi:CR45853,0
5.8SrRNA-Psi:CR45854,0
2SrRNA-Psi:CR40677,0
28SrRNA-Psi:CR45855,41
18SrRNA-Psi:CR41602,12
5.8SrRNA-Psi:CR45857,0
2SrRNA-Psi:CR45858,0
28SrRNA-Psi:CR45859,364
28SrRNA-Psi:CR40741,18
28SrRNA-Psi:CR41609,108
28SrRNA-Psi:CR45860,1
pre-rRNA:CR45856,4
28SrRNA-Psi:CR45862,0
5.8SrRNA:CR40454,0
18SrRNA-Psi:CR45861,0
5.8SrRNA-Psi:CR45863,1
2SrRNA:CR45864,1
CG11023,1
l(2)gl,5662
Ir21a,68
CR43609,71
Cda5,4546
CR46254,8
CR45339,0
CR45340,1
dbr,1261
CR44987,49
galectin,4369
CG11374,204
net,142
Zir,3029
CG11377,728
Nhe1,823
Sam-S,9063
ND-15,3430
CG13694,18
CG4822,1528
CG3164,11819
CR44969,0
Gs1,0
CR44185,0
CR44186,0
CG31975,0
ovm,0
CG31974,1004
CG11454,0
CG42399,548
CG3709,158
CG3436,1183
CG33635,232
spen,12849
mRpL10,685
CG11617,213
Tbc1d15-17,987
kis,10645
CR44220,1
CR44222,4
CR44221,4
snoRNA:kis-a,0
CG13693,2
mir-965,0
CR44218,14
Rpp30,145
CG3645,223
CG17075,0
CR44219,0
CG3345,30
mbm,308
CG11555,358
CG17078,436
smo,978
CG11601,820
CG3625,5063
CR46262,9
CR46263,30
Amnionless,0
CG11562,346
U2af38,727
Stip1,2313
Pi3K21B,2265
Plc21C,2622
CR43719,1
CG11912,0
CG11911,0
CG33127,0
CG43755,1
CG31921,0
Ent1,1412
CR45367,15
CR45366,16
al,14
CR43718,0
CG4213,3891
RpI135,433
AP-2alpha,9567
ebi,1562
CG13690,18
RpLP1,21971
CG11885,404
CG13692,1
BBS8,36
ex,827
CR43717,0
crq,9351
shv,1039
CR43080,0
CG4133,920
CG4297,755
MED15,537
ush,219
cbt,2333
CR46258,0
CR46259,0
lwr,1413
Spp,1403
Ets21C,154
nAChRbeta3,745
rempA,184
Tspo,3023
CG11835,292
CG2794,320
Nle,503
Sf3b1,2385
Ipk2,276
cold,1305
Ptth,10
Pph13,990
Gsc,10
CR46148,0
CG13689,108
CR43648,1
CR43649,0
lectin-21Cb,0
CR44797,0
CR44798,0
lectin-21Ca,0
CG2839,0
CR45369,2
ds,1972
CR44988,0
CR46260,2
Hsp60B,1
Eaat2,7339
GABA-B-R3,902
CR44614,0
CG12506,19
CG13946,11
CG13947,145
Gr21a,3
CG3544,5
Pkg21D,656
CR45259,0
Nnf1b,50
Dbp21E2,246
Saf6,529
Pex12,251
CG15880,1
PGAP2,175
Clp,167
CG3662,14498
CG3862,355
dock,1542
drongo,5229
CR44060,7
CG4291,409
kraken,2208
CG13949,14
CR45345,5
mir-375,0
CG13950,295
aru,2935
snoRNA:Me28S-U1230,0
dbe,371
PNUTS,4712
CG15824,21
ninaA,2521
CR45348,1
Lsp1beta,2050
snRNA:U1:21D,22
CR45261,0
CR44061,0
GluRIIC,94
CG4341,3835
CR44801,0
IA-2,38863
CG4375,0
CG4415,0
S,1488
ast,360
Atg4a,1713
CG4629,1553
mtRNApol,1201
CG14339,1
CG14340,99
Pino,6384
CG4552,1577
Iris,1372
CG4577,3569
CR45717,3
MFS3,139
l(2)10685,120
Tfb4,40
Vps29,509
capt,3414
CR43767,3
Tango14,571
CG5080,8544
IntS14,273
CG14341,472
Plap,1479
CG31922,106
Charon,1076
CG4887,2541
CG4896,687
CG5126,424
Tgt,205
CG5001,835
CG5139,0
CG43348,0
CG43349,0
CG5011,0
CG14342,17
CR45346,0
CR43263,0
CG42329,496
CG5397,3821
robo3,1131
a5,826
CG5440,0
CG33923,0
CG33922,1
Cdlc2,0
CR45005,3
CR45006,0
CG5556,0
CG5561,0
CG31924,1
CG5565,1
CG31659,11
NLaz,5672
CG14346,0
CR44898,0
robo2,551
CR44897,0
CG43401,0
snRNA:U3,0
CG43402,469
CG31928,1
CG33128,0
CG31926,0
CG31661,0
CG18131,2
CG7420,412
CR44064,1
CG18132,1
halo,0
Or22a,11
Or22b,15
haf,1036
CG10869,16
CG31935,1458
CG14352,151
RFeSP,12320
CR44603,6
CR45695,0
chinmo,2756
cpb,970
CG17660,1080
CR44976,10
mRpL48,428
frtz,649
Rim2,2956
Eno,31708
Rrp40,248
CG31937,1587
CG17652,300
CG17646,3471
CG17712,413
CG17648,0
Gr22f,4
CG17650,8
Gr22e,0
Gr22d,0
Gr22c,1
Gr22b,4
Gr22a,0
CG31933,0
CG31664,64
c-cup,12
mir-2280,0
wry,5586
CR44073,0
CR44074,0
CG31663,1425
CG7295,0
CR44075,0
CG15358,0
Wdr62,10238
tRNA:Gly-GCC-1-1,1
CG15357,0
CG33673,7
erm,183
tRNA:Arg-TCT-2-1,0
Der-1,1726
CG15356,259
CG15362,136
CG7289,1339
Got2,12392
Npc2a,5799
CR42874,89
Obp22a,1
CG33543,1491
CR43464,9
CG15353,106
CR45712,1
Nplp4,11
tRNA:Gln-CTG-2-2,4
tRNA:Gln-CTG-2-3,0
CG4238,3880
tRNA:Gln-CTG-2-4,1
tRNA:Gln-CTG-3-1,0
tRNA:Gln-CTG-2-5,0
tRNA:Gly-GCC-1-2,1
CG42296,1
lectin-22C,0
Su(dx),4941
CR45298,8
Kebab,10
Or22c,0
dpr3,1062
CG12674,0
CR44808,0
CR44055,0
CG4259,548
GlyP,31645
tho2,2720
CG11723,541
TBCD,1320
AIF,642
CG15382,42
aop,1829
CR43751,9
CR44066,1
tRNA:Arg-TCT-3-1,0
CR45290,16
CG10874,864
CR44065,128
CG34172,2325
CG31668,2
CG33124,5
CG15385,1255
Uch,3009
CG34174,46
CG10880,232
CG42371,0
CG15386,0
mio,422
papi,2201
CG15387,78
sau,2790
CR44114,42
Sec24CD,3032
CR44115,10
Tengl3,0
Tengl2,0
Tengl1,0
CG4267,3417
CR42859,7
Ser12,0
CG17239,0
CG17234,0
Send1,0
CR44787,0
CR44788,0
CG4270,0
CG34049,0
CG17242,0
CR43753,0
CR43754,3
CG4271,0
CG31681,0
CG42658,0
CG17237,0
robl22E,0
CG31949,0
CG16995,1
CG9967,245
eys,10016
Rab5,5388
Axud1,1500
CG3597,3183
CG3609,1096
CG15390,129
CR44982,0
Atxn7,1202
Eogt,507
PIG-Wa,70
CG3557,1
CG43750,6
VGlut,13144
CG18641,194
CG31948,0
CG34448,1
CG34447,3
CG9886,882
CG44139,0
CR44912,28
dpp,1328
tRNA:Tyr-GTA-1-2,7
tRNA:Tyr-GTA-1-3,5
CR45286,1
Slh,1835
oaf,1826
CR44607,0
CG3528,0
CR46069,0
CR44112,0
CG3515,0
CR44113,4
Cyp309a1,1013
Cyp309a2,1128
Rad1,0
Sws1,0
insv,70
Elba2,6
ND-B17.2,3454
Arpc5,436
Drp1,3125
CG15394,435
CR44790,0
CR44789,0
CG15395,0
CG43403,0
lncRNA:TS11,0
CR46328,0
lncRNA:TS4,0
CR43852,0
CG9962,0
CG43851,0
CG33125,0
Prosbeta4R1,0
Or23a,8
Prosbeta4R2,0
CG9879,0
Gr23a,1
CG31690,1296
CG15398,1
CG31689,6209
mir-4914,0
Hrs,1618
CG9961,4
Cwc25,117
Pgk,4253
Bacc,10384
CR44772,5
CG9960,0
Snapin,0
Tnpo-SR,602
CG3077,707
aph-1,514
Taf10b,595
Taf10,635
colt,3684
CG2862,1343
CG15399,23
Syt1,20655
CR43821,0
daw,1313
CG2964,2
G6P,227
Duox,2215
CG3123,0
CG3119,202
Cpr23B,0
CR45342,0
CG2975,29
CG18558,0
CG18557,37
CG3117,67
CG2983,6
CG3104,1278
RpS21,8196
CG2991,5285
CG31694,6548
CG8813,12
CG8814,2482
Prx6005,254
CG31950,109
betaggt-II,675
NTPase,3931
lilli,1951
Rbp9,19666
Ts,57
Rrp1,270
gammaTub23C,781
CG9641,657
CG3165,760
CG9643,322
Chd1,4121
Bem46,849
okr,238
CG3558,3407
CG17265,228
CG17224,2400
CG17264,490
alpha4GT1,1040
CG3542,595
Sf3b2,1506
CG17219,90
CR44147,0
GABPI,1441
CG17258,29
SerRS,1855
CG17260,371
cnir,446
CG17221,552
CG17261,16
FASN2,46
snRNA:LU,0
snRNA:U5:23D,0
FASN1,36829
toc,5488
PpD6,0
CG15403,0
ND-B14.5B,4826
Mad,1746
gkt,555
CR31953,0
Hydr2,2675
tRNA:Ser-AGA-2-3,26
CG44002,76
CR44003,14
tRNA:Ser-AGA-2-4,58
CG31698,2
CG15404,0
CG34393,965
CR45336,0
CR45337,2
CR45338,3
CR45706,54
CR44484,0
CG3347,4
CG3332,7
CR44485,0
CG9664,578
CG9663,625
CG3277,133
CG15406,0
Fign,13
CG8837,375
CG33281,758
CG33282,0
CG3285,1
CG15408,0
E23,307
CG8838,1
CG34394,3421
CG15412,366
CG9662,170
Ptpa,575
CR45301,0
Sfp23F,0
CG42460,0
CR44791,0
lncRNA:TS15,0
CG34175,0
pgant2,3428
CG8840,0
CG31952,0
CG2772,174
Snx1,2004
CG12795,966
Cog3,418
Sec5,1633
CG3246,2044
msl-2,458
mir-4971,0
ND-PDSW,5142
Pif1,86
CG31776,8
pgant4,14
CR45372,0
CR43928,5
Thor,1518
CG15414,2097
tim,11091
CR45299,2
CG31954,82
CR45300,2
LeuRS,1727
CG17593,2087
CG3213,0
CG8851,5
Sr-CIV,0
CG8852,173
Spindly,20
IFT57,31
CR44308,0
drm,225
CR44309,0
CR44747,1
CR43822,0
CG43815,0
sob,98
lncRNA:TS2,0
CR43823,0
odd,53
CR44310,0
Dot,561
CG15418,24
for,9384
mir-4972,0
Drgx,428
Sfp24Ba,0
Sfp24Bd,0
Sfp24Bb,0
Sfp24Bc,1
CG16704,1944
CG3513,193
Acp24A4,0
CR43364,4
CG43165,33
CG16713,1840
IM33,10850
CG3604,273
CG10031,1218
CG42464,11
CG42465,2
Sfp24C1,1
CG42467,0
CG43145,0
CR44311,0
CG2816,92
CG31778,1373
CG31777,369
cutlet,154
CG31955,529
CG2818,1217
lectin-24A,38
Shaw,1448
CG10019,232
CG43707,1485
CG43703,0
mir-1004,0
CR43704,20
bowl,986
CG31960,0
CR31958,1
bark,3383
Reph,2011
CG3407,286
CR44076,0
CR44077,0
slp1,178
slp2,297
CR44983,0
CR45451,1
CR45449,0
CR45450,0
CR44078,0
CG3964,2
Cep97,1174
CG31957,134
capu,1808
fred,1264
CG31773,0
CG43797,0
CR45344,0
CG34176,0
CG15422,0
CG15423,0
CG43773,0
CG43774,1
ed,5915
CR44984,1
snoRNA:Me28S-C437,0
Sr-CIII,1
Sr-CI,667
CG2955,5
Or24a,0
CR45791,2
CR44057,1
TBCC,578
lectin-24Db,790
CG3714,3506
ft,2082
CG3702,2158
RpL40,8201
CR44608,26
CR45720,0
CR44058,3
CR44059,1
CR45294,0
CR45295,0
CR45296,0
CG15425,1
CR44080,0
Art2,3
tutl,3626
bdl,32685
Atet,5941
mir-1005,0
CR44697,0
CR44698,1
CR44699,0
CR44700,0
CG15429,0
CR45363,9
Traf4,472
CG17612,166
Vps53,1204
Psf2,195
Tps1,26693
CG3652,568
l(2)k05819,1468
CG33003,0
Dim1,258
CG15431,3103
CG43055,1
tRNA:Trp-CCA-2-1,0
CG34177,0
CG34178,0
CG43056,0
Sfp24F,1
CG15432,243
morgue,762
Elp3,644
MFS18,784
CG15439,414
CG15440,571
ND-B8,14
Gs1l,3763
RpL27A,23296
snoRNA:Me18S-C1831,0
mRpL27,812
CG15435,245
CG15443,544
CG15436,70
FIG4,676
ine,2183
dpy,20936
HP6,0
CR43716,0
CR44609,0
CR45452,0
BG642163,0
CG15635,0
CG43798,0
CG3355,0
lncRNA:TS6,2
CG11929,0
Bsg25A,0
Elba3,0
CG3251,0
CG34351,2425
Taf12L,4
CG15631,28
CG15630,5270
CG42523,0
CG3294,121
Clect27,2566
CR45297,0
CG15629,1013
CG3225,246
mir-4910,0
CG15628,1952
Fnta,869
mir-4912,0
Ir25a,195
tank,883
CG12194,1788
mxt,5901
CG11927,546
mRpS2,587
Mon1,1151
smog,1621
Cf2,501
CG3008,2629
CG15625,2
CR45716,5
CG3036,13825
CG2837,400
hoe1,17011
hoe2,3543
Sgs1,0
CG14044,48
mRpL24,1042
betaggt-I,946
jet,438
Jon25Biii,0
Jon25Bii,0
Jon25Bi,0
Marcal1,201
CG34124,2
CR43824,0
CG34125,430
eIF3i,6922
Scox,656
CG3756,408
l(2)05714,355
CG14043,1156
mRpL28,3012
Gmd,304
CG3792,885
CG8891,471
CG8892,432
CG34126,3922
Rtnl1,22665
CG31917,0
Tfb5,0
CG3887,1697
vkg,12498
Col4a1,10271
SP555,0
CG14042,0
CG31650,657
CG33995,0
CG44001,0
CG44000,0
CG9121,665
eIF3h,5718
senju,453
CG14036,1
His3.3A,2813
CG31918,142
Rpn11,6086
CR45291,3
qtc,8667
CR43820,8
mir-2495,0
CR45305,23
RpL37A,11435
pgant5,3821
CG5828,242
CG4230,3509
ND-13A,4035
Msp300,37949
snoRNA:Psi28S-2263,0
snmRNA:765,0
snmRNA:128,0
snoRNA:Psi18S-525k,0
snmRNA:158,0
Cyp28d2,204
Cyp28d1,6783
CG7742,94
CG14034,119
TpnC25D,30647
tkv,2437
tRNA:Asp-GTC-2-1,3
tRNA:Asp-GTC-1-1,0
CR14033,53
CR44744,0
Cyp4ac1,506
Cyp4ac2,90
Cyp4ac3,238
Bsg25D,2200
Bub1,634
CR44743,0
CR44742,0
vri,4494
CR45730,0
CG14024,656
Ncoa6,1147
CR44985,5
cype,5945
CG14022,494
TotM,496
fusl,1584
CG12512,2240
nompC,140
CR42850,0
CR44745,0
H15,93
CR43713,0
CR43714,0
CR43715,0
CR31647,0
snoRNA:Me28S-A2486,0
mid,67
CR45287,0
CG14020,21
CG7382,1111
cl,2486
Vps52,1423
CG6907,757
CR44793,9
Cap-D3,561
CG31648,0
CG31915,0
CG7277,1277
tomb,0
CG14015,756
Hel25E,1695
Lam,1127
Oscillin,1244
CG14014,1
CG18269,0
CG14013,1
CG14017,0
GluRIIA,701
GluRIIB,34
CR44794,2
snRNA:U4:25F,3
CG14011,0
CG7251,1
CG18266,1
DIP-eta,680
CR44795,0
CR44796,0
Cyp6a16,27
DIP-theta,544
CR44822,0
mir-959,0
mir-960,0
mir-961,0
mir-962,0
mir-963,0
mir-964,0
CR44821,0
Hsp60C,2
CG12511,0
CR44819,1
CR44820,0
CG7236,178
CG14007,4
CR44818,0
CG34011,5
CG11149,0
sip1,308
CG11030,934
CG14006,0
CG11147,7270
CG11029,0
obst-E,1779
CG9171,2705
CR31912,8
CG31913,0
CG14005,224
CG7239,749
CG11034,41
CR44575,0
CR44576,0
CG43307,0
CG31644,1
TrissinR,677
rau,413
CG44574,0
Sfp26Ac,0
CG43185,3
CG9029,24
CR44577,0
CR44578,0
Acp26Ab,0
Acp26Aa,0
CR44579,0
CG9021,0
CR43808,0
bchs,5401
CG14000,0
CG9016,26
CR43926,0
dsf,10
CR45288,0
CR45289,0
Sfp26Ad,0
Gpdh,19954
CR44986,5
CG9044,2971
CG13999,291
CG13998,0
Vm26Ab,0
Vm26Ac,0
Vm26Aa,0
psd,2
CG13992,1
Ucp4C,0
Ucp4B,1
CR43465,7
chic,5192
eIF4A,56766
ifc,1209
lid,3308
Tsp26A,1215
Gal,1785
CR43866,19
CG9098,255
H2.0,6
CG13996,0
CG9107,206
CG9109,195
mtm,1256
CG9117,76
CG31643,280
ade2,9414
mir-966,0
slmo,106
CG34179,0
CG12393,437
CG9135,780
CG13995,261
CG34180,359
ND-51,14913
CG13994,266
Fbw5,630
CG9147,415
CG9150,147
Pfdn1,577
CG9154,150
Kr-h2,1333
CR43801,4
CR9162,12
CR44773,14
Kr-h1,1596
CG45075,0
CG9175,303
stai,6522
CG31642,0
Arpc4,1131
WDR79,138
tctn,0
B9d2,0
CG9222,0
CR45719,0
CR44824,0
CG13991,0
Muc26B,0
CG31639,0
CG13989,0
smal,1421
Ugt37b1,10
CR44823,0
Ddr,1208
AANATL2,0
CG13983,0
CR42735,0
CG43922,0
CG13984,0
PDZ-GEF,2051
Pez,594
Cpr,5535
CG9497,3529
CG9498,1677
ppk7,9
ppk14,3
CG9500,0
CR44777,0
CR44778,0
CG9505,166
slam,17
DIP-epsilon,3785
CG9507,1102
CG42370,0
CG42369,0
CG13982,323
Tig,10530
Fic,775
CG9527,3020
retm,8375
frj,3815
Rchy1,334
CG9531,919
mmy,8246
CG9536,1009
Sec61alpha,5435
CR45463,0
Daxx,1149
KFase,2332
epsilonCOP,1567
Phf5a,179
CG31638,2078
CG9547,937
CG9550,9
CG31637,4796
CR44775,0
eya,2392
CR44776,3
IFT52,38
COX5B,11123
CG9596,175
COX5BL,51
Ent2,892
CG13766,401
CG11319,8287
CG11050,8521
DIP-iota,9
CR44913,3
CG34345,1
Oatp26F,23
CG31635,4783
Tango1,4536
CG31633,704
CG31636,167
CG11070,1529
CG13771,0
CG34310,0
cup,0
Galt,1525
Spn27A,5028
cort,32
Nse1,17
Nhe3,5437
CG11327,21
Tsp,3475
AkhR,775
Aatf,392
homer,6053
Liprin-alpha,3531
TTLL3B,19
TTLL3A,75
CG11221,1264
CG31910,1
snoRNA:Me28S-G2743,0
CG44271,0
CG11322,3
LUBEL,861
CG17378,3163
nrv1,11926
nrv2,33710
CR43610,0
tRNA:Arg-CCT-1-1,0
CG17376,0
CG17377,0
CG11236,736
CG17375,1
CR44081,0
sens-2,40
Rca1,250
l(2)k09022,1056
Nha1,247
CR44915,6
CR44914,6
Nlg2,1745
mir-932,0
CG13773,153
Rat1,754
Wee1,1274
x16,958
CG32829,0
nop5,0
snoRNA:nop5-x16-a,0
Hrb27C,8154
CG43232,7
CG18304,1643
Fgop2,419
ihog,204
Gas41,117
SA,1375
CG13775,36
CG3430,102
Atac1,249
CG10399,112
sip2,6
Coprox,104
smt3,2037
snRNP-U1-70K,1110
CR43142,0
uif,9693
CR44326,0
CG43321,1
CG43322,219
ade3,12302
Pcp,101
CG31908,1071
MME1,333
Rab30,824
Caper,2368
milt,9070
Mnn1,5297
CG31907,0
Sem1,3403
Nuf2,70
CG11289,1
Pvf2,320
CR44611,0
CR46196,0
Pvf3,4769
CR44612,0
CR44610,1
CR46210,0
CR44613,0
MICU1,2109
CG4496,112
CG4497,377
CG4502,3346
CG13784,7566
mEFG1,1390
CR44989,28
Ndae1,3344
CG43799,21
CG43800,0
CG13786,0
Wnt4,228
CG31909,0
wg,149
CR45304,0
Wnt6,396
Wnt10,116
CR44063,7
ninaC,167905
CG5149,1507
gudu,11
CG5160,445
CR44079,0
CG5171,2654
CR46205,4
CG5177,3528
CG5181,377
CG15818,3
chm,571
CR43857,363
mir-275,0
mir-305,4
muc,11106
CG5958,5057
CG5973,2699
santa-maria,5259
Gr28a,2
Gr28b,52
CG6055,655
Ziz,5009
CG6441,0
Obp28a,1768
RapGAP1,4906
CR44082,1
CR46063,0
Spn28B,0
CR45370,6
Cyp4d21,573
CG6739,1265
CR44799,0
CR44800,0
Slob,3860
Myo28B1,382
CR44148,0
CG18585,2
CG7025,1
CG43235,0
Tep2,4916
Tep3,5066
CR44990,8
Ntl,12
tRNA:Tyr-GTA-3-1,0
CG33296,490
CG13793,310
CG13794,1351
CG13795,1553
CR46074,93
CG13796,2871
CG31904,4
Acp1,1533
CG7214,1457
ATPsynGL,4
CG7203,21653
CR45718,0
CG46025,122
CG7191,178
CG7179,1
Uro,0
CG7164,0
CG7154,727
CG7149,2319
LKRSDH,3344
CR44825,3
Herp,2075
r2d2,615
cdc14,2794
LanB1,4683
CR45008,2
CG7115,2336
Rack1,16020
mts,5411
CR43100,0
CG14537,0
CG14535,355
lectin-28C,1111
TwdlE,29
Proc,1086
CR45364,1
tRNA:Gly-GCC-1-3,0
spz3,740
CG7102,81
SmE,0
CG34132,865
Spn28Da,4
Spn28Db,6
Snoo,2309
CG7231,1038
pes,2500
CG7227,324
CR44996,6
Sirup,7959
Wwox,438
Spn28Dc,2159
CG12560,906
CG34010,36
Tg,2310
CG7367,191
baf,1129
Cka,5643
CCDC53,182
RpL36A,17301
snoRNA:Psi28S-2648,0
CG7466,3136
poe,21876
MED20,162
Trf,163
Mcr,4203
CR45257,0
Bsg,6090
mon2,2832
CG8673,35
CG12375,1094
CG8668,1816
PAPLA1,3947
mir-4984,0
CG42762,0
CG42763,0
CG43394,2312
CG31606,0
Rbsn-5,283
CG8498,986
Piezo,6388
CG34134,485
CG8475,5581
CR44116,21
CG8460,210
PGAP5,565
SLC5A11,2729
CR44119,77
CR44120,10
CR44121,15
CG8419,198
Su(var)205,1216
Ssb-c31a,488
CG8372,658
CG8360,1014
CG8353,268
CG8349,4
CG8292,35
Snx6,2450
Pvr,5430
Spn28F,2
CR43262,0
CG14277,3531
CG43057,3
CG8086,1061
Btk29A,3282
mir-2b-1,0
tRNA:Lys-TTT-1-1,0
CR43752,0
wol,931
Scgalpha,1217
CG7840,349
Ostgamma,1086
Mettl14,318
CG7810,380
CG7806,1664
mtsh,35
strat,427
CG7781,5475
CG14275,4317
CG14274,1151
CG14273,21
CR45371,4
CG7778,2032
Mur29B,2
CG7627,2419
RpS13,7056
CSN8,430
Pp2A-29B,7757
CR45341,1
CG17292,1212
Wdr82,565
CG13390,246
CG17294,576
AlaRS,3189
CG13392,121
Rcd4,43
Dad1,337
CG13384,3997
CG42819,0
snRNA:U6atac,626
CG42820,0
Acp29AB,0
lectin-29Ca,0
CR45343,0
Peritrophin-15b,2
Peritrophin-15a,0
CG13385,1
CG13386,11
CG31898,65
fy,216
CR44991,0
emb,2921
CG13397,789
CG13398,767
Akap200,1626
grk,176
D12,253
Chrac-14,106
mus201,314
CG31897,35
U26,309
fu12,1305
prg,312
d,398
CheA29a,0
tRNA:Asp-GTC-1-2,0
tRNA:Asp-GTC-1-3,0
CG43796,0
CR43604,0
CG13088,87
CG43400,0
Dh31,967
Bace,0
CG13096,492
CG13097,350
PIG-U,755
mRpL51,463
Uba4,384
CG13091,3
Acer,2371
lmgA,0
lmgB,0
CG17834,1113
tRNA:Asp-GTC-1-4,0
tRNA:Asp-GTC-1-5,2
Sema1a,2346
tRNA:Phe-GAA-1-3,0
CR43855,23
tRNA:Asp-GTC-1-6,0
Glt,2889
CG9287,3
tRNA:Asp-GTC-1-7,0
CG9289,4
tRNA:Asp-GTC-1-8,4
tRNA:Asp-GTC-1-9,0
PrBP,1563
Trs23,455
Hnf4,2658
CR44992,6
CG9314,12
raw,2571
CG45307,0
CG12438,0
LManIII,1
LManIV,0
LManV,0
LManVI,12
CG42710,1
SoxN,1392
CR45365,0
CR45260,0
CG32986,0
CG32987,0
CG32988,0
CG32983,0
CG9483,0
CR44414,0
CR44415,0
CG42713,0
CG34398,2954
Tsp29Fa,85
CR46071,0
Tsp29Fb,871
CG9510,3308
CG9515,327
C1GalTA,2057
CG31886,972
CG9525,0
CG32985,3
CG32984,7
CG18088,0
CG9541,251
CG13101,653
CG18662,1
rost,2338
CG9555,12
alien,1905
CG17906,0
CG18661,323
Try29F,88
CG9568,0
CG13102,0
Rcd-1r,0
CG9582,0
CR44352,0
DIP-zeta,1190
CR44483,0
CG12439,0
Toll-4,8
CG31609,0
CR44482,0
Or30a,0
CR44617,0
CR44616,0
CR44615,0
CG32982,3203
CG13108,536
CG9586,795
tai,5106
tRNA:Thr-AGT-1-1,1
aust,0
CR43734,0
borr,13
lectin-30A,2
Ggamma30A,65477
CR45262,0
CR42844,1
CR45456,8
CR45457,7
CG17005,25
Cks30A,13
Eaat1,32149
CG3748,1
CR44802,0
CG43350,0
CG13110,0
CR43404,1
CG34181,0
Shawl,1321
CR43865,0
Aldh,47827
CG4438,0
Mco1,1460
Fbp2,1267
CG42847,8
FucTB,156
scat,637
CG3769,24
RpS28-like,3
numb,3001
CG33723,0
CR43769,0
Gdi,9483
CG33298,3796
Oatp30B,5933
CG31883,0
CG17855,55
Cpr30B,19
CG13113,0
CG13114,0
jp,5280
CR44149,5
CG3838,1295
Mtpalpha,7740
CG31709,0
gcm,6
CR43621,0
CG3841,0
CG4382,0
gcm2,7
Trx-2,7678
GlcAT-S,2492
CG31882,2
Apoltp,13247
CG33299,1
CR46208,5
CR44150,3
Pka-C1,4975
hoip,593
pelo,1153
CG31710,721
CG4364,5470
Nckx30C,7650
CG13116,969
CG13117,3206
Cyp4e3,1810
zf30C,1576
Taf11,150
und,3855
ppk18,6
CG4017,177
CG17633,0
ppk11,0
ppk16,0
IP3K1,917
hpRNA:CR18854,30882
CG4036,259
CG13123,88
nAChRalpha6,2415
CR43766,0
CR44701,1
FKBP59,2539
CG34183,135
CG4537,78
mtDNA-helicase,63
Uhg2,293
snoRNA:U14:30Eb,0
snoRNA:U14:30Ea,0
snoRNA:Me18S-G1620,0
snoRNA:Me18S-A1576,0
Bka,404
RpS2,8205
Muc30E,2
CG13124,7348
Etl1,1497
Srp54,1288
yip2,8129
CG5885,2219
CG4598,2028
CG4594,210
CG4592,287
TbCMF46,1
CG42366,46
CG42367,77
Cpr30F,8
CG31712,1181
CR45007,23
Apf,267
CG4619,467
CG5853,4820
CR45949,21
mir-87,3
CG13126,110
CG4709,155
CG5846,267
CG4658,2889
CR44872,0
CG5850,1204
CR43683,28
Dref,1938
RpL13,12094
CR13130,231
bib,234
CG31875,27
SoYb,0
CG4747,3155
CR44873,0
Trp1,6226
CG13131,0
CG13127,0
obst-B,2754
CG33301,105
CR44874,1
CR44875,0
Cpr31A,0
Pen,15
Spn31A,222
CG44153,1820
CG13133,0
CG34109,7
CG13135,0
CG4839,280
CG13137,3
Sur,214
CG31874,0
Ripalpha,482
RpL7,26355
CG34159,1812
CG5734,2488
CG5731,423
CR44845,72
CG5727,274
CG4901,669
Npc1a,9466
Prosalpha6,5351
CG4908,264
CG5708,1913
CG5694,1707
eEF1delta,2650
mthl15,32
me31B,4143
chico,3495
CR44995,22
bsk,5593
CG31717,1323
Ror,295
CG5676,2965
Pten,2215
Rsf1,2397
REPTOR-BP,1263
Mob3,738
CG4953,835
CG4957,446
Mulk,461
trk,21
Utx,1087
CG34043,4
Ufd4,15777
Hand,11
CYLD,3130
CR44968,10
CG13138,6
nmd,1782
CG5390,2903
CG4968,1151
Cdk5alpha,4306
l(2)SH0834,828
Usp14,5381
CG4972,1205
CG5381,961
CG4995,52
RnrL,303
Schip1,2583
CG5037,1336
GATAd,2370
SamDC,1434
CG31715,1025
Sps2,1297
CG5022,386
CG34367,150
CG5367,2
CG5045,1053
Cand1,2589
pim,4
lft,2353
CG5056,980
rho-5,3439
CG33303,1494
dpr19,1620
gny,296
CG5096,29
Cdk1,11
mRpS7,865
da,2544
CR45789,58
Mdh1,11278
Cnot4,9024
LSm-4,0
CG17768,0
Ir31a,39
Ip259,0
RpS27A,28306
CG5355,4089
Klp31E,1905
RfC3,92
pie,45
CG5168,2159
SmB,357
KdelR,2399
CG5188,203
Bug22,683
TfIIB,776
TBC1D16,1817
holn1,430
STUB1,1776
Nse4,235
CR45375,0
loh,199
ppk10,6
LManI,765
LManII,7786
RluA-1,5360
RluA-2,289
Grip75,532
CG7456,1815
CG6144,862
CG13144,29
Myo31DF,2108
CR44224,0
CG6094,282
CG7384,500
Fatp,11175
Lrr47,165
Lip4,3958
CG18301,10
CG18302,920
CR44618,0
Trim9,1547
CG6138,0
w-cup,0
CG34160,0
CG34161,0
CG7329,2
CR45351,0
CG31872,1
CG18284,0
CG17097,0
CR44580,0
CG17098,0
CR45692,0
CG45690,0
CG31871,115
CG17104,462
CR44180,0
CG17105,0
CG17107,330
CG7299,927
CG7296,1622
CG7294,13
CG17108,266
CG7300,4769
CR44181,50
Lip1,3
Lip2,45
CG6415,1664
CR44407,0
CG6431,5
CG6443,585
CG17118,10
EMC3,1079
Dpy-30L1,41
Nup107,398
Vha16-5,1
CG12299,783
CG6729,582
mir-4970,1
CG17124,3835
mir-9378,0
CG6495,1819
Ubc2,1312
CG6724,584
CG17127,32
CG31869,1564
CR44582,0
CG31870,0
CR44581,3
Nos,1722
CG6508,0
CG17134,1
CG6700,1267
mir-4987,0
CG17140,0
CG17139,0
Porin2,12
porin,34626
SmydA-3,163
Dnz1,676
aurB,6
Stam,1312
CR43807,0
CG12517,0
CR45453,0
CR45454,1
CR44490,0
CG14071,0
CR44491,0
CG14070,0
CR45724,0
CG7309,0
CG14069,1
dpr2,1263
CG14072,0
CR44492,0
CR44493,0
CG33129,3033
YL-1,614
CG16743,256
abo,235
ATPsynG,12381
SCAR,3475
piwi,6
CG12253,250
CG16833,2055
aub,43
lectin-33A,4
RpL9,20852
Nup154,651
Art8,142
CR45778,0
dUTPase,190
Samuel,998
Acp32CD,1
CG14913,0
CG18666,0
CR46264,0
CG14915,0
CR45725,0
CG43725,0
AstC,589
AstCC,87
CG16854,306
Wdr59,857
Ge-1,1379
Reps,1824
l(2)gd1,1398
CG6201,228
Gr32a,24
CG6230,699
CG14921,5
Csl4,189
Nup160,280
RfC38,258
CG4751,912
hgo,1618
Gyc32E,113
CG31867,0
CG6287,7244
Ca-beta,1120
Vm32E,0
CG4788,149
CR43859,3
ab,1395
snoRNA:Me18S-G642,0
cmet,4
cana,2018
CG33695,179
CR44182,1
Ppt2,1185
mre11,347
Osi21,0
CR43409,0
CR43721,0
CR44583,0
CR44584,0
CR44585,0
CG14926,0
CR44586,0
salr,377
CR43681,0
salm,152
sala,0
CG43355,0
CG6488,449
spz4,36
Dlg5,2399
CG4970,2
CG14929,0
CG14930,0
CG43153,1
CG31705,7790
CG31706,3392
CG34162,4
CR42743,2
CG43438,0
CR44494,0
CR44495,0
kek2,2392
Mst33A,0
CR44496,0
Acp33A,0
spag4,2
CG6614,0
CG12307,0
CG4983,1
CG43167,0
CR44497,0
CR44479,0
CR44480,0
CG44477,0
CR44481,0
CG4988,0
CR44143,0
CR44145,0
Vha100-5,0
CR44144,0
CG42470,1
CG42471,0
Sfp33A1,0
CG14931,0
CG14932,0
Tsp33B,2
CG14937,64
crol,4673
snoRNA:Me18S-A934,0
CycY,991
Pde1c,11587
esc,0
CG45011,0
CG45012,1
CR45013,3
CR45014,0
Sfp33A4,0
Sfp33A2,0
CR43937,0
Sfp33A3,7
CR43936,0
CG31704,310
CG44008,0
CG14933,170
CG42486,4
Mal-B1,333
Mal-B2,4037
CG42751,32
Or33a,1
Or33b,0
Or33c,14
Crys,15236
CG16964,0
CR43314,702
bft,0
CG16965,435
CG6686,2087
CG34163,227
zuc,3
dgt2,146
escl,224
Ada1-2,56
CG18789,36
Qtzl,74
Ada1-1,52
CG18787,59
CG12264,1143
CG6746,1294
Rh5,6411
CR44588,0
CG6734,1325
CR44587,3
dmGlut,829
CG18788,1
Tom70,566
CG6766,2275
CR46070,1
CG6785,22
CG6770,13713
CR44589,5
Plzf,186
CG14945,4660
JhI-21,732
RpL7-like,0
CG34164,0
Rab3-GAP,1820
firl,818
CG14947,35
CR44591,0
CR44590,0
prd,0
CR44592,0
CR44593,0
Pex19,2866
CR44594,0
CG6712,240
Mt2,38
Ced-12,818
Patsas,1186
ThrRS,3136
Rab6,2053
Phae1,0
Phae2,0
CG17211,605
rho-6,41
Gr33a,32
CG31760,2723
CG31861,0
ZnT33D,0
CG17217,1
CG6583,631
crok,625
CR43356,3
bru1,4207
atilla,2585
CG31759,0
CR45282,0
CR45283,1
CG31862,61
CG43813,23
bru2,1299
CG17010,0
Pkd2,14
vir-1,18931
CG6405,34
CG5446,261
CG6388,495
CG5435,10
SC35,1109
snoRNA:SC35-a,0
snoRNA:SC35-b,0
eRF3,3637
Oatp33Ea,234
CG5421,8
Oatp33Eb,0
CG5418,3
CR17024,0
bun,12204
mir-967,0
t-cup,0
CR43051,423
snoRNA:CG43051-a,0
CR42746,4
CR44598,3
CR44597,1
CR44596,15
CR44595,5
nub,274
Ref2,3
pdm2,35
CG15485,0
CCT4,1916
CG6153,419
CG5780,79
PICK1,1030
CG5781,0
CG17036,47
CG5776,319
spict,1505
CG15484,2
CG6180,2468
CG5787,599
Pih1D1,1842
MRP,6893
mir-9382,0
CG15483,0
CR46206,0
lncRNA:TS9,0
CR43818,0
kek1,1881
CR44970,3
CR44971,0
ACXC,17
ACXB,1
ACXA,0
ACXE,1
CR44183,0
CG16800,0
Vha68-2,5347
Vha68-3,2
CG12404,676
Vha68-1,16412
Tor,2013
CG9934,10847
A16,656
CG9932,15443
CR44197,8
CR45447,0
CR45461,4
CG5142,77
CR44198,1
CG43050,0
CG5122,6
CG9928,3358
CG16978,4493
CR44199,1
Pk34A,0
kmg,5
DnaJ-H,5379
Sirt1,1078
Sfmbt,1601
CR46256,1
CG43925,8
CG5439,931
CG5287,1409
CG31849,177
CG5458,27
CG16974,8353
Edem2,3586
CG16972,611
Pect,14158
CG15482,11
snRNA:U2:34ABa,10706
kek4,817
snRNA:U2:34ABb,68
CG9426,1653
mRF1,177
Ski6,184
CG16812,747
CG15480,1
CG16813,0
CG16815,5
Prosalpha6T,2
Mabi,128
CG5867,41096
CG5945,15626
CR45330,152
snRNA:U2:34ABc,47
snRNA:U5:34A,799
CG16820,701
l(2)k05911,84
Naa20B,0
CG31730,2
CG44085,3281
CG31848,5
Drep4,2336
CR44083,7
Uvrag,1325
CR44972,4
CG31729,6270
CG16824,0
CG43778,4770
CG16825,8
CG43779,0
CG16826,3692
CG9395,1724
CG9377,64
Nnp-1,608
CG6523,1982
Tap42,474
CG31855,814
ND-B22,4850
Bdp1,148
CG6565,1277
CG9302,489
beta'COP,3575
loqs,3564
CR44599,29
Ing5,512
CG7099,454
RpL24,17740
CG16957,0
CG10859,1
CR44600,27
CG7110,510
Vm34Ca,0
CG16848,0
CG16956,0
CG42784,565
CG43850,0
Tehao,0
CR45683,143
CG9267,662
Hsp60D,2
CG42809,0
CR45684,1
CG42810,0
CG46308,0
B4,11251
CG33640,6
CG33641,4
CG33642,0
CG33643,2
CG33644,0
CG33645,0
CG15638,0
CG16852,0
CG9263,0
CG16853,0
kuz,3996
CR44973,0
CG9254,0
mir-2489,0
CR43410,0
ics,1676
CR44726,0
CG18507,2028
CG31814,1766
CG7311,0
CG9014,0
CG31813,0
CR45913,0
CR44846,0
TM9SF4,2173
mir-1002,0
mir-968,0
CG43376,2
CG9008,1498
CR31845,2
p38b,1986
CG16890,274
CG31731,2504
CR44847,2
CG16863,139
Sec71,2523
CAH1,5932
Adat1,224
CG16865,189
CG16888,1
Sos,1313
b,6318
tam,237
Arpc1,1265
Orc5,91
DNApol-gamma35,0
GatC,0
RpII33,240
mRpS23,313
CenG1A,4251
CG33307,172
CG33306,1
CG8997,2
CG7916,0
CG7953,0
CG7968,0
CR44848,0
Smg5,6792
Ance,2735
Ance-2,153
Acyp,0
Ance-3,3516
CG16886,252
CG42711,732
CG16885,4354
CG16884,2994
NimA,81
NimB1,248
NimB2,5434
NimB3,321
NimB4,596
NimB5,1039
He,26
NimC1,2195
Cyp28a5,3382
NimC2,625
rk,420
CG42692,0
tRNA:Gln-CTG-4-1,32
bgm,1963
NimC3,15
CR44849,0
CR45352,1
CR31840,0
hll,2526
CG18095,5
CR45284,0
nAChRalpha5,2925
NimC4,0
CG46301,415
CG15293,5092
CG31769,2799
CG43332,0
CG43333,40
Dyrk2,8909
CR44727,16
CR44728,1
CR44216,3
wb,1500
CR44729,0
CG32971,0
CR43639,0
CR43640,1
ms(2)34Fe,5
CG33090,2729
CG15286,0
Send2,3
mTTF,551
l(2)34Fc,5853
CR44850,26
CG43052,0
l(2)34Fd,412
Rab14,1116
CR44851,8
Pgant35A,745
CR43463,405
spel1,757
ppk,123
elB,1651
CR44733,2
Pburs,22
Cpr35B,2
CR44732,0
CR45726,1
CG15283,0
CR44730,0
CR44731,1
noc,3312
tRNA:Pro-AGG-1-1,3
CR45303,0
CR45693,10
tRNA:Gly-GCC-1-4,0
tRNA:Gly-GCC-1-5,0
tRNA:Gly-GCC-1-6,0
CG33648,3
tRNA:Gly-GCC-1-7,2
tRNA:Gly-GCC-2-1,0
CR44852,5
CG4218,0
CR44853,0
CR44854,10
CR44855,7
CG3473,0
CR44856,0
CG42680,3
tRNA:Pro-AGG-1-2,11
osp,4208
tRNA:Pro-AGG-1-3,0
tRNA:Pro-AGG-1-4,11
CR43411,279
Adhr,0
Adh,0
CG15282,605
CG34165,489
CG42685,0
CR44857,0
CG31835,0
CG31775,0
CG42585,0
CG42586,1
CG34166,1115
CG42681,5
CG42587,2
CR45460,0
CR45459,0
CR45458,0
CG4691,0
CR44858,0
CSN1a,0
CG4701,0
CG4650,202
CR15280,38
CG18636,13
CG18420,1
CG33308,0
CG33309,0
CR43805,1
CG42682,0
CG15279,2074
CG4480,0
CG15278,0
CR45727,0
ProtA,0
ProtB,0
CR45302,0
CG42313,1959
CG3491,1
CR45331,0
mol,4915
DCTN5-p25,845
l(2)35Be,237
NC2beta,275
THG,220
l(2)35Bd,420
CR43856,14
GABA-B-R1,2274
CG33310,0
CG31832,4
yellow-c,10748
CIAPIN1,1737
Su(H),634
ck,2429
CG33679,20
TfIIS,593
solo,0
vas,6
vig,5067
CG15270,2310
CG15269,0
stc,1891
CR43853,0
CR44706,0
CR43854,0
tRNA:Leu-TAA-3-1,0
CR44771,2
CR44770,0
CG4168,1939
Sfp35C,0
CR43357,0
CR44196,0
CG43230,2
ZnT35C,19
dao,943
Pol32,281
l(2)35Cc,164
yuri,1128
Cul3,2911
UK114,3410
CR43682,0
CR45349,0
CG15263,1
CG15260,0
ms(2)35Ci,0
CR43764,0
CG15262,0
nht,0
esg,39
CG15258,0
CR44859,0
CR45373,0
CR44860,0
CR45374,0
CG44869,0
wor,0
CG4161,0
CR44861,0
CR44862,0
CR44863,0
CR45353,0
sna,1
Tim17b2,0
CR45293,0
lace,2060
CR44864,0
CR43761,2
Skadu,1
CR45728,0
CG15256,0
kek3,1844
CG15255,0
CR44865,0
Semp1,0
CG15254,0
CG15253,0
CG11865,0
Or35a,11
CG7631,0
CG18480,0
CG4587,4495
CG44141,0
CG18477,0
CG18478,0
CG43923,0
CG44140,0
CG31780,0
CG31827,0
CG43924,0
CycE,120
CR44974,1
CR44866,0
ND-B17,4302
snRNA:U5:35D,13
Mtr4,776
Gli,2164
CG3793,1748
wek,459
Ku80,332
CG31826,175
CG43760,0
CG18109,0
CR44602,6
CG42876,144
CR44601,0
CR45368,0
CG18518,0
CR31822,0
CR45694,0
CR43763,0
CG13243,1
Tektin-A,0
CR42791,0
CG42792,9
CG7653,0
CG44475,0
CR31824,0
Tep1,84
CG31735,0
CG31823,4
CG31821,2
beat-Ib,3489
CR44867,3
CR44868,16
CG13244,2
CG4793,3
CG12448,0
CG18063,1
CR43803,1
CG10839,0
CR43412,0
beat-Ic,2031
CR43825,0
CG34167,0
CR43826,0
CG13245,0
CG43816,0
CG31820,0
CR44844,0
BicC,0
CG45084,0
beat-Ia,1023
CR44870,0
CG4891,0
CG4892,0
CG34168,0
CR44871,0
Ca-alpha1D,4955
CR43806,1
CR44734,0
CR44735,0
CR44736,0
CG31819,0
CR43840,0
CG42817,2421
CG42818,2
CG46309,0
PRL-1,1806
EndoGI,1711
twe,46
CG4935,103
crp,2725
pkaap,1429
CG17329,8
CG13258,9
CR44899,8
Cyp303a1,9
heix,614
CG17328,130
GMF,683
c(2)M,0
CG5861,1020
Syx5,2705
cni,1480
fzy,9
cact,10525
CG4278,276
mRpL4,762
CG4440,1
CG31817,12
CG42266,5
CG44405,6
chif,0
CG42231,0
CG4455,334
CaBP1,1718
jhamt,212
CG5888,2107
snoRNA:Me28S-A2958,0
Idgf1,1494
Idgf2,6153
Idgf3,840
dac,990
CG4580,29
CR44994,29
Tpr2,11650
CG5953,5227
mir-4943,0
snoRNA:Me28S-C1237,0
CR45354,1
CR45355,1
CG31816,1
CG42389,5000
CG5968,0
CG31815,0
CG4631,0
CR44151,0
Trpgamma,52
her,550
mir-2497,0
squ,0
grp,2019
CG31807,2
CG33552,0
CR44975,0
mir-9c,0
mir-306,0
mir-79,0
mir-9b,0
CR43669,0
CR43670,163
CG31808,15674
Cyt-c-d,42
Cyt-c-p,24280
VhaSFD,6023
mir-1006,0
CR43671,3
CG31812,112
CG17996,452
Prosbeta4,3600
CG17904,620
glu,421
ChLD3,5
LSm7,170
BuGZ,811
yellow-b,1706
ppk17,5
Mhc,168026
Cyt-b5-r,15976
CG17928,1885
Ugt36Ba,5
Ugt36Bb,0
Ugt36Bc,2058
CG13280,66
CG13272,61
mdy,2909
Cse1,723
AspRS-m,1120
CG13282,41
CG13283,217
SclB,0
SclA,0
CG13284,1229
CG31810,6
CG31809,169
CG6012,21
CR43858,0
CR31781,4854
CG32832,1
CG31743,0
CG34313,0
CG6115,1264
tweek,6168
CR44392,0
CG42556,0
CG31805,3
CG12288,109
ApepP,831
CR43053,0
CR44393,0
CR45285,0
beat-IIIb,2496
CG44406,0
CR44408,0
CG31806,0
CR45356,0
CR45357,1
CG6304,0
CR45462,0
CR43802,0
CG15136,0
CR43819,0
CG12620,0
CR45448,0
CG31784,0
beat-IIIa,0
CG34106,0
CG34169,5
CR44394,2
Gr36a,1
Gr36b,3
Gr36c,7
CG31750,1
beat-IIIc,2084
CR44396,0
CR44395,0
CR45729,0
CG15140,0
CG6380,0
CG34170,0
CR45696,0
CG45691,0
CR43239,2
CR44345,0
CR44346,1
CG31804,0
Lrch,1652
CLIP-190,12916
Rpb11,233
CG15141,472
CG31803,2
Dif,3997
CR44409,0
CG5043,1
CG33928,4
dl,2404
CR46204,15
CG5050,18
SPH93,146
CG18563,31
BicD,1649
Sgt,2502
Aac11,2171
fws,1223
CG5110,931
GCS2beta,1315
CG5131,293
CG43645,0
CG43221,0
CG43220,11
qua,124
CR45715,0
CG15142,4
mEFTs,1603
Dhc36C,41
CG15143,7
CG15144,23
CG15145,0
CR43304,0
CR45697,0
CG7094,0
CR45919,567
mir-124,0
mir-287,0
CR45358,24
CR45698,0
CR45111,1
CR45112,0
CR44411,1
Oli,379
CR44410,1
CG6870,3616
Sytalpha,3374
CR44412,2
CR44413,0
CG15147,2
CG43054,0
CR45699,3
CadN,6491
CG43231,1
CadN2,4119
CR43419,0
CG42830,0
CR43420,0
CR45332,89
CR45333,44
CG43271,0
CR43274,0
CR44399,0
CR44398,0
CR44397,0
btv,254
CG5674,270
CG5681,1
Prosbeta5R2,0
CR44767,0
CR44604,0
CR44605,0
CG5693,0
CG42659,0
CG42634,0
CG42635,0
CG31740,11
elfless,4
rdo,2826
Arr1,120716
ninaD,2362
CG31741,2
CG15153,1
CG5755,1
CG44476,4
CG15152,2
CG5758,6712
CG31785,2
kel,1803
Socs36E,3090
CR44478,1
CG17681,40
CG15155,61
CG5783,675
CG7200,418
CG42750,2907
Ptp36E,0
CR44900,0
CR43413,0
CG31802,0
CR43406,0
CR43408,0
CG31788,0
CR44901,0
CR44902,0
CG31787,2
CR44696,0
CG43362,0
CR44693,0
Sfp36F,0
CR43358,0
CG5790,0
CR43353,0
CG43354,0
CR44694,0
CR44695,0
CR45721,0
CR44489,2
Fas3,5212
Acp36DE,0
CG34171,0
CR44486,1
CR44487,0
CR44488,0
RpS26,17686
ncm,498
bsf,3949
Ntf-2r,0
let-7-C,1101
mir-100,0
let-7,0
mir-125,0
CG10283,1008
grnd,1348
kon,2122
CG10178,7476
CG10211,1949
CR44903,0
Pde11,4740
CG15160,768
amos,1
CG10413,4311
CG31789,0
CG10333,970
Atac2,244
CG15161,37
MESR3,2310
Cyp310a1,7
CR42490,0
CG43338,4
CG43339,0
Mst36Fb,9
Mst36Fa,17
CG31751,3049
tos,47
msl-1,1280
CG10336,55
CG10383,3101
CG10338,1036
CG10341,619
CG10376,758
CG10343,454
Jwa,3501
Faf2,3101
Grip71,147
Irk3,223
CG10348,814
CR44768,192
CR44769,11
CG42752,0
CG15167,0
ham,375
CR43804,0
CR44904,0
CG43814,0
CR43817,1
CG10570,0
CG42502,0
CG17325,0
CG42305,0
CG17324,72
CG17323,1170
CG17322,96
CG17597,813
ScpX,3728
CG10600,656
CG31752,0
CG33120,682
CG17321,921
CG10602,2186
mRpL13,0
tup,527
mir-4946,0
CR44737,1
CR44739,0
CR44738,1
ssp3,1670
CR44740,0
CG46304,2
CG10428,815
Nedd8,1227
CG10621,5540
CR44741,19
CG10623,1092
Nak,2761
Tango6,318
L2HGDH,1921
CG10431,107
Swip-1,5292
CG15168,390
CG15170,6
CG15169,53
CG10650,123
CG31792,3
CG31793,2500
RpL30,12180
snoRNA:Me28S-A2113,0
robl37BC,0
CR45292,0
CR44184,1
CG15172,0
CR43700,2
Sidpn,494
hook,3165
CG31800,420
mib2,3018
Catsup,1586
Ttc19,800
Acn,2101
CG10470,908
l(2)37Bb,703
Rpn3,9571
CG10492,499
Phlpp,15
CG10495,123
CG10702,2166
CG17343,65
CG17572,649
CR33315,0
CG10700,11
Lim3,382
CG17344,0
CG43731,0
CR44905,7
amd,776
CG10561,2065
Ddc,6450
l(2)37Cc,2074
l(2)37Cb,450
l(2)37Cd,179
AsnRS,2584
DCTN6-p27,355
l(2)37Cg,83
brat,3240
CR44977,2
CG17568,535
CG42688,0
CG46059,0
gammaTub37C,0
pigeon,1115
drl,613
CR46209,0
CR44189,0
CG31797,0
CR44191,0
CR44190,0
CG17564,0
CG10750,0
CR45700,0
CR45258,0
dnt,281
CG13086,152
CG17349,0
CG17350,392
fon,11776
CG17549,4926
CG17544,1354
CG31798,0
Pax,2200
snmRNA:359,0
Lectin-galC1,8
lectin-37Da,0
lectin-37Db,6
CG16771,0
CG13085,47
RtcB,493
Rab9,1405
CG10237,6225
RanGAP,480
Hs2st,621
Top2,1538
CG10026,446
tj,36
CR45722,2
CR45723,0
CR43839,0
CG10195,338
CG13084,0
CG13083,0
CG10194,269
CG18094,165
CG10189,465
swm,1687
Top3alpha,314
CG10188,2345
Hasp,15949
CR43363,2
CG10132,1235
CG10166,773
CG10137,1281
CG10165,363
CG33116,335
CG31697,0
CR45455,1
CG13082,984
CG13081,7
ref(2)P,9927
CG10337,353
Tep4,15387
Tep5,0
CG13078,1
CG13077,2103
spi,3496
mir-2a-2,0
mir-2a-1,0
mir-2b-2,0
msb1l,1
CG10268,190
Hakai,326
PCNA2,323
CG10366,354
Lar,1101
CR44978,183
CG46244,0
CR44979,0
scw,0
CG10462,785
Nf-YB,347
CR44906,2
CG10631,4023
CG10628,298
CG10463,307
fbp,4341
bsh,168
CdGAPr,1895
CG10466,191
fs(2)ltoPP43,449
sick,3500
snRNA:U4:38AB,0
snRNA:U5:38ABa,1344
snRNA:U2:38ABb,0
CG13962,15
snRNA:U2:38ABa,123
snRNA:U5:38ABb,0
CG10481,0
CR43097,0
TotF,0
Victoria,0
CR43828,0
CR43827,0
CR45183,1
COX4,13645
CG34051,0
CG42866,9
CG13965,130
CG16772,319
CR45701,6
CG10680,4278
OS9,2313
Hf,1467
CG43861,1158
CR43620,0
CR44908,0
CG10659,0
sNPF,2954
barr,290
lok,87
vls,172
bwa,2533
CR44907,3
CG10730,18
pr,5575
neb,164
fok,4673
CG10747,843
CG10721,575
Taf13,442
nesd,24
mRpS18B,335
Kua,173
CG13970,0
CG10651,0
CR40341,0
CR40172,0
CR40465,0
CG17571,0
CG17570,0
CG12617,0
CR43414,0
spir,5092
CR43606,0
La,2008
RtGEF,1673
snoRNA:Me28S-A3365,0
Ugt37a1,13
CG16798,76
CG10947,1162
CG10949,468
Arpc2,1719
snoRNA:Psi18S-525a,0
snoRNA:Psi18S-640a,0
snoRNA:Psi18S-525b,0
snoRNA:Psi18S-525c,0
snoRNA:Psi18S-640b,0
snoRNA:Psi18S-525d,0
snoRNA:Psi18S-640c,0
snoRNA:Psi18S-525e,0
snoRNA:Psi18S-640d,0
snoRNA:Psi18S-525f,0
snoRNA:Psi18S-525g,0
snoRNA:Psi18S-640e,0
snoRNA:Psi18S-525h,0
snoRNA:Psi18S-640f,0
snoRNA:Psi18S-525i,0
snoRNA:Psi18S-640g,0
snoRNA:Psi18S-525j,0
CG15130,10
CG31688,1497
CR43607,0
CG31683,5
CG31687,92
CG18858,243
Cdc23,194
CG2493,1555
CR44980,6
CG43233,0
CR43234,0
CR45361,278
mir-1,0
CR45360,23
CR45359,12
CG34007,4
CR45702,0
CG44270,0
CR45707,0
lncRNA:TS1,0
CR45347,320
mir-4973,0
CR44909,6
CG31677,0
CR43608,0
CG15475,25
mir-133,4
mir-288,0
CG17472,0
CR43158,0
CG31680,0
Sfp38D,0
CG17470,9
phr6-4,65
CG2608,890
Uhg3,219
snoRNA:Me28S-C2645a,0
snoRNA:Me28S-C2645b,0
snoRNA:Me28S-C2645c,0
CG18810,3
CG2611,236
brun,964
CG2614,502
CG31678,2995
CR45004,3
IKKepsilon,672
Cen,1928
CG2617,79
Hr38,1946
CR44187,0
CR44188,0
CR45306,1
CG9316,4
CarT,1752
TM9SF2,4970
Fs(2)Ket,4902
CG9319,728
Ns4,844
Rhau,912
dia,3159
cad,0
Pomp,2692
vari,6485
CR44146,0
CG9328,4378
CG33322,0
CheB38b,0
CheB38a,0
CheB38c,12
CG9331,1767
CG31673,1109
CG31674,271
Oseg5,37
Spn38F,0
CG31676,1769
CR44307,0
CG14402,5
twit,365
CG14400,559
CG9336,6686
CR9337,0
CG9338,1036
CG31675,118
CG14401,737
sky,0
CG43739,0
CR44981,1
CR33317,0
Mtp,1686
CR33318,4
RPA2,211
CG9272,102
CR33319,0
CG9270,9
CR44606,3
CG42238,1841
Itgbn,102
CG9265,1271
tadr,2569
CG33511,1
CG33510,11
CG33509,34
ppk13,8
CG9259,0
CG14397,26
l(2)05287,1079
CG34136,1382
CR43809,5
CG9257,1170
CG46307,0
Nhe2,1109
CR44056,0
Dap160,4969
CG9253,348
snoRNA:Me18S-A469,0
del,115
E2f2,643
Mpp6,320
CG9249,401
CG9248,1052
Nbr,1402
CG9246,576
CR44910,10
CG43345,0
CG43346,0
Acon,15709
CG31627,24
bur,4166
scaRNA:PsiU2-38.40.42,0
CR44911,3
Mcm10,62
Ret,380
CG31624,1
CG31988,2
clumsy,495
Atg18b,2570
snRNA:U4:39B,0
CG8679,0
CG8677,882
CG31626,6
CR45713,1
Hr39,1625
mir-9374,0
l(2)k14505,912
CG8671,5023
mir-4974,0
Cyp6t2Psi,98
Mondo,4776
Gr39a,11
crc,8253
CG46314,0
CR44785,12
CR42696,0
dimm,32
Tsp39D,2249
dtr,53
Gr39b,0
CG8665,2019
nrv3,66750
His-Psi:CR31616,0
His-Psi:CR31615,0
His-Psi:CR31754,0
His1:CG33801,0
His2B:CG33910,0
His-Psi:CR33802,0
His4:CG33909,0
His3:CG33803,0
His1:CG31617,0
His2B:CG17949,0
His2A:CG31618,0
snmRNA:430:CR33727,0
His4:CG31611,0
His3:CG31613,0
His1:CG33804,1
His2B:CG33908,5
His-Psi:CR33805,0
His4:CG33907,0
His3:CG33806,0
His1:CG33807,3
His2B:CG33906,0
His2A:CG33808,0
snmRNA:430:CR33728,0
His4:CG33905,0
His3:CG33809,0
His1:CG33810,0
His2B:CG33904,0
His-Psi:CR33811,0
His4:CG33903,0
His3:CG33812,0
His1:CG33813,0
His2B:CG33902,0
His2A:CG33814,0
snmRNA:430:CR33729,0
His4:CG33901,0
His3:CG33815,0
His1:CG33816,0
His2B:CG33900,0
His2A:CG33817,0
snmRNA:430:CR33730,0
His4:CG33899,0
His3:CG33818,0
His1:CG33819,0
His2B:CG33898,0
His2A:CG33820,0
snmRNA:430:CR33731,0
His4:CG33897,0
His3:CG33821,0
His1:CG33822,0
His2B:CG33896,0
His2A:CG33823,0
snmRNA:430:CR33732,0
His4:CG33895,0
His3:CG33824,0
His1:CG33825,0
His2B:CG33894,0
His2A:CG33826,0
snmRNA:430:CR33733,0
His4:CG33893,0
His3:CG33827,0
His1:CG33828,0
His2B:CG33892,0
His2A:CG33829,0
snmRNA:430:CR33734,0
His4:CG33891,0
His3:CG33830,0
His1:CG33831,0
His2B:CG33890,0
His2A:CG33832,0
snmRNA:430:CR33735,0
His4:CG33889,0
His3:CG33833,0
His1:CG33834,0
His2B:CG33888,0
His2A:CG33835,0
snmRNA:430:CR33736,0
His4:CG33887,0
His3:CG33836,0
His1:CG33837,0
His2B:CG33886,0
His2A:CG33838,0
snmRNA:430:CR33737,0
His4:CG33885,0
His3:CG33839,0
His1:CG33840,0
His2B:CG33884,0
His2A:CG33841,0
snmRNA:430:CR33738,0
His4:CG33883,0
His3:CG33842,0
His1:CG33843,0
His2B:CG33882,0
His2A:CG33844,0
snmRNA:430:CR33739,0
His4:CG33881,0
His3:CG33845,0
His1:CG33846,0
His2B:CG33880,0
His2A:CG33847,0
snmRNA:430:CR33740,0
His4:CG33879,0
His3:CG33848,0
His1:CG33849,0
His2B:CG33878,0
His2A:CG33850,0
snmRNA:430:CR33741,0
His4:CG33877,0
His3:CG33851,0
His1:CG33852,0
His2B:CG33876,0
His2A:CG33853,0
snmRNA:430:CR33742,0
His4:CG33875,0
His3:CG33854,0
His1:CG33855,0
His2B:CG33874,0
His2A:CG33856,0
snmRNA:430:CR33743,0
His4:CG33873,0
His3:CG33857,0
His1:CG33858,0
His2B:CG33872,0
His2A:CG33859,0
snmRNA:430:CR33744,0
His4:CG33871,0
His3:CG33860,0
His1:CG33861,0
His2B:CG33870,0
His2A:CG33862,0
snmRNA:430:CR33745,0
His4:CG33869,0
His3:CG33863,0
His1:CG33864,0
His2B:CG33868,109
His2A:CG33865,0
snmRNA:430:CR33746,0
His-Psi:CR33867,177
His3:CG33866,0
His-Psi:CR31614,1
Lamp1,16338
CR42545,1
nompB,103
CR42546,1
CG2201,6317
CR43148,163
Df31,4065
CR44993,7
Ac3,5714
CR43144,55
Cul2,5184
CG2225,2597
CR46066,7
eEF2,90440
snmRNA:254,0
nolo,8392
step,3719
CG1416,2178
CG31612,128
CG11630,0
CR44269,0
CR44786,0
tsh,201
CR44917,20
CR44918,0
CR44919,0
CR44920,0
CR45362,0
CR43762,0
CG11629,1
CG1421,0
CG1428,0
CG31600,0
CG11634,0
CR45334,0
CR45704,0
CR45703,1
CR44217,0
CR44803,0
CR44804,1
CG2528,7
CR44916,0
CG31693,0
tio,65
CR33987,0
CR45335,0
CG41434,0
CG31601,4
CR46202,0
CG34173,0
CG42597,0
CR31700,0
CG31702,0
ttm3,0
CG31703,0
CG15219,0
CG10834,0
CG6675,1756
CG3651,834
CycK,1490
CR43240,0
CR43241,0
CG42748,7662
dunk,0
Clamp,3219
CR44809,10
CG3635,166
Ir40a,291
CR12628,1
CR43765,0
CG3262,2008
RpL21,29150
Tif-IA,2704
CG17018,63
CR43359,0
RpL5,47204
snoRNA:Psi28S-2996,0
CG17490,0
CR46268,190
CG17493,2138
Slmap,4695
CG40006,5803
CR43927,0
CG40439,117
CG17715,999
lt,4004
CR40005,2
cta,2272
Cht10,470
Spf45,1225
CR43242,489
CG12567,2611
mir-2490,0
CR44268,26
CR46253,4
Gpb5,204
Tim23,3563
CR42530,0
CR41519,0
Pp1-Y1,0
kl-5,33
PRY,1
CR45946,0
kl-3,8
CR45947,0
kl-2,3
ARY,0
Su(Ste):CR42422,0
Su(Ste):CR42407,0
Su(Ste):CR41533,0
Su(Ste):CR42419,0
Su(Ste):CR42420,0
Su(Ste):CR42421,0
Su(Ste):CR42430,0
Su(Ste):CR42426,0
Su(Ste):CR42427,0
Su(Ste):CR42428,0
Su(Ste):CR40820,0
Su(Ste):CR42432,0
Su(Ste):CR42412,0
Su(Ste):CR42438,0
Su(Ste):CR45795,0
Su(Ste):CR45794,0
Su(Ste):CR42444,0
Su(Ste):CR42410,0
Su(Ste):CR42414,0
Su(Ste):CR42415,0
Su(Ste):CR42425,0
Su(Ste):CR42416,0
Su(Ste):CR42417,0
Su(Ste):CR45796,0
CR40629,0
Ppr-Y,36
CR40441,0
CR45931,0
WDY,5
CR45948,0
Su(Ste):CR42429,0
Su(Ste):CR42431,0
Su(Ste):CR42424,0
FDY,0
CR42201,0
CR41507,12
CR41508,0
CR41509,0
CR41506,7
CR41504,18
CR46157,0
CR46187,0
CR46158,0
CR46159,0
CR46161,0
CR46160,0
CR46162,0
CR46163,0
CR46164,0
CR46165,0
CR46166,0
CR46167,0
CR46168,0
CR46169,0
CR46170,0
CR46171,0
CR46172,0
CR46173,0
CR46174,0
CR46175,0
CR46176,0
CR46177,0
CR46178,0
CR46179,0
CR46180,0
CR46181,0
CR40601,0
CR46182,0
CG46191,0
CR46183,0
CR46184,0
CR46185,0
CR46186,0
CR46188,0
CR46189,0
CR46190,0
CR46279,0
CG46192,0
CR46150,0
CG46193,0
CR46151,0
CR41423,0
CR40801,4
CR46152,0
Mst77Y-4,0
CG45764,0
CG45765,0
CR45771,0
CG45766,0
CR45772,0
CR45773,0
Mst77Y-7,0
Mst77Y-8Psi,0
Mst77Y-9,0
CR45775,0
CR45776,0
CG45770,0
Mst77Y-13,0
CR45777,0
CR43176,0
CR45779,0
CR45780,0
Pp1-Y2,0
ORY,4
CCY,13
JYalpha,4
CR32011,1
CR32010,0
CR32009,2
PlexB,2671
CR45124,22
CR44440,7
ci,2090
CR43957,289
RpS3A,33660
snoRNA:CD-24,0
pan,11615
Ank,25248
CG32000,21302
CR43956,13
CG32006,197
CG31997,6219
CG33978,9192
CR45198,38
Arl4,2838
CG2316,6752
CR44441,8
CG31998,6958
Crk,4601
CG31999,2209
yellow-h,3600
CR46065,15
CG1674,5069
dpr7,5658
RhoGAP102A,1220
NfI,2851
CR44023,77
Syt7,8371
Rad23,5755
Zip102B,3990
CG32850,2952
PMCA,33269
Hcf,6838
dati,1094
CR45125,32
CR44027,3
mir-9385,0
CR43437,0
CR44024,2277
lgs,5669
CaMKI,16234
CR45126,162
bip2,5191
CG33941,1150
Asator,11465
zfh2,4756
Thd1,6981
CR43958,0
Pur-alpha,14824
ND-49,12711
Ephrin,5756
CG1909,6390
CR45199,8
onecut,7510
Eph,9876
mav,1453
mir-954,1
Gat,17135
Ekar,4615
CR44028,2
gw,12563
Slip1,2508
CG11360,1597
myo,6146
ey,1137
bt,39090
CR45200,4
MED26,7754
Sox102F,2850
fd102C,82
CR33797,0
CR45123,2
Gyf,11327
CR43425,78
unc-13,35597
CR44029,467
CR43361,193
eIF4G1,17304
mGluR,3073
4E-T,4415
CR45201,0
CR44030,183
fuss,233
sphinx,6
toy,3804
PlexA,11033
CR44031,93
CG11077,689
CG11076,3143
ATPsynbeta,91433
CaMKII,29476
Zyx,4650
apolpp,153487
Actbeta,3139
sv,1527
Cals,21463
Arf102F,3406
CG11155,17521
CG32017,10183
Kif3C,1334
pho,4499
CG33521,3819
PIP4K,8073
Mitf,3113
Dyrk3,5702
Cadps,20574
mt:tRNA:Ile-GAT,0
mt:tRNA:Gln-TTG,0
mt:tRNA:Met-CAT,0
mt:ND2,0
mt:tRNA:Trp-TCA,0
mt:tRNA:Cys-GCA,0
mt:tRNA:Tyr-GTA,0
mt:CoI,0
mt:tRNA:Leu-TAA,0
mt:CoII,0
mt:tRNA:Lys-CTT,0
mt:tRNA:Asp-GTC,0
mt:ATPase8,0
mt:ATPase6,0
mt:CoIII,0
mt:tRNA:Gly-TCC,0
mt:ND3,0
mt:tRNA:Ala-TGC,0
mt:tRNA:Arg-TCG,0
mt:tRNA:Asn-GTT,0
mt:tRNA:Ser-GCT,0
mt:tRNA:Glu-TTC,0
mt:tRNA:Phe-GAA,0
mt:ND5,0
mt:tRNA:His-GTG,0
mt:ND4,0
mt:ND4L,0
mt:tRNA:Thr-TGT,0
mt:tRNA:Pro-TGG,0
mt:ND6,0
mt:Cyt-b,0
mt:tRNA:Ser-TGA,0
mt:ND1,0
mt:tRNA:Leu-TAG,0
mt:lrRNA,0
mt:tRNA:Val-TAC,0
mt:srRNA,0
mt:ori,0
